family	packageId	mod	kind	defName	label	status	factions	addedTags	existingWeaponTags	existingApparelTags	reason	sourceFile
FCP	Rick.FCP.BallisticWeapons	FCP - Ballistic Weapons	weapon	FCP_Gun_10mm_Pistol	10mm Pistol	assigned	Arizona raiders; California raiders; Great Khans; Nuevo Texico raiders; caravan companies; escaped slaves and beggars; generic wastelanders; ghoul settlements; raiders; settlements	FIPW_Pool_ArizonaRaider,FIPW_Pool_CaliforniaRaider,FIPW_Pool_Caravan,FIPW_Pool_Ghoul,FIPW_Pool_GreatKhan,FIPW_Pool_NuevoTexicoRaider,FIPW_Pool_Raider,FIPW_Pool_Settler,FIPW_Pool_SlaveLowTech,FIPW_Pool_Wastelander,FIPW_Role_Sidearm,FIPW_T1_Wasteland	FCP_10mm_Pistol,FCP_Pistol,Gun			D:\Steam\steamapps\common\RimWorld\Mods\FCP-Ballistic-Weapons\1.6\Defs\WeaponDefs\Pistol_Defs.xml
FCP	Rick.FCP.BallisticWeapons	FCP - Ballistic Weapons	weapon	FCP_Gun_10mm_Pistol_MkII	10mm Pistol MkII	assigned	Arizona settlements; Caesar's Legion; California settlements; Cascadia Forged raiders; Circle of Steel; Enclave remnants; NCR; US Army-equipped forces; Whitespring Enclave; controlled and crazed vaults; rough settlements; settlement guards; super mutant forces	FIPW_Pool_CascadiaRaider,FIPW_Pool_CircleOfSteel,FIPW_Pool_Enclave,FIPW_Pool_EnclaveRemnant,FIPW_Pool_LegionNative,FIPW_Pool_LegionRegional,FIPW_Pool_NCRNative,FIPW_Pool_NCRRegional,FIPW_Pool_RoughSettler,FIPW_Pool_SettlerGuard,FIPW_Pool_SuperMutant,FIPW_Pool_USArmy,FIPW_Pool_VaultHighTech,FIPW_Role_Sidearm,FIPW_T2_Service	FCP_10mm_Pistol_MkII,FCP_Pistol,Gun			D:\Steam\steamapps\common\RimWorld\Mods\FCP-Ballistic-Weapons\1.6\Defs\WeaponDefs\Pistol_Defs.xml
FCP	Rick.FCP.BallisticWeapons	FCP - Ballistic Weapons	weapon	FCP_Gun_10mm_SMG	10mm SMG	assigned	Arizona raiders; California raiders; Great Khans; Nuevo Texico raiders; caravan companies; escaped slaves and beggars; generic wastelanders; ghoul settlements; raiders; settlements	FIPW_Pool_ArizonaRaider,FIPW_Pool_CaliforniaRaider,FIPW_Pool_Caravan,FIPW_Pool_Ghoul,FIPW_Pool_GreatKhan,FIPW_Pool_NuevoTexicoRaider,FIPW_Pool_Raider,FIPW_Pool_Settler,FIPW_Pool_SlaveLowTech,FIPW_Pool_Wastelander,FIPW_Role_SMG,FIPW_T1_Wasteland	FCP_10mm_SMG,FCP_SMG,Gun			D:\Steam\steamapps\common\RimWorld\Mods\FCP-Ballistic-Weapons\1.6\Defs\WeaponDefs\SMG_Defs.xml
FCP	Rick.FCP.BallisticWeapons	FCP - Ballistic Weapons	weapon	FCP_Gun_127mm_Pistol	12.7mm Pistol	assigned	Arizona settlements; Caesar's Legion; California settlements; Cascadia Forged raiders; Circle of Steel; Enclave remnants; NCR; US Army-equipped forces; Whitespring Enclave; controlled and crazed vaults; rough settlements; settlement guards; super mutant forces	FIPW_Pool_CascadiaRaider,FIPW_Pool_CircleOfSteel,FIPW_Pool_Enclave,FIPW_Pool_EnclaveRemnant,FIPW_Pool_LegionNative,FIPW_Pool_LegionRegional,FIPW_Pool_NCRNative,FIPW_Pool_NCRRegional,FIPW_Pool_RoughSettler,FIPW_Pool_SettlerGuard,FIPW_Pool_SuperMutant,FIPW_Pool_USArmy,FIPW_Pool_VaultHighTech,FIPW_Role_Sidearm,FIPW_T2_Service	FCP_127mm_Pistol,FCP_Pistol,Gun			D:\Steam\steamapps\common\RimWorld\Mods\FCP-Ballistic-Weapons\1.6\Defs\WeaponDefs\Pistol_Defs.xml
FCP	Rick.FCP.BallisticWeapons	FCP - Ballistic Weapons	weapon	FCP_Gun_127mm_SMG	12.7mm SMG	assigned	Arizona settlements; Caesar's Legion; California settlements; Cascadia Forged raiders; Circle of Steel; Enclave remnants; NCR; US Army-equipped forces; Whitespring Enclave; controlled and crazed vaults; rough settlements; settlement guards; super mutant forces	FIPW_Pool_CascadiaRaider,FIPW_Pool_CircleOfSteel,FIPW_Pool_Enclave,FIPW_Pool_EnclaveRemnant,FIPW_Pool_LegionNative,FIPW_Pool_LegionRegional,FIPW_Pool_NCRNative,FIPW_Pool_NCRRegional,FIPW_Pool_RoughSettler,FIPW_Pool_SettlerGuard,FIPW_Pool_SuperMutant,FIPW_Pool_USArmy,FIPW_Pool_VaultHighTech,FIPW_Role_SMG,FIPW_T2_Service	FCP_127mm_SMG,FCP_SMG,Gun			D:\Steam\steamapps\common\RimWorld\Mods\FCP-Ballistic-Weapons\1.6\Defs\WeaponDefs\SMG_Defs.xml
FCP	Rick.FCP.BallisticWeapons	FCP - Ballistic Weapons	weapon	FCP_Gun_14mm_Pistol	14mm Pistol	assigned	Arizona settlements; Caesar's Legion; California settlements; Cascadia Forged raiders; Circle of Steel; Enclave remnants; NCR; US Army-equipped forces; Whitespring Enclave; controlled and crazed vaults; rough settlements; settlement guards; super mutant forces	FIPW_Pool_CascadiaRaider,FIPW_Pool_CircleOfSteel,FIPW_Pool_Enclave,FIPW_Pool_EnclaveRemnant,FIPW_Pool_LegionNative,FIPW_Pool_LegionRegional,FIPW_Pool_NCRNative,FIPW_Pool_NCRRegional,FIPW_Pool_RoughSettler,FIPW_Pool_SettlerGuard,FIPW_Pool_SuperMutant,FIPW_Pool_USArmy,FIPW_Pool_VaultHighTech,FIPW_Role_Sidearm,FIPW_T2_Service	FCP_14mm_Pistol,FCP_Pistol,Gun			D:\Steam\steamapps\common\RimWorld\Mods\FCP-Ballistic-Weapons\1.6\Defs\WeaponDefs\Pistol_Defs.xml
FCP	Rick.FCP.BallisticWeapons	FCP - Ballistic Weapons	weapon	FCP_Gun_223_Pistol	.223 Pistol	assigned	Arizona settlements; Caesar's Legion; California settlements; Cascadia Forged raiders; Circle of Steel; Enclave remnants; NCR; US Army-equipped forces; Whitespring Enclave; controlled and crazed vaults; rough settlements; settlement guards; super mutant forces	FIPW_Pool_CascadiaRaider,FIPW_Pool_CircleOfSteel,FIPW_Pool_Enclave,FIPW_Pool_EnclaveRemnant,FIPW_Pool_LegionNative,FIPW_Pool_LegionRegional,FIPW_Pool_NCRNative,FIPW_Pool_NCRRegional,FIPW_Pool_RoughSettler,FIPW_Pool_SettlerGuard,FIPW_Pool_SuperMutant,FIPW_Pool_USArmy,FIPW_Pool_VaultHighTech,FIPW_Role_Sidearm,FIPW_T2_Service	FCP_223_Pistol,FCP_Pistol,Gun			D:\Steam\steamapps\common\RimWorld\Mods\FCP-Ballistic-Weapons\1.6\Defs\WeaponDefs\Pistol_Defs.xml
FCP	Rick.FCP.BallisticWeapons	FCP - Ballistic Weapons	weapon	FCP_Gun_223_Rangemaster	.223 Rangemaster Rifle	assigned	Arizona raiders; California raiders; Great Khans; Nuevo Texico raiders; caravan companies; escaped slaves and beggars; generic wastelanders; ghoul settlements; raiders; settlements	FIPW_Pool_ArizonaRaider,FIPW_Pool_CaliforniaRaider,FIPW_Pool_Caravan,FIPW_Pool_Ghoul,FIPW_Pool_GreatKhan,FIPW_Pool_NuevoTexicoRaider,FIPW_Pool_Raider,FIPW_Pool_Settler,FIPW_Pool_SlaveLowTech,FIPW_Pool_Wastelander,FIPW_Role_Rifle,FIPW_T1_Wasteland	FCP_223_RangeMaster,Gun			D:\Steam\steamapps\common\RimWorld\Mods\FCP-Ballistic-Weapons\1.6\Defs\WeaponDefs\Rifle_Defs.xml
FCP	Rick.FCP.BallisticWeapons	FCP - Ballistic Weapons	weapon	FCP_Gun_223_Rifle	.223 Rifle	assigned	Arizona raiders; California raiders; Great Khans; Nuevo Texico raiders; caravan companies; escaped slaves and beggars; generic wastelanders; ghoul settlements; raiders; settlements	FIPW_Pool_ArizonaRaider,FIPW_Pool_CaliforniaRaider,FIPW_Pool_Caravan,FIPW_Pool_Ghoul,FIPW_Pool_GreatKhan,FIPW_Pool_NuevoTexicoRaider,FIPW_Pool_Raider,FIPW_Pool_Settler,FIPW_Pool_SlaveLowTech,FIPW_Pool_Wastelander,FIPW_Role_Rifle,FIPW_T1_Wasteland	FCP_223_Rifle,FCP_Rifle,Gun			D:\Steam\steamapps\common\RimWorld\Mods\FCP-Ballistic-Weapons\1.6\Defs\WeaponDefs\Rifle_Defs.xml
FCP	Rick.FCP.BallisticWeapons	FCP - Ballistic Weapons	weapon	FCP_Gun_32_Hunting_Rifle	.32 Hunting Rifle	assigned	Arizona raiders; California raiders; Great Khans; Nova Arizona frontier; Nuevo Texico frontier; Nuevo Texico raiders; caravan companies; escaped slaves and beggars; generic wastelanders; ghoul settlements; raiders; settlements	FIPW_Pool_ArizonaCowboy,FIPW_Pool_ArizonaRaider,FIPW_Pool_CaliforniaRaider,FIPW_Pool_Caravan,FIPW_Pool_Ghoul,FIPW_Pool_GreatKhan,FIPW_Pool_NuevoTexicoFrontier,FIPW_Pool_NuevoTexicoRaider,FIPW_Pool_Raider,FIPW_Pool_Settler,FIPW_Pool_SlaveLowTech,FIPW_Pool_Wastelander,FIPW_Role_Rifle,FIPW_T1_Wasteland	FCP_32_Hunting_Rifle,FCP_Rifle,Gun			D:\Steam\steamapps\common\RimWorld\Mods\FCP-Ballistic-Weapons\1.6\Defs\WeaponDefs\Rifle_Defs.xml
FCP	Rick.FCP.BallisticWeapons	FCP - Ballistic Weapons	weapon	FCP_Gun_357_Revolver	.357 Revolver	assigned	Arizona raiders; California raiders; Great Khans; Nova Arizona frontier; Nuevo Texico frontier; Nuevo Texico raiders; caravan companies; escaped slaves and beggars; generic wastelanders; ghoul settlements; raiders; settlements	FIPW_Pool_ArizonaCowboy,FIPW_Pool_ArizonaRaider,FIPW_Pool_CaliforniaRaider,FIPW_Pool_Caravan,FIPW_Pool_Ghoul,FIPW_Pool_GreatKhan,FIPW_Pool_NuevoTexicoFrontier,FIPW_Pool_NuevoTexicoRaider,FIPW_Pool_Raider,FIPW_Pool_Settler,FIPW_Pool_SlaveLowTech,FIPW_Pool_Wastelander,FIPW_Role_Sidearm,FIPW_T1_Wasteland	FCP_357_Revolver,FCP_Revolver,Gun			D:\Steam\steamapps\common\RimWorld\Mods\FCP-Ballistic-Weapons\1.6\Defs\WeaponDefs\Revolver_Defs.xml
FCP	Rick.FCP.BallisticWeapons	FCP - Ballistic Weapons	weapon	FCP_Gun_44Magnum_Revolver	.44 Magnum Revolver	assigned	Arizona raiders; California raiders; Great Khans; Nova Arizona frontier; Nuevo Texico frontier; Nuevo Texico raiders; caravan companies; escaped slaves and beggars; generic wastelanders; ghoul settlements; raiders; settlements	FIPW_Pool_ArizonaCowboy,FIPW_Pool_ArizonaRaider,FIPW_Pool_CaliforniaRaider,FIPW_Pool_Caravan,FIPW_Pool_Ghoul,FIPW_Pool_GreatKhan,FIPW_Pool_NuevoTexicoFrontier,FIPW_Pool_NuevoTexicoRaider,FIPW_Pool_Raider,FIPW_Pool_Settler,FIPW_Pool_SlaveLowTech,FIPW_Pool_Wastelander,FIPW_Role_Sidearm,FIPW_T1_Wasteland	FCP_44Magnum_Revolver,FCP_Revolver,Gun			D:\Steam\steamapps\common\RimWorld\Mods\FCP-Ballistic-Weapons\1.6\Defs\WeaponDefs\Revolver_Defs.xml
FCP	Rick.FCP.BallisticWeapons	FCP - Ballistic Weapons	weapon	FCP_Gun_45_Auto_Pistol	.45 Auto Pistol	assigned	Arizona raiders; California raiders; Great Khans; Nuevo Texico raiders; caravan companies; escaped slaves and beggars; generic wastelanders; ghoul settlements; raiders; settlements	FIPW_Pool_ArizonaRaider,FIPW_Pool_CaliforniaRaider,FIPW_Pool_Caravan,FIPW_Pool_Ghoul,FIPW_Pool_GreatKhan,FIPW_Pool_NuevoTexicoRaider,FIPW_Pool_Raider,FIPW_Pool_Settler,FIPW_Pool_SlaveLowTech,FIPW_Pool_Wastelander,FIPW_Role_Sidearm,FIPW_T1_Wasteland	FCP_45_Auto_Pistol,FCP_Pistol,Gun			D:\Steam\steamapps\common\RimWorld\Mods\FCP-Ballistic-Weapons\1.6\Defs\WeaponDefs\Pistol_Defs.xml
FCP	Rick.FCP.BallisticWeapons	FCP - Ballistic Weapons	weapon	FCP_Gun_45_Auto_SMG	.45 Auto Submachine Gun	assigned	Arizona raiders; California raiders; Great Khans; Nuevo Texico raiders; caravan companies; escaped slaves and beggars; generic wastelanders; ghoul settlements; raiders; settlements	FIPW_Pool_ArizonaRaider,FIPW_Pool_CaliforniaRaider,FIPW_Pool_Caravan,FIPW_Pool_Ghoul,FIPW_Pool_GreatKhan,FIPW_Pool_NuevoTexicoRaider,FIPW_Pool_Raider,FIPW_Pool_Settler,FIPW_Pool_SlaveLowTech,FIPW_Pool_Wastelander,FIPW_Role_Heavy,FIPW_T1_Wasteland	FCP_45_Auto_SMG,FCP_SMG,Gun			D:\Steam\steamapps\common\RimWorld\Mods\FCP-Ballistic-Weapons\1.6\Defs\WeaponDefs\SMG_Defs.xml
FCP	Rick.FCP.BallisticWeapons	FCP - Ballistic Weapons	weapon	FCP_Gun_50_Cal_MG	.50 Cal Machine Gun	assigned	Circle of Steel; Enclave remnants; US Army-equipped forces; Whitespring Enclave; controlled and crazed vaults; rough settlements; settlement guards; super mutant forces	FIPW_Pool_CircleOfSteel,FIPW_Pool_Enclave,FIPW_Pool_EnclaveRemnant,FIPW_Pool_RoughSettler,FIPW_Pool_SettlerGuard,FIPW_Pool_SuperMutant,FIPW_Pool_USArmy,FIPW_Pool_VaultHighTech,FIPW_Role_Heavy,FIPW_T3_Advanced	FCP_50_Cal_MG,FCP_Power_Armor_Required,Gun			D:\Steam\steamapps\common\RimWorld\Mods\FCP-Ballistic-Weapons\1.6\Defs\WeaponDefs\Heavy_Weapon_Defs.xml
FCP	Rick.FCP.BallisticWeapons	FCP - Ballistic Weapons	weapon	FCP_Gun_556_Pistol	5.56mm Pistol	assigned	Arizona settlements; Caesar's Legion; California settlements; Cascadia Forged raiders; Circle of Steel; Enclave remnants; NCR; US Army-equipped forces; Whitespring Enclave; controlled and crazed vaults; rough settlements; settlement guards; super mutant forces	FIPW_Pool_CascadiaRaider,FIPW_Pool_CircleOfSteel,FIPW_Pool_Enclave,FIPW_Pool_EnclaveRemnant,FIPW_Pool_LegionNative,FIPW_Pool_LegionRegional,FIPW_Pool_NCRNative,FIPW_Pool_NCRRegional,FIPW_Pool_RoughSettler,FIPW_Pool_SettlerGuard,FIPW_Pool_SuperMutant,FIPW_Pool_USArmy,FIPW_Pool_VaultHighTech,FIPW_Role_Sidearm,FIPW_T2_Service	FCP_556_Pistol,FCP_Pistol,Gun			D:\Steam\steamapps\common\RimWorld\Mods\FCP-Ballistic-Weapons\1.6\Defs\WeaponDefs\Pistol_Defs.xml
FCP	Rick.FCP.BallisticWeapons	FCP - Ballistic Weapons	weapon	FCP_Gun_9mm_Pistol	9mm Pistol	assigned	Arizona raiders; California raiders; Great Khans; Nuevo Texico raiders; caravan companies; escaped slaves and beggars; generic wastelanders; ghoul settlements; raiders; settlements	FIPW_Pool_ArizonaRaider,FIPW_Pool_CaliforniaRaider,FIPW_Pool_Caravan,FIPW_Pool_Ghoul,FIPW_Pool_GreatKhan,FIPW_Pool_NuevoTexicoRaider,FIPW_Pool_Raider,FIPW_Pool_Settler,FIPW_Pool_SlaveLowTech,FIPW_Pool_Wastelander,FIPW_Role_Sidearm,FIPW_T1_Wasteland	FCP_9mm_Pistol,FCP_Pistol,Gun			D:\Steam\steamapps\common\RimWorld\Mods\FCP-Ballistic-Weapons\1.6\Defs\WeaponDefs\Pistol_Defs.xml
FCP	Rick.FCP.BallisticWeapons	FCP - Ballistic Weapons	weapon	FCP_Gun_9mm_SMG	9mm SMG	assigned	Arizona raiders; California raiders; Great Khans; Nuevo Texico raiders; caravan companies; escaped slaves and beggars; generic wastelanders; ghoul settlements; raiders; settlements	FIPW_Pool_ArizonaRaider,FIPW_Pool_CaliforniaRaider,FIPW_Pool_Caravan,FIPW_Pool_Ghoul,FIPW_Pool_GreatKhan,FIPW_Pool_NuevoTexicoRaider,FIPW_Pool_Raider,FIPW_Pool_Settler,FIPW_Pool_SlaveLowTech,FIPW_Pool_Wastelander,FIPW_Role_SMG,FIPW_T1_Wasteland	FCP_9mm_SMG,FCP_SMG,Gun			D:\Steam\steamapps\common\RimWorld\Mods\FCP-Ballistic-Weapons\1.6\Defs\WeaponDefs\SMG_Defs.xml
FCP	Rick.FCP.BallisticWeapons	FCP - Ballistic Weapons	weapon	FCP_Gun_AbileneKidLEBBGun	Abilene Kid LE BB Gun	unique_or_quest_only		FIPW_Role_Other,FIPW_Unique			Named FCP weapon; deliberately excluded from random faction pools.	D:\Steam\steamapps\common\RimWorld\Mods\FCP-Ballistic-Weapons\1.6\Defs\WeaponDefs\Unique_Defs.xml
FCP	Rick.FCP.BallisticWeapons	FCP - Ballistic Weapons	weapon	FCP_Gun_AK_112_AR	AK-112 Assault Rifle	assigned	Arizona settlements; Caesar's Legion; California settlements; Cascadia Forged raiders; Circle of Steel; Enclave remnants; NCR; US Army-equipped forces; Whitespring Enclave; controlled and crazed vaults; rough settlements; settlement guards; super mutant forces	FIPW_Pool_CascadiaRaider,FIPW_Pool_CircleOfSteel,FIPW_Pool_Enclave,FIPW_Pool_EnclaveRemnant,FIPW_Pool_LegionNative,FIPW_Pool_LegionRegional,FIPW_Pool_NCRNative,FIPW_Pool_NCRRegional,FIPW_Pool_RoughSettler,FIPW_Pool_SettlerGuard,FIPW_Pool_SuperMutant,FIPW_Pool_USArmy,FIPW_Pool_VaultHighTech,FIPW_Role_Assault,FIPW_T2_Service	FCP_AK_112,FCP_Assault_Rifle,Gun			D:\Steam\steamapps\common\RimWorld\Mods\FCP-Ballistic-Weapons\1.6\Defs\WeaponDefs\Assault_Rifle_Defs.xml
FCP	Rick.FCP.BallisticWeapons	FCP - Ballistic Weapons	weapon	FCP_Gun_AllAmerican	All-American	unique_or_quest_only		FIPW_Role_Other,FIPW_Unique			Named FCP weapon; deliberately excluded from random faction pools.	D:\Steam\steamapps\common\RimWorld\Mods\FCP-Ballistic-Weapons\1.6\Defs\WeaponDefs\Unique_Defs.xml
FCP	Rick.FCP.BallisticWeapons	FCP - Ballistic Weapons	weapon	FCP_Gun_Anti_Material_Rifle	Anti-Materiel Rifle	assigned	Arizona settlements; Caesar's Legion; California settlements; Cascadia Forged raiders; Circle of Steel; Enclave remnants; NCR; US Army-equipped forces; Whitespring Enclave; controlled and crazed vaults; rough settlements; settlement guards; super mutant forces	FIPW_Pool_CascadiaRaider,FIPW_Pool_CircleOfSteel,FIPW_Pool_Enclave,FIPW_Pool_EnclaveRemnant,FIPW_Pool_LegionNative,FIPW_Pool_LegionRegional,FIPW_Pool_NCRNative,FIPW_Pool_NCRRegional,FIPW_Pool_RoughSettler,FIPW_Pool_SettlerGuard,FIPW_Pool_SuperMutant,FIPW_Pool_USArmy,FIPW_Pool_VaultHighTech,FIPW_Role_Sniper,FIPW_T2_Service	FCP_Anti_Material_Rifle,FCP_Sniper_Rifle,Gun			D:\Steam\steamapps\common\RimWorld\Mods\FCP-Ballistic-Weapons\1.6\Defs\WeaponDefs\Sniper_Rifle_Defs.xml
FCP	Rick.FCP.BallisticWeapons	FCP - Ballistic Weapons	weapon	FCP_Gun_Assault_Carbine	Assault Carbine	assigned	Arizona settlements; Caesar's Legion; California settlements; Cascadia Forged raiders; Circle of Steel; Enclave remnants; NCR; US Army-equipped forces; Whitespring Enclave; controlled and crazed vaults; rough settlements; settlement guards; super mutant forces	FIPW_Pool_CascadiaRaider,FIPW_Pool_CircleOfSteel,FIPW_Pool_Enclave,FIPW_Pool_EnclaveRemnant,FIPW_Pool_LegionNative,FIPW_Pool_LegionRegional,FIPW_Pool_NCRNative,FIPW_Pool_NCRRegional,FIPW_Pool_RoughSettler,FIPW_Pool_SettlerGuard,FIPW_Pool_SuperMutant,FIPW_Pool_USArmy,FIPW_Pool_VaultHighTech,FIPW_Role_Assault,FIPW_T2_Service	FCP_Assault_Carbine,FCP_Assault_Rifle,Gun			D:\Steam\steamapps\common\RimWorld\Mods\FCP-Ballistic-Weapons\1.6\Defs\WeaponDefs\Assault_Rifle_Defs.xml
FCP	Rick.FCP.BallisticWeapons	FCP - Ballistic Weapons	weapon	FCP_Gun_Automatic_Rifle	Automatic Rifle	assigned	Arizona settlements; Caesar's Legion; California settlements; Cascadia Forged raiders; Circle of Steel; Enclave remnants; NCR; US Army-equipped forces; Whitespring Enclave; controlled and crazed vaults; rough settlements; settlement guards; super mutant forces	FIPW_Pool_CascadiaRaider,FIPW_Pool_CircleOfSteel,FIPW_Pool_Enclave,FIPW_Pool_EnclaveRemnant,FIPW_Pool_LegionNative,FIPW_Pool_LegionRegional,FIPW_Pool_NCRNative,FIPW_Pool_NCRRegional,FIPW_Pool_RoughSettler,FIPW_Pool_SettlerGuard,FIPW_Pool_SuperMutant,FIPW_Pool_USArmy,FIPW_Pool_VaultHighTech,FIPW_Role_Assault,FIPW_T2_Service	FCP_Assault_Rifle,FCP_Automatic_Rifle,Gun			D:\Steam\steamapps\common\RimWorld\Mods\FCP-Ballistic-Weapons\1.6\Defs\WeaponDefs\Assault_Rifle_Defs.xml
FCP	Rick.FCP.BallisticWeapons	FCP - Ballistic Weapons	weapon	FCP_Gun_Battle_Rifle	Battle Rifle	assigned	Arizona settlements; Caesar's Legion; California settlements; Cascadia Forged raiders; Circle of Steel; Enclave remnants; NCR; US Army-equipped forces; Whitespring Enclave; controlled and crazed vaults; rough settlements; settlement guards; super mutant forces	FIPW_Pool_CascadiaRaider,FIPW_Pool_CircleOfSteel,FIPW_Pool_Enclave,FIPW_Pool_EnclaveRemnant,FIPW_Pool_LegionNative,FIPW_Pool_LegionRegional,FIPW_Pool_NCRNative,FIPW_Pool_NCRRegional,FIPW_Pool_RoughSettler,FIPW_Pool_SettlerGuard,FIPW_Pool_SuperMutant,FIPW_Pool_USArmy,FIPW_Pool_VaultHighTech,FIPW_Role_Assault,FIPW_T2_Service	FCP_Battle_Rifle,FCP_Rifle,Gun			D:\Steam\steamapps\common\RimWorld\Mods\FCP-Ballistic-Weapons\1.6\Defs\WeaponDefs\Rifle_Defs.xml
FCP	Rick.FCP.BallisticWeapons	FCP - Ballistic Weapons	weapon	FCP_Gun_BB_Gun	BB Gun	assigned	Arizona raiders; California raiders; Great Khans; Nuevo Texico raiders; caravan companies; escaped slaves and beggars; generic wastelanders; ghoul settlements; raiders; settlements	FIPW_Pool_ArizonaRaider,FIPW_Pool_CaliforniaRaider,FIPW_Pool_Caravan,FIPW_Pool_Ghoul,FIPW_Pool_GreatKhan,FIPW_Pool_NuevoTexicoRaider,FIPW_Pool_Raider,FIPW_Pool_Settler,FIPW_Pool_SlaveLowTech,FIPW_Pool_Wastelander,FIPW_Role_Rifle,FIPW_T1_Wasteland	FCP_BB_Gun,FCP_Rifle,Gun			D:\Steam\steamapps\common\RimWorld\Mods\FCP-Ballistic-Weapons\1.6\Defs\WeaponDefs\Rifle_Defs.xml
FCP	Rick.FCP.BallisticWeapons	FCP - Ballistic Weapons	weapon	FCP_Gun_BigBoomer	Big Boomer	unique_or_quest_only		FIPW_Role_Other,FIPW_Unique			Named FCP weapon; deliberately excluded from random faction pools.	D:\Steam\steamapps\common\RimWorld\Mods\FCP-Ballistic-Weapons\1.6\Defs\WeaponDefs\Unique_Defs.xml
FCP	Rick.FCP.BallisticWeapons	FCP - Ballistic Weapons	weapon	FCP_Gun_Bozar	Bozar	unique_or_quest_only		FIPW_Role_Heavy,FIPW_Unique			Named FCP weapon; deliberately excluded from random faction pools.	D:\Steam\steamapps\common\RimWorld\Mods\FCP-Ballistic-Weapons\1.6\Defs\WeaponDefs\Unique_Defs.xml
FCP	Rick.FCP.BallisticWeapons	FCP - Ballistic Weapons	weapon	FCP_Gun_Brush_Gun	Brush Gun	assigned	Arizona raiders; California raiders; Great Khans; Nova Arizona frontier; Nuevo Texico frontier; Nuevo Texico raiders; caravan companies; escaped slaves and beggars; generic wastelanders; ghoul settlements; raiders; settlements	FIPW_Pool_ArizonaCowboy,FIPW_Pool_ArizonaRaider,FIPW_Pool_CaliforniaRaider,FIPW_Pool_Caravan,FIPW_Pool_Ghoul,FIPW_Pool_GreatKhan,FIPW_Pool_NuevoTexicoFrontier,FIPW_Pool_NuevoTexicoRaider,FIPW_Pool_Raider,FIPW_Pool_Settler,FIPW_Pool_SlaveLowTech,FIPW_Pool_Wastelander,FIPW_Role_Rifle,FIPW_T1_Wasteland	FCP_Brush_Gun,FCP_Rifle,Gun			D:\Steam\steamapps\common\RimWorld\Mods\FCP-Ballistic-Weapons\1.6\Defs\WeaponDefs\Rifle_Defs.xml
FCP	Rick.FCP.BallisticWeapons	FCP - Ballistic Weapons	weapon	FCP_Gun_Caravan_Shotgun	Caravan Shotgun	assigned	Arizona raiders; California raiders; Great Khans; Nuevo Texico raiders; caravan companies; escaped slaves and beggars; generic wastelanders; ghoul settlements; raiders; settlements	FIPW_Pool_ArizonaRaider,FIPW_Pool_CaliforniaRaider,FIPW_Pool_Caravan,FIPW_Pool_Ghoul,FIPW_Pool_GreatKhan,FIPW_Pool_NuevoTexicoRaider,FIPW_Pool_Raider,FIPW_Pool_Settler,FIPW_Pool_SlaveLowTech,FIPW_Pool_Wastelander,FIPW_Role_Shotgun,FIPW_T1_Wasteland	FCP_Caravan_Shotgun,FCP_Shotgun,Gun			D:\Steam\steamapps\common\RimWorld\Mods\FCP-Ballistic-Weapons\1.6\Defs\WeaponDefs\Shotgun_Defs.xml
FCP	Rick.FCP.BallisticWeapons	FCP - Ballistic Weapons	weapon	FCP_Gun_Chinese_Assault_Rifle	Chinese Assault Rifle	assigned	Arizona settlements; Caesar's Legion; California settlements; Cascadia Forged raiders; Circle of Steel; Enclave remnants; NCR; US Army-equipped forces; Whitespring Enclave; controlled and crazed vaults; rough settlements; settlement guards; super mutant forces	FIPW_Pool_CascadiaRaider,FIPW_Pool_CircleOfSteel,FIPW_Pool_Enclave,FIPW_Pool_EnclaveRemnant,FIPW_Pool_LegionNative,FIPW_Pool_LegionRegional,FIPW_Pool_NCRNative,FIPW_Pool_NCRRegional,FIPW_Pool_RoughSettler,FIPW_Pool_SettlerGuard,FIPW_Pool_SuperMutant,FIPW_Pool_USArmy,FIPW_Pool_VaultHighTech,FIPW_Role_Assault,FIPW_T2_Service	FCP_Assault_Rifle,FCP_Chinese_Assault_Rifle,Gun			D:\Steam\steamapps\common\RimWorld\Mods\FCP-Ballistic-Weapons\1.6\Defs\WeaponDefs\Assault_Rifle_Defs.xml
FCP	Rick.FCP.BallisticWeapons	FCP - Ballistic Weapons	weapon	FCP_Gun_Chinese_Pistol	Chinese Pistol	assigned	Arizona raiders; California raiders; Great Khans; Nuevo Texico raiders; caravan companies; escaped slaves and beggars; generic wastelanders; ghoul settlements; raiders; settlements	FIPW_Pool_ArizonaRaider,FIPW_Pool_CaliforniaRaider,FIPW_Pool_Caravan,FIPW_Pool_Ghoul,FIPW_Pool_GreatKhan,FIPW_Pool_NuevoTexicoRaider,FIPW_Pool_Raider,FIPW_Pool_Settler,FIPW_Pool_SlaveLowTech,FIPW_Pool_Wastelander,FIPW_Role_Sidearm,FIPW_T1_Wasteland	FCP_Chinese_Pistol,FCP_Pistol,Gun			D:\Steam\steamapps\common\RimWorld\Mods\FCP-Ballistic-Weapons\1.6\Defs\WeaponDefs\Pistol_Defs.xml
FCP	Rick.FCP.BallisticWeapons	FCP - Ballistic Weapons	weapon	FCP_Gun_ChunkyBoi	Chunky Boi	assigned	Circle of Steel; Enclave remnants; US Army-equipped forces; Whitespring Enclave; controlled and crazed vaults; rough settlements; settlement guards; super mutant forces	FIPW_Pool_CircleOfSteel,FIPW_Pool_Enclave,FIPW_Pool_EnclaveRemnant,FIPW_Pool_RoughSettler,FIPW_Pool_SettlerGuard,FIPW_Pool_SuperMutant,FIPW_Pool_USArmy,FIPW_Pool_VaultHighTech,FIPW_Role_Other,FIPW_T3_Advanced	Gun			D:\Steam\steamapps\common\RimWorld\Mods\FCP-Ballistic-Weapons\1.6\Defs\WeaponDefs\Heavy_Weapon_Defs.xml
FCP	Rick.FCP.BallisticWeapons	FCP - Ballistic Weapons	weapon	FCP_Gun_Citykiller	Citykiller Shotgun	assigned	Arizona settlements; Caesar's Legion; California settlements; Cascadia Forged raiders; Circle of Steel; Enclave remnants; NCR; US Army-equipped forces; Whitespring Enclave; controlled and crazed vaults; rough settlements; settlement guards; super mutant forces	FIPW_Pool_CascadiaRaider,FIPW_Pool_CircleOfSteel,FIPW_Pool_Enclave,FIPW_Pool_EnclaveRemnant,FIPW_Pool_LegionNative,FIPW_Pool_LegionRegional,FIPW_Pool_NCRNative,FIPW_Pool_NCRRegional,FIPW_Pool_RoughSettler,FIPW_Pool_SettlerGuard,FIPW_Pool_SuperMutant,FIPW_Pool_USArmy,FIPW_Pool_VaultHighTech,FIPW_Role_Shotgun,FIPW_T2_Service	FCP_Citykiller,FCP_Shotgun,Gun			D:\Steam\steamapps\common\RimWorld\Mods\FCP-Ballistic-Weapons\1.6\Defs\WeaponDefs\Shotgun_Defs.xml
FCP	Rick.FCP.BallisticWeapons	FCP - Ballistic Weapons	weapon	FCP_Gun_Colt_6520_Pistol	Colt 6520	assigned	Arizona raiders; California raiders; Great Khans; Nuevo Texico raiders; caravan companies; escaped slaves and beggars; generic wastelanders; ghoul settlements; raiders; settlements	FIPW_Pool_ArizonaRaider,FIPW_Pool_CaliforniaRaider,FIPW_Pool_Caravan,FIPW_Pool_Ghoul,FIPW_Pool_GreatKhan,FIPW_Pool_NuevoTexicoRaider,FIPW_Pool_Raider,FIPW_Pool_Settler,FIPW_Pool_SlaveLowTech,FIPW_Pool_Wastelander,FIPW_Role_Sidearm,FIPW_T1_Wasteland	FCP_Colt_6520,FCP_Pistol,Gun			D:\Steam\steamapps\common\RimWorld\Mods\FCP-Ballistic-Weapons\1.6\Defs\WeaponDefs\Pistol_Defs.xml
FCP	Rick.FCP.BallisticWeapons	FCP - Ballistic Weapons	weapon	FCP_Gun_Combat_Rifle_Standard	Combat Rifle	assigned	Arizona settlements; Caesar's Legion; California settlements; Cascadia Forged raiders; Circle of Steel; Enclave remnants; NCR; US Army-equipped forces; Whitespring Enclave; controlled and crazed vaults; rough settlements; settlement guards; super mutant forces	FIPW_Pool_CascadiaRaider,FIPW_Pool_CircleOfSteel,FIPW_Pool_Enclave,FIPW_Pool_EnclaveRemnant,FIPW_Pool_LegionNative,FIPW_Pool_LegionRegional,FIPW_Pool_NCRNative,FIPW_Pool_NCRRegional,FIPW_Pool_RoughSettler,FIPW_Pool_SettlerGuard,FIPW_Pool_SuperMutant,FIPW_Pool_USArmy,FIPW_Pool_VaultHighTech,FIPW_Role_Assault,FIPW_T2_Service	FCP_Combat_Rifle,FCP_Rifle,Gun			D:\Steam\steamapps\common\RimWorld\Mods\FCP-Ballistic-Weapons\1.6\Defs\WeaponDefs\Rifle_Defs.xml
FCP	Rick.FCP.BallisticWeapons	FCP - Ballistic Weapons	weapon	FCP_Gun_Combat_Shotgun	Combat Shotgun	assigned	Arizona settlements; Caesar's Legion; California settlements; Cascadia Forged raiders; Circle of Steel; Enclave remnants; NCR; US Army-equipped forces; Whitespring Enclave; controlled and crazed vaults; rough settlements; settlement guards; super mutant forces	FIPW_Pool_CascadiaRaider,FIPW_Pool_CircleOfSteel,FIPW_Pool_Enclave,FIPW_Pool_EnclaveRemnant,FIPW_Pool_LegionNative,FIPW_Pool_LegionRegional,FIPW_Pool_NCRNative,FIPW_Pool_NCRRegional,FIPW_Pool_RoughSettler,FIPW_Pool_SettlerGuard,FIPW_Pool_SuperMutant,FIPW_Pool_USArmy,FIPW_Pool_VaultHighTech,FIPW_Role_Shotgun,FIPW_T2_Service	FCP_Combat_Shotgun,FCP_Shotgun,Gun			D:\Steam\steamapps\common\RimWorld\Mods\FCP-Ballistic-Weapons\1.6\Defs\WeaponDefs\Shotgun_Defs.xml
FCP	Rick.FCP.BallisticWeapons	FCP - Ballistic Weapons	weapon	FCP_Gun_Combat_Shotgun_MkII	Combat Shotgun MkII	assigned	Arizona settlements; Caesar's Legion; California settlements; Cascadia Forged raiders; Circle of Steel; Enclave remnants; NCR; US Army-equipped forces; Whitespring Enclave; controlled and crazed vaults; rough settlements; settlement guards; super mutant forces	FIPW_Pool_CascadiaRaider,FIPW_Pool_CircleOfSteel,FIPW_Pool_Enclave,FIPW_Pool_EnclaveRemnant,FIPW_Pool_LegionNative,FIPW_Pool_LegionRegional,FIPW_Pool_NCRNative,FIPW_Pool_NCRRegional,FIPW_Pool_RoughSettler,FIPW_Pool_SettlerGuard,FIPW_Pool_SuperMutant,FIPW_Pool_USArmy,FIPW_Pool_VaultHighTech,FIPW_Role_Shotgun,FIPW_T2_Service	FCP_Combat_Shotgun_MkII,FCP_Shotgun,Gun			D:\Steam\steamapps\common\RimWorld\Mods\FCP-Ballistic-Weapons\1.6\Defs\WeaponDefs\Shotgun_Defs.xml
FCP	Rick.FCP.BallisticWeapons	FCP - Ballistic Weapons	weapon	FCP_Gun_Cowboy_Repeater	Cowboy Repeater	assigned	Arizona raiders; California raiders; Great Khans; Nova Arizona frontier; Nuevo Texico frontier; Nuevo Texico raiders; caravan companies; escaped slaves and beggars; generic wastelanders; ghoul settlements; raiders; settlements	FIPW_Pool_ArizonaCowboy,FIPW_Pool_ArizonaRaider,FIPW_Pool_CaliforniaRaider,FIPW_Pool_Caravan,FIPW_Pool_Ghoul,FIPW_Pool_GreatKhan,FIPW_Pool_NuevoTexicoFrontier,FIPW_Pool_NuevoTexicoRaider,FIPW_Pool_Raider,FIPW_Pool_Settler,FIPW_Pool_SlaveLowTech,FIPW_Pool_Wastelander,FIPW_Role_Rifle,FIPW_T1_Wasteland	FCP_Cowboy_Repeater,FCP_Rifle,Gun			D:\Steam\steamapps\common\RimWorld\Mods\FCP-Ballistic-Weapons\1.6\Defs\WeaponDefs\Rifle_Defs.xml
FCP	Rick.FCP.BallisticWeapons	FCP - Ballistic Weapons	weapon	FCP_Gun_Deagle	Deagle	assigned	Arizona settlements; Caesar's Legion; California settlements; Cascadia Forged raiders; Circle of Steel; Enclave remnants; NCR; US Army-equipped forces; Whitespring Enclave; controlled and crazed vaults; rough settlements; settlement guards; super mutant forces	FIPW_Pool_CascadiaRaider,FIPW_Pool_CircleOfSteel,FIPW_Pool_Enclave,FIPW_Pool_EnclaveRemnant,FIPW_Pool_LegionNative,FIPW_Pool_LegionRegional,FIPW_Pool_NCRNative,FIPW_Pool_NCRRegional,FIPW_Pool_RoughSettler,FIPW_Pool_SettlerGuard,FIPW_Pool_SuperMutant,FIPW_Pool_USArmy,FIPW_Pool_VaultHighTech,FIPW_Role_Sidearm,FIPW_T2_Service	FCP_Deagle,FCP_Pistol,Gun			D:\Steam\steamapps\common\RimWorld\Mods\FCP-Ballistic-Weapons\1.6\Defs\WeaponDefs\Pistol_Defs.xml
FCP	Rick.FCP.BallisticWeapons	FCP - Ballistic Weapons	weapon	FCP_Gun_Deliverer	Deliverer	unique_or_quest_only		FIPW_Role_Other,FIPW_Unique			Named FCP weapon; deliberately excluded from random faction pools.	D:\Steam\steamapps\common\RimWorld\Mods\FCP-Ballistic-Weapons\1.6\Defs\WeaponDefs\Unique_Defs.xml
FCP	Rick.FCP.BallisticWeapons	FCP - Ballistic Weapons	weapon	FCP_Gun_DinnerBell	Dinner Bell	unique_or_quest_only		FIPW_Role_Other,FIPW_Unique			Named FCP weapon; deliberately excluded from random faction pools.	D:\Steam\steamapps\common\RimWorld\Mods\FCP-Ballistic-Weapons\1.6\Defs\WeaponDefs\Unique_Defs.xml
FCP	Rick.FCP.BallisticWeapons	FCP - Ballistic Weapons	weapon	FCP_Gun_DKS_500_Sniper_Rifle	DKS-500 Sniper Rifle	assigned	Arizona settlements; Caesar's Legion; California settlements; Cascadia Forged raiders; Circle of Steel; Enclave remnants; NCR; US Army-equipped forces; Whitespring Enclave; controlled and crazed vaults; rough settlements; settlement guards; super mutant forces	FIPW_Pool_CascadiaRaider,FIPW_Pool_CircleOfSteel,FIPW_Pool_Enclave,FIPW_Pool_EnclaveRemnant,FIPW_Pool_LegionNative,FIPW_Pool_LegionRegional,FIPW_Pool_NCRNative,FIPW_Pool_NCRRegional,FIPW_Pool_RoughSettler,FIPW_Pool_SettlerGuard,FIPW_Pool_SuperMutant,FIPW_Pool_USArmy,FIPW_Pool_VaultHighTech,FIPW_Role_Sniper,FIPW_T2_Service	FCP_DKS_500_Sniper_Rifle,FCP_Sniper_Rifle,Gun			D:\Steam\steamapps\common\RimWorld\Mods\FCP-Ballistic-Weapons\1.6\Defs\WeaponDefs\Sniper_Rifle_Defs.xml
FCP	Rick.FCP.BallisticWeapons	FCP - Ballistic Weapons	weapon	FCP_Gun_DKS_501_Sniper_Rifle	DKS-501 Sniper Rifle	assigned	Arizona settlements; Caesar's Legion; California settlements; Cascadia Forged raiders; Circle of Steel; Enclave remnants; NCR; US Army-equipped forces; Whitespring Enclave; controlled and crazed vaults; rough settlements; settlement guards; super mutant forces	FIPW_Pool_CascadiaRaider,FIPW_Pool_CircleOfSteel,FIPW_Pool_Enclave,FIPW_Pool_EnclaveRemnant,FIPW_Pool_LegionNative,FIPW_Pool_LegionRegional,FIPW_Pool_NCRNative,FIPW_Pool_NCRRegional,FIPW_Pool_RoughSettler,FIPW_Pool_SettlerGuard,FIPW_Pool_SuperMutant,FIPW_Pool_USArmy,FIPW_Pool_VaultHighTech,FIPW_Role_Sniper,FIPW_T2_Service	FCP_DKS_501_Sniper_Rifle,FCP_Sniper_Rifle,Gun			D:\Steam\steamapps\common\RimWorld\Mods\FCP-Ballistic-Weapons\1.6\Defs\WeaponDefs\Sniper_Rifle_Defs.xml
FCP	Rick.FCP.BallisticWeapons	FCP - Ballistic Weapons	weapon	FCP_Gun_FIDO	FIDO	unique_or_quest_only		FIPW_Role_Other,FIPW_Unique			Named FCP weapon; deliberately excluded from random faction pools.	D:\Steam\steamapps\common\RimWorld\Mods\FCP-Ballistic-Weapons\1.6\Defs\WeaponDefs\Unique_Defs.xml
FCP	Rick.FCP.BallisticWeapons	FCP - Ballistic Weapons	weapon	FCP_Gun_G11_AR	G11 Assault Rifle	assigned	Circle of Steel; Enclave remnants; US Army-equipped forces; Whitespring Enclave; controlled and crazed vaults; rough settlements; settlement guards; super mutant forces	FIPW_Pool_CircleOfSteel,FIPW_Pool_Enclave,FIPW_Pool_EnclaveRemnant,FIPW_Pool_RoughSettler,FIPW_Pool_SettlerGuard,FIPW_Pool_SuperMutant,FIPW_Pool_USArmy,FIPW_Pool_VaultHighTech,FIPW_Role_Assault,FIPW_T3_Advanced	FCP_Assault_Rifle,FCP_G11,Gun			D:\Steam\steamapps\common\RimWorld\Mods\FCP-Ballistic-Weapons\1.6\Defs\WeaponDefs\Assault_Rifle_Defs.xml
FCP	Rick.FCP.BallisticWeapons	FCP - Ballistic Weapons	weapon	FCP_Gun_GobiCampaignScoutRifle	Gobi Campaign Scout Rifle	unique_or_quest_only		FIPW_Role_Rifle,FIPW_Unique			Named FCP weapon; deliberately excluded from random faction pools.	D:\Steam\steamapps\common\RimWorld\Mods\FCP-Ballistic-Weapons\1.6\Defs\WeaponDefs\Unique_Defs.xml
FCP	Rick.FCP.BallisticWeapons	FCP - Ballistic Weapons	weapon	FCP_Gun_HHToolsNailgun	HH Tools Nailgun	unique_or_quest_only		FIPW_Role_Other,FIPW_Unique			Named FCP weapon; deliberately excluded from random faction pools.	D:\Steam\steamapps\common\RimWorld\Mods\FCP-Ballistic-Weapons\1.6\Defs\WeaponDefs\Unique_Defs.xml
FCP	Rick.FCP.BallisticWeapons	FCP - Ballistic Weapons	weapon	FCP_Gun_HK_10_SMG	HK-10 SMG	assigned	Arizona settlements; Caesar's Legion; California settlements; Cascadia Forged raiders; Circle of Steel; Enclave remnants; NCR; US Army-equipped forces; Whitespring Enclave; controlled and crazed vaults; rough settlements; settlement guards; super mutant forces	FIPW_Pool_CascadiaRaider,FIPW_Pool_CircleOfSteel,FIPW_Pool_Enclave,FIPW_Pool_EnclaveRemnant,FIPW_Pool_LegionNative,FIPW_Pool_LegionRegional,FIPW_Pool_NCRNative,FIPW_Pool_NCRRegional,FIPW_Pool_RoughSettler,FIPW_Pool_SettlerGuard,FIPW_Pool_SuperMutant,FIPW_Pool_USArmy,FIPW_Pool_VaultHighTech,FIPW_Role_SMG,FIPW_T2_Service	FCP_HK_10,FCP_SMG,Gun			D:\Steam\steamapps\common\RimWorld\Mods\FCP-Ballistic-Weapons\1.6\Defs\WeaponDefs\SMG_Defs.xml
FCP	Rick.FCP.BallisticWeapons	FCP - Ballistic Weapons	weapon	FCP_Gun_Hunting_Revolver	Hunting Revolver	assigned	Arizona raiders; California raiders; Great Khans; Nova Arizona frontier; Nuevo Texico frontier; Nuevo Texico raiders; caravan companies; escaped slaves and beggars; generic wastelanders; ghoul settlements; raiders; settlements	FIPW_Pool_ArizonaCowboy,FIPW_Pool_ArizonaRaider,FIPW_Pool_CaliforniaRaider,FIPW_Pool_Caravan,FIPW_Pool_Ghoul,FIPW_Pool_GreatKhan,FIPW_Pool_NuevoTexicoFrontier,FIPW_Pool_NuevoTexicoRaider,FIPW_Pool_Raider,FIPW_Pool_Settler,FIPW_Pool_SlaveLowTech,FIPW_Pool_Wastelander,FIPW_Role_Sidearm,FIPW_T1_Wasteland	FCP_Hunting_Revolver,FCP_Revolver,Gun			D:\Steam\steamapps\common\RimWorld\Mods\FCP-Ballistic-Weapons\1.6\Defs\WeaponDefs\Revolver_Defs.xml
FCP	Rick.FCP.BallisticWeapons	FCP - Ballistic Weapons	weapon	FCP_Gun_Hunting_Shotgun	Hunting Shotgun	assigned	Arizona raiders; California raiders; Great Khans; Nova Arizona frontier; Nuevo Texico frontier; Nuevo Texico raiders; caravan companies; escaped slaves and beggars; generic wastelanders; ghoul settlements; raiders; settlements	FIPW_Pool_ArizonaCowboy,FIPW_Pool_ArizonaRaider,FIPW_Pool_CaliforniaRaider,FIPW_Pool_Caravan,FIPW_Pool_Ghoul,FIPW_Pool_GreatKhan,FIPW_Pool_NuevoTexicoFrontier,FIPW_Pool_NuevoTexicoRaider,FIPW_Pool_Raider,FIPW_Pool_Settler,FIPW_Pool_SlaveLowTech,FIPW_Pool_Wastelander,FIPW_Role_Shotgun,FIPW_T1_Wasteland	FCP_Hunting_Shotgun,FCP_Shotgun,Gun			D:\Steam\steamapps\common\RimWorld\Mods\FCP-Ballistic-Weapons\1.6\Defs\WeaponDefs\Shotgun_Defs.xml
FCP	Rick.FCP.BallisticWeapons	FCP - Ballistic Weapons	weapon	FCP_Gun_Infiltrator	Infiltrator	assigned	Circle of Steel; Enclave remnants; US Army-equipped forces; Whitespring Enclave; controlled and crazed vaults; rough settlements; settlement guards; super mutant forces	FIPW_Pool_CircleOfSteel,FIPW_Pool_Enclave,FIPW_Pool_EnclaveRemnant,FIPW_Pool_RoughSettler,FIPW_Pool_SettlerGuard,FIPW_Pool_SuperMutant,FIPW_Pool_USArmy,FIPW_Pool_VaultHighTech,FIPW_Role_Assault,FIPW_T3_Advanced	FCP_Assault_Rifle,FCP_Infiltrator,Gun			D:\Steam\steamapps\common\RimWorld\Mods\FCP-Ballistic-Weapons\1.6\Defs\WeaponDefs\Assault_Rifle_Defs.xml
FCP	Rick.FCP.BallisticWeapons	FCP - Ballistic Weapons	weapon	FCP_Gun_Jackhammer	Jackhammer Shotgun	assigned	Arizona settlements; Caesar's Legion; California settlements; Cascadia Forged raiders; Circle of Steel; Enclave remnants; NCR; US Army-equipped forces; Whitespring Enclave; controlled and crazed vaults; rough settlements; settlement guards; super mutant forces	FIPW_Pool_CascadiaRaider,FIPW_Pool_CircleOfSteel,FIPW_Pool_Enclave,FIPW_Pool_EnclaveRemnant,FIPW_Pool_LegionNative,FIPW_Pool_LegionRegional,FIPW_Pool_NCRNative,FIPW_Pool_NCRRegional,FIPW_Pool_RoughSettler,FIPW_Pool_SettlerGuard,FIPW_Pool_SuperMutant,FIPW_Pool_USArmy,FIPW_Pool_VaultHighTech,FIPW_Role_Shotgun,FIPW_T2_Service	FCP_Jackhammer,FCP_Shotgun,Gun			D:\Steam\steamapps\common\RimWorld\Mods\FCP-Ballistic-Weapons\1.6\Defs\WeaponDefs\Shotgun_Defs.xml
FCP	Rick.FCP.BallisticWeapons	FCP - Ballistic Weapons	weapon	FCP_Gun_K900_Cyberdog_Gun	K9000 Cyberdog Gun	assigned	cyberdogs	FIPW_Pool_CyberdogOnly,FIPW_Role_Heavy,FIPW_T3_Advanced	FCP_Heavy_Weapon,FCP_K900_Cyberdog_Gun,Gun		Species-restricted K9000 weapon.	D:\Steam\steamapps\common\RimWorld\Mods\FCP-Ballistic-Weapons\1.6\Defs\WeaponDefs\Heavy_Weapon_Defs.xml
FCP	Rick.FCP.BallisticWeapons	FCP - Ballistic Weapons	weapon	FCP_Gun_LeverAction_Shotgun	Lever-Action Shotgun	assigned	Arizona raiders; California raiders; Great Khans; Nova Arizona frontier; Nuevo Texico frontier; Nuevo Texico raiders; caravan companies; escaped slaves and beggars; generic wastelanders; ghoul settlements; raiders; settlements	FIPW_Pool_ArizonaCowboy,FIPW_Pool_ArizonaRaider,FIPW_Pool_CaliforniaRaider,FIPW_Pool_Caravan,FIPW_Pool_Ghoul,FIPW_Pool_GreatKhan,FIPW_Pool_NuevoTexicoFrontier,FIPW_Pool_NuevoTexicoRaider,FIPW_Pool_Raider,FIPW_Pool_Settler,FIPW_Pool_SlaveLowTech,FIPW_Pool_Wastelander,FIPW_Role_Shotgun,FIPW_T1_Wasteland	FCP_LeverAction_Shotgun,FCP_Shotgun,Gun			D:\Steam\steamapps\common\RimWorld\Mods\FCP-Ballistic-Weapons\1.6\Defs\WeaponDefs\Shotgun_Defs.xml
FCP	Rick.FCP.BallisticWeapons	FCP - Ballistic Weapons	weapon	FCP_Gun_Light_Machine_Gun	Light Machine Gun	assigned	Circle of Steel; Enclave remnants; US Army-equipped forces; Whitespring Enclave; controlled and crazed vaults; rough settlements; settlement guards; super mutant forces	FIPW_Pool_CircleOfSteel,FIPW_Pool_Enclave,FIPW_Pool_EnclaveRemnant,FIPW_Pool_RoughSettler,FIPW_Pool_SettlerGuard,FIPW_Pool_SuperMutant,FIPW_Pool_USArmy,FIPW_Pool_VaultHighTech,FIPW_Role_Heavy,FIPW_T3_Advanced	FCP_Heavy_Weapon,FCP_Light_Machine_Gun,Gun			D:\Steam\steamapps\common\RimWorld\Mods\FCP-Ballistic-Weapons\1.6\Defs\WeaponDefs\Heavy_Weapon_Defs.xml
FCP	Rick.FCP.BallisticWeapons	FCP - Ballistic Weapons	weapon	FCP_Gun_Light_Shining_In_Darkness	A Light Shining in Darkness	unique_or_quest_only		FIPW_Role_Other,FIPW_Unique			Named FCP weapon; deliberately excluded from random faction pools.	D:\Steam\steamapps\common\RimWorld\Mods\FCP-Ballistic-Weapons\1.6\Defs\WeaponDefs\Unique_Defs.xml
FCP	Rick.FCP.BallisticWeapons	FCP - Ballistic Weapons	weapon	FCP_Gun_LilDevil	Lil' Devil	unique_or_quest_only		FIPW_Role_Other,FIPW_Unique			Named FCP weapon; deliberately excluded from random faction pools.	D:\Steam\steamapps\common\RimWorld\Mods\FCP-Ballistic-Weapons\1.6\Defs\WeaponDefs\Unique_Defs.xml
FCP	Rick.FCP.BallisticWeapons	FCP - Ballistic Weapons	weapon	FCP_Gun_LincolnsRepeater	Lincoln's Repeater	unique_or_quest_only		FIPW_Role_Rifle,FIPW_Unique			Named FCP weapon; deliberately excluded from random faction pools.	D:\Steam\steamapps\common\RimWorld\Mods\FCP-Ballistic-Weapons\1.6\Defs\WeaponDefs\Unique_Defs.xml
FCP	Rick.FCP.BallisticWeapons	FCP - Ballistic Weapons	weapon	FCP_Gun_Lucky	Lucky	unique_or_quest_only		FIPW_Role_Other,FIPW_Unique			Named FCP weapon; deliberately excluded from random faction pools.	D:\Steam\steamapps\common\RimWorld\Mods\FCP-Ballistic-Weapons\1.6\Defs\WeaponDefs\Unique_Defs.xml
FCP	Rick.FCP.BallisticWeapons	FCP - Ballistic Weapons	weapon	FCP_Gun_Maria	Maria	unique_or_quest_only		FIPW_Role_Other,FIPW_Unique			Named FCP weapon; deliberately excluded from random faction pools.	D:\Steam\steamapps\common\RimWorld\Mods\FCP-Ballistic-Weapons\1.6\Defs\WeaponDefs\Unique_Defs.xml
FCP	Rick.FCP.BallisticWeapons	FCP - Ballistic Weapons	weapon	FCP_Gun_Marksman_Carbine	Marksman Carbine	assigned	Arizona settlements; Caesar's Legion; California settlements; Cascadia Forged raiders; Circle of Steel; Enclave remnants; NCR; US Army-equipped forces; Whitespring Enclave; controlled and crazed vaults; rough settlements; settlement guards; super mutant forces	FIPW_Pool_CascadiaRaider,FIPW_Pool_CircleOfSteel,FIPW_Pool_Enclave,FIPW_Pool_EnclaveRemnant,FIPW_Pool_LegionNative,FIPW_Pool_LegionRegional,FIPW_Pool_NCRNative,FIPW_Pool_NCRRegional,FIPW_Pool_RoughSettler,FIPW_Pool_SettlerGuard,FIPW_Pool_SuperMutant,FIPW_Pool_USArmy,FIPW_Pool_VaultHighTech,FIPW_Role_Sniper,FIPW_T2_Service	FCP_Assault_Rifle,FCP_Marksman_Carbine,Gun			D:\Steam\steamapps\common\RimWorld\Mods\FCP-Ballistic-Weapons\1.6\Defs\WeaponDefs\Assault_Rifle_Defs.xml
FCP	Rick.FCP.BallisticWeapons	FCP - Ballistic Weapons	weapon	FCP_Gun_MedicineStick	Medicine Stick	unique_or_quest_only		FIPW_Role_Other,FIPW_Unique			Named FCP weapon; deliberately excluded from random faction pools.	D:\Steam\steamapps\common\RimWorld\Mods\FCP-Ballistic-Weapons\1.6\Defs\WeaponDefs\Unique_Defs.xml
FCP	Rick.FCP.BallisticWeapons	FCP - Ballistic Weapons	weapon	FCP_Gun_Minigun	Minigun	assigned	Circle of Steel; Enclave remnants; US Army-equipped forces; Whitespring Enclave; controlled and crazed vaults; rough settlements; settlement guards; super mutant forces	FIPW_Pool_CircleOfSteel,FIPW_Pool_Enclave,FIPW_Pool_EnclaveRemnant,FIPW_Pool_RoughSettler,FIPW_Pool_SettlerGuard,FIPW_Pool_SuperMutant,FIPW_Pool_USArmy,FIPW_Pool_VaultHighTech,FIPW_Role_Heavy,FIPW_T3_Advanced	FCP_Minigun_FO3,FCP_Power_Armor_Required,Gun			D:\Steam\steamapps\common\RimWorld\Mods\FCP-Ballistic-Weapons\1.6\Defs\WeaponDefs\Heavy_Weapon_Defs.xml
FCP	Rick.FCP.BallisticWeapons	FCP - Ballistic Weapons	weapon	FCP_Gun_MkI_Avenger	MkI Avenger	assigned	Circle of Steel; Enclave remnants; US Army-equipped forces; Whitespring Enclave; controlled and crazed vaults; rough settlements; settlement guards; super mutant forces	FIPW_Pool_CircleOfSteel,FIPW_Pool_Enclave,FIPW_Pool_EnclaveRemnant,FIPW_Pool_RoughSettler,FIPW_Pool_SettlerGuard,FIPW_Pool_SuperMutant,FIPW_Pool_USArmy,FIPW_Pool_VaultHighTech,FIPW_Role_Heavy,FIPW_T3_Advanced	Gun			D:\Steam\steamapps\common\RimWorld\Mods\FCP-Ballistic-Weapons\1.6\Defs\WeaponDefs\Heavy_Weapon_Defs.xml
FCP	Rick.FCP.BallisticWeapons	FCP - Ballistic Weapons	weapon	FCP_Gun_MkIIAvenger	MkII Avenger	unique_or_quest_only		FIPW_Role_Heavy,FIPW_Unique			Named FCP weapon; deliberately excluded from random faction pools.	D:\Steam\steamapps\common\RimWorld\Mods\FCP-Ballistic-Weapons\1.6\Defs\WeaponDefs\Unique_Defs.xml
FCP	Rick.FCP.BallisticWeapons	FCP - Ballistic Weapons	weapon	FCP_Gun_OlPainless	Ol' Painless	unique_or_quest_only		FIPW_Role_Other,FIPW_Unique			Named FCP weapon; deliberately excluded from random faction pools.	D:\Steam\steamapps\common\RimWorld\Mods\FCP-Ballistic-Weapons\1.6\Defs\WeaponDefs\Unique_Defs.xml
FCP	Rick.FCP.BallisticWeapons	FCP - Ballistic Weapons	weapon	FCP_Gun_Paciena	Paciencia	unique_or_quest_only		FIPW_Role_Other,FIPW_Unique			Named FCP weapon; deliberately excluded from random faction pools.	D:\Steam\steamapps\common\RimWorld\Mods\FCP-Ballistic-Weapons\1.6\Defs\WeaponDefs\Unique_Defs.xml
FCP	Rick.FCP.BallisticWeapons	FCP - Ballistic Weapons	weapon	FCP_Gun_Pipe_BoltAction	Pipe Bolt-Action	assigned	Arizona raiders; Mothman and Wendigo cults; Nuevo Texico raiders; Numen; S'Lanters; caravan companies; escaped slaves and beggars; generic wastelanders; ghoul settlements; raiders; regional tribes; settlements	FIPW_Pool_ArizonaRaider,FIPW_Pool_Caravan,FIPW_Pool_CultPrimitive,FIPW_Pool_Ghoul,FIPW_Pool_NuevoTexicoRaider,FIPW_Pool_Numen,FIPW_Pool_Raider,FIPW_Pool_Settler,FIPW_Pool_Slanter,FIPW_Pool_SlaveLowTech,FIPW_Pool_Tribal,FIPW_Pool_Wastelander,FIPW_Role_Other,FIPW_T0_Improvised	FCP_Pipe_Weapons,Gun			D:\Steam\steamapps\common\RimWorld\Mods\FCP-Ballistic-Weapons\1.6\Defs\WeaponDefs\Pipe_Weapons_Defs.xml
FCP	Rick.FCP.BallisticWeapons	FCP - Ballistic Weapons	weapon	FCP_Gun_Pipe_Pistol	Pipe Pistol	assigned	Arizona raiders; Mothman and Wendigo cults; Nuevo Texico raiders; Numen; S'Lanters; caravan companies; escaped slaves and beggars; generic wastelanders; ghoul settlements; raiders; regional tribes; settlements	FIPW_Pool_ArizonaRaider,FIPW_Pool_Caravan,FIPW_Pool_CultPrimitive,FIPW_Pool_Ghoul,FIPW_Pool_NuevoTexicoRaider,FIPW_Pool_Numen,FIPW_Pool_Raider,FIPW_Pool_Settler,FIPW_Pool_Slanter,FIPW_Pool_SlaveLowTech,FIPW_Pool_Tribal,FIPW_Pool_Wastelander,FIPW_Role_Sidearm,FIPW_T0_Improvised	FCP_Pipe_Weapons,Gun			D:\Steam\steamapps\common\RimWorld\Mods\FCP-Ballistic-Weapons\1.6\Defs\WeaponDefs\Pipe_Weapons_Defs.xml
FCP	Rick.FCP.BallisticWeapons	FCP - Ballistic Weapons	weapon	FCP_Gun_Pipe_Revolver	Pipe Revolver	assigned	Arizona raiders; Mothman and Wendigo cults; Nuevo Texico raiders; Numen; S'Lanters; caravan companies; escaped slaves and beggars; generic wastelanders; ghoul settlements; raiders; regional tribes; settlements	FIPW_Pool_ArizonaRaider,FIPW_Pool_Caravan,FIPW_Pool_CultPrimitive,FIPW_Pool_Ghoul,FIPW_Pool_NuevoTexicoRaider,FIPW_Pool_Numen,FIPW_Pool_Raider,FIPW_Pool_Settler,FIPW_Pool_Slanter,FIPW_Pool_SlaveLowTech,FIPW_Pool_Tribal,FIPW_Pool_Wastelander,FIPW_Role_Sidearm,FIPW_T0_Improvised	FCP_Pipe_Weapons,Gun			D:\Steam\steamapps\common\RimWorld\Mods\FCP-Ballistic-Weapons\1.6\Defs\WeaponDefs\Pipe_Weapons_Defs.xml
FCP	Rick.FCP.BallisticWeapons	FCP - Ballistic Weapons	weapon	FCP_Gun_Pipe_Rifle	Pipe Rifle	assigned	Arizona raiders; Mothman and Wendigo cults; Nuevo Texico raiders; Numen; S'Lanters; caravan companies; escaped slaves and beggars; generic wastelanders; ghoul settlements; raiders; regional tribes; settlements	FIPW_Pool_ArizonaRaider,FIPW_Pool_Caravan,FIPW_Pool_CultPrimitive,FIPW_Pool_Ghoul,FIPW_Pool_NuevoTexicoRaider,FIPW_Pool_Numen,FIPW_Pool_Raider,FIPW_Pool_Settler,FIPW_Pool_Slanter,FIPW_Pool_SlaveLowTech,FIPW_Pool_Tribal,FIPW_Pool_Wastelander,FIPW_Role_Rifle,FIPW_T0_Improvised	FCP_Pipe_Weapons,Gun			D:\Steam\steamapps\common\RimWorld\Mods\FCP-Ballistic-Weapons\1.6\Defs\WeaponDefs\Pipe_Weapons_Defs.xml
FCP	Rick.FCP.BallisticWeapons	FCP - Ballistic Weapons	weapon	FCP_Gun_Pipe_Shotgun	Pipe Shotgun	assigned	Arizona raiders; Mothman and Wendigo cults; Nuevo Texico raiders; Numen; S'Lanters; caravan companies; escaped slaves and beggars; generic wastelanders; ghoul settlements; raiders; regional tribes; settlements	FIPW_Pool_ArizonaRaider,FIPW_Pool_Caravan,FIPW_Pool_CultPrimitive,FIPW_Pool_Ghoul,FIPW_Pool_NuevoTexicoRaider,FIPW_Pool_Numen,FIPW_Pool_Raider,FIPW_Pool_Settler,FIPW_Pool_Slanter,FIPW_Pool_SlaveLowTech,FIPW_Pool_Tribal,FIPW_Pool_Wastelander,FIPW_Role_Shotgun,FIPW_T0_Improvised	FCP_Pipe_Weapons,Gun			D:\Steam\steamapps\common\RimWorld\Mods\FCP-Ballistic-Weapons\1.6\Defs\WeaponDefs\Pipe_Weapons_Defs.xml
FCP	Rick.FCP.BallisticWeapons	FCP - Ballistic Weapons	weapon	FCP_Gun_Pipe_Sniper	Pipe Sniper Rifle	assigned	Arizona raiders; Mothman and Wendigo cults; Nuevo Texico raiders; Numen; S'Lanters; caravan companies; escaped slaves and beggars; generic wastelanders; ghoul settlements; raiders; regional tribes; settlements	FIPW_Pool_ArizonaRaider,FIPW_Pool_Caravan,FIPW_Pool_CultPrimitive,FIPW_Pool_Ghoul,FIPW_Pool_NuevoTexicoRaider,FIPW_Pool_Numen,FIPW_Pool_Raider,FIPW_Pool_Settler,FIPW_Pool_Slanter,FIPW_Pool_SlaveLowTech,FIPW_Pool_Tribal,FIPW_Pool_Wastelander,FIPW_Role_Sniper,FIPW_T0_Improvised	FCP_Pipe_Weapons,Gun			D:\Steam\steamapps\common\RimWorld\Mods\FCP-Ballistic-Weapons\1.6\Defs\WeaponDefs\Pipe_Weapons_Defs.xml
FCP	Rick.FCP.BallisticWeapons	FCP - Ballistic Weapons	weapon	FCP_Gun_Police_Pistol	Police Pistol	assigned	Arizona raiders; California raiders; Great Khans; Nuevo Texico raiders; caravan companies; escaped slaves and beggars; generic wastelanders; ghoul settlements; raiders; settlements	FIPW_Pool_ArizonaRaider,FIPW_Pool_CaliforniaRaider,FIPW_Pool_Caravan,FIPW_Pool_Ghoul,FIPW_Pool_GreatKhan,FIPW_Pool_NuevoTexicoRaider,FIPW_Pool_Raider,FIPW_Pool_Settler,FIPW_Pool_SlaveLowTech,FIPW_Pool_Wastelander,FIPW_Role_Sidearm,FIPW_T1_Wasteland	FCP_Police_Pistol,FCP_Revolver,Gun			D:\Steam\steamapps\common\RimWorld\Mods\FCP-Ballistic-Weapons\1.6\Defs\WeaponDefs\Revolver_Defs.xml
FCP	Rick.FCP.BallisticWeapons	FCP - Ballistic Weapons	weapon	FCP_Gun_Power_Armor_Assault_Rifle	Power Armor Assault Rifle	assigned	Circle of Steel; Enclave remnants; US Army-equipped forces; Whitespring Enclave; controlled and crazed vaults; rough settlements; settlement guards; super mutant forces	FIPW_Pool_CircleOfSteel,FIPW_Pool_Enclave,FIPW_Pool_EnclaveRemnant,FIPW_Pool_RoughSettler,FIPW_Pool_SettlerGuard,FIPW_Pool_SuperMutant,FIPW_Pool_USArmy,FIPW_Pool_VaultHighTech,FIPW_Role_Assault,FIPW_T3_Advanced	FCP_FO4_Assault_Rifle,FCP_Power_Armor_Required,Gun			D:\Steam\steamapps\common\RimWorld\Mods\FCP-Ballistic-Weapons\1.6\Defs\WeaponDefs\Assault_Rifle_Defs.xml
FCP	Rick.FCP.BallisticWeapons	FCP - Ballistic Weapons	weapon	FCP_Gun_R91_Rifle	R-91 Assault Rifle	assigned	Arizona settlements; Caesar's Legion; California settlements; Cascadia Forged raiders; Circle of Steel; Enclave remnants; NCR; US Army-equipped forces; Whitespring Enclave; controlled and crazed vaults; rough settlements; settlement guards; super mutant forces	FIPW_Pool_CascadiaRaider,FIPW_Pool_CircleOfSteel,FIPW_Pool_Enclave,FIPW_Pool_EnclaveRemnant,FIPW_Pool_LegionNative,FIPW_Pool_LegionRegional,FIPW_Pool_NCRNative,FIPW_Pool_NCRRegional,FIPW_Pool_RoughSettler,FIPW_Pool_SettlerGuard,FIPW_Pool_SuperMutant,FIPW_Pool_USArmy,FIPW_Pool_VaultHighTech,FIPW_Role_Assault,FIPW_T2_Service	FCP_Assault_Rifle,FCP_R91_Rifle,Gun			D:\Steam\steamapps\common\RimWorld\Mods\FCP-Ballistic-Weapons\1.6\Defs\WeaponDefs\Assault_Rifle_Defs.xml
FCP	Rick.FCP.BallisticWeapons	FCP - Ballistic Weapons	weapon	FCP_Gun_Ratslayer	Ratslayer	unique_or_quest_only		FIPW_Role_Other,FIPW_Unique			Named FCP weapon; deliberately excluded from random faction pools.	D:\Steam\steamapps\common\RimWorld\Mods\FCP-Ballistic-Weapons\1.6\Defs\WeaponDefs\Unique_Defs.xml
FCP	Rick.FCP.BallisticWeapons	FCP - Ballistic Weapons	weapon	FCP_Gun_ReservistsRifle	Reservist's Rifle	unique_or_quest_only		FIPW_Role_Rifle,FIPW_Unique			Named FCP weapon; deliberately excluded from random faction pools.	D:\Steam\steamapps\common\RimWorld\Mods\FCP-Ballistic-Weapons\1.6\Defs\WeaponDefs\Unique_Defs.xml
FCP	Rick.FCP.BallisticWeapons	FCP - Ballistic Weapons	weapon	FCP_Gun_Riot_Shotgun	Riot Shotgun	assigned	Arizona settlements; Caesar's Legion; California settlements; Cascadia Forged raiders; Circle of Steel; Enclave remnants; NCR; US Army-equipped forces; Whitespring Enclave; controlled and crazed vaults; rough settlements; settlement guards; super mutant forces	FIPW_Pool_CascadiaRaider,FIPW_Pool_CircleOfSteel,FIPW_Pool_Enclave,FIPW_Pool_EnclaveRemnant,FIPW_Pool_LegionNative,FIPW_Pool_LegionRegional,FIPW_Pool_NCRNative,FIPW_Pool_NCRRegional,FIPW_Pool_RoughSettler,FIPW_Pool_SettlerGuard,FIPW_Pool_SuperMutant,FIPW_Pool_USArmy,FIPW_Pool_VaultHighTech,FIPW_Role_Shotgun,FIPW_T2_Service	FCP_Riot_Shotgun,FCP_Shotgun,Gun			D:\Steam\steamapps\common\RimWorld\Mods\FCP-Ballistic-Weapons\1.6\Defs\WeaponDefs\Shotgun_Defs.xml
FCP	Rick.FCP.BallisticWeapons	FCP - Ballistic Weapons	weapon	FCP_Gun_Rockwell_CZ54_Minigun	Rockwell CZ53 Personal Minigun	assigned	Circle of Steel; Enclave remnants; US Army-equipped forces; Whitespring Enclave; controlled and crazed vaults; rough settlements; settlement guards; super mutant forces	FIPW_Pool_CircleOfSteel,FIPW_Pool_Enclave,FIPW_Pool_EnclaveRemnant,FIPW_Pool_RoughSettler,FIPW_Pool_SettlerGuard,FIPW_Pool_SuperMutant,FIPW_Pool_USArmy,FIPW_Pool_VaultHighTech,FIPW_Role_Heavy,FIPW_T3_Advanced	FCP_Power_Armor_Required,FCP_Rockwell_CZ54_Minigun,Gun			D:\Steam\steamapps\common\RimWorld\Mods\FCP-Ballistic-Weapons\1.6\Defs\WeaponDefs\Heavy_Weapon_Defs.xml
FCP	Rick.FCP.BallisticWeapons	FCP - Ballistic Weapons	weapon	FCP_Gun_SawnOff_Shotgun	Sawn-Off Shotgun	assigned	Arizona raiders; Mothman and Wendigo cults; Nuevo Texico raiders; Numen; S'Lanters; caravan companies; escaped slaves and beggars; generic wastelanders; ghoul settlements; raiders; regional tribes; settlements	FIPW_Pool_ArizonaRaider,FIPW_Pool_Caravan,FIPW_Pool_CultPrimitive,FIPW_Pool_Ghoul,FIPW_Pool_NuevoTexicoRaider,FIPW_Pool_Numen,FIPW_Pool_Raider,FIPW_Pool_Settler,FIPW_Pool_Slanter,FIPW_Pool_SlaveLowTech,FIPW_Pool_Tribal,FIPW_Pool_Wastelander,FIPW_Role_Shotgun,FIPW_T0_Improvised	FCP_SawnOff_Shotgun,FCP_Shotgun,Gun			D:\Steam\steamapps\common\RimWorld\Mods\FCP-Ballistic-Weapons\1.6\Defs\WeaponDefs\Shotgun_Defs.xml
FCP	Rick.FCP.BallisticWeapons	FCP - Ballistic Weapons	weapon	FCP_Gun_Scoped_Hunting_Rifle	Scoped Hunting Rifle	assigned	Arizona settlements; Caesar's Legion; California settlements; Cascadia Forged raiders; Circle of Steel; Enclave remnants; NCR; US Army-equipped forces; Whitespring Enclave; controlled and crazed vaults; rough settlements; settlement guards; super mutant forces	FIPW_Pool_CascadiaRaider,FIPW_Pool_CircleOfSteel,FIPW_Pool_Enclave,FIPW_Pool_EnclaveRemnant,FIPW_Pool_LegionNative,FIPW_Pool_LegionRegional,FIPW_Pool_NCRNative,FIPW_Pool_NCRRegional,FIPW_Pool_RoughSettler,FIPW_Pool_SettlerGuard,FIPW_Pool_SuperMutant,FIPW_Pool_USArmy,FIPW_Pool_VaultHighTech,FIPW_Role_Sniper,FIPW_T2_Service	FCP_Scoped_Hunting_Rifle,FCP_Sniper_Rifle,Gun			D:\Steam\steamapps\common\RimWorld\Mods\FCP-Ballistic-Weapons\1.6\Defs\WeaponDefs\Sniper_Rifle_Defs.xml
FCP	Rick.FCP.BallisticWeapons	FCP - Ballistic Weapons	weapon	FCP_Gun_Shoulder_Mounted_MG	Shoulder Mounted Machine Gun	assigned	Circle of Steel; Enclave remnants; US Army-equipped forces; Whitespring Enclave; controlled and crazed vaults; rough settlements; settlement guards; super mutant forces	FIPW_Pool_CircleOfSteel,FIPW_Pool_Enclave,FIPW_Pool_EnclaveRemnant,FIPW_Pool_RoughSettler,FIPW_Pool_SettlerGuard,FIPW_Pool_SuperMutant,FIPW_Pool_USArmy,FIPW_Pool_VaultHighTech,FIPW_Role_Heavy,FIPW_T3_Advanced	FCP_Heavy_Weapon,FCP_Shoulder_Mounted_MG,Gun			D:\Steam\steamapps\common\RimWorld\Mods\FCP-Ballistic-Weapons\1.6\Defs\WeaponDefs\Heavy_Weapon_Defs.xml
FCP	Rick.FCP.BallisticWeapons	FCP - Ballistic Weapons	weapon	FCP_Gun_Silenced_10mm_Pistol	Silenced 10mm Pistol	assigned	Arizona raiders; California raiders; Great Khans; Nuevo Texico raiders; caravan companies; escaped slaves and beggars; generic wastelanders; ghoul settlements; raiders; settlements	FIPW_Pool_ArizonaRaider,FIPW_Pool_CaliforniaRaider,FIPW_Pool_Caravan,FIPW_Pool_Ghoul,FIPW_Pool_GreatKhan,FIPW_Pool_NuevoTexicoRaider,FIPW_Pool_Raider,FIPW_Pool_Settler,FIPW_Pool_SlaveLowTech,FIPW_Pool_Wastelander,FIPW_Role_Sidearm,FIPW_T1_Wasteland	FCP_Pistol,FCP_Silenced_10mm_Pistol,Gun			D:\Steam\steamapps\common\RimWorld\Mods\FCP-Ballistic-Weapons\1.6\Defs\WeaponDefs\Pistol_Defs.xml
FCP	Rick.FCP.BallisticWeapons	FCP - Ballistic Weapons	weapon	FCP_Gun_Silenced_22_Pistol	Silenced .22 Pistol	assigned	Arizona raiders; California raiders; Great Khans; Nuevo Texico raiders; caravan companies; escaped slaves and beggars; generic wastelanders; ghoul settlements; raiders; settlements	FIPW_Pool_ArizonaRaider,FIPW_Pool_CaliforniaRaider,FIPW_Pool_Caravan,FIPW_Pool_Ghoul,FIPW_Pool_GreatKhan,FIPW_Pool_NuevoTexicoRaider,FIPW_Pool_Raider,FIPW_Pool_Settler,FIPW_Pool_SlaveLowTech,FIPW_Pool_Wastelander,FIPW_Role_Sidearm,FIPW_T1_Wasteland	FCP_Pistol,FCP_Silenced_22_Pistol,Gun			D:\Steam\steamapps\common\RimWorld\Mods\FCP-Ballistic-Weapons\1.6\Defs\WeaponDefs\Pistol_Defs.xml
FCP	Rick.FCP.BallisticWeapons	FCP - Ballistic Weapons	weapon	FCP_Gun_Silenced_22_SMG	Silenced .22 SMG	assigned	Arizona raiders; California raiders; Great Khans; Nuevo Texico raiders; caravan companies; escaped slaves and beggars; generic wastelanders; ghoul settlements; raiders; settlements	FIPW_Pool_ArizonaRaider,FIPW_Pool_CaliforniaRaider,FIPW_Pool_Caravan,FIPW_Pool_Ghoul,FIPW_Pool_GreatKhan,FIPW_Pool_NuevoTexicoRaider,FIPW_Pool_Raider,FIPW_Pool_Settler,FIPW_Pool_SlaveLowTech,FIPW_Pool_Wastelander,FIPW_Role_SMG,FIPW_T1_Wasteland	FCP_SMG,FCP_Silenced_22_SMG,Gun			D:\Steam\steamapps\common\RimWorld\Mods\FCP-Ballistic-Weapons\1.6\Defs\WeaponDefs\SMG_Defs.xml
FCP	Rick.FCP.BallisticWeapons	FCP - Ballistic Weapons	weapon	FCP_Gun_Single_Shotgun	Single Shotgun	assigned	Arizona raiders; Mothman and Wendigo cults; Nuevo Texico raiders; Numen; S'Lanters; caravan companies; escaped slaves and beggars; generic wastelanders; ghoul settlements; raiders; regional tribes; settlements	FIPW_Pool_ArizonaRaider,FIPW_Pool_Caravan,FIPW_Pool_CultPrimitive,FIPW_Pool_Ghoul,FIPW_Pool_NuevoTexicoRaider,FIPW_Pool_Numen,FIPW_Pool_Raider,FIPW_Pool_Settler,FIPW_Pool_Slanter,FIPW_Pool_SlaveLowTech,FIPW_Pool_Tribal,FIPW_Pool_Wastelander,FIPW_Role_Shotgun,FIPW_T0_Improvised	FCP_Shotgun,FCP_Single_Shotgun,Gun			D:\Steam\steamapps\common\RimWorld\Mods\FCP-Ballistic-Weapons\1.6\Defs\WeaponDefs\Shotgun_Defs.xml
FCP	Rick.FCP.BallisticWeapons	FCP - Ballistic Weapons	weapon	FCP_Gun_Sleepy_Time	Sleepytime	unique_or_quest_only		FIPW_Role_Other,FIPW_Unique			Named FCP weapon; deliberately excluded from random faction pools.	D:\Steam\steamapps\common\RimWorld\Mods\FCP-Ballistic-Weapons\1.6\Defs\WeaponDefs\Unique_Defs.xml
FCP	Rick.FCP.BallisticWeapons	FCP - Ballistic Weapons	weapon	FCP_Gun_Sturdy_Caravan_Shotgun	Sturdy Caravan Shotgun	unique_or_quest_only		FIPW_Role_Shotgun,FIPW_Unique			Named FCP weapon; deliberately excluded from random faction pools.	D:\Steam\steamapps\common\RimWorld\Mods\FCP-Ballistic-Weapons\1.6\Defs\WeaponDefs\Unique_Defs.xml
FCP	Rick.FCP.BallisticWeapons	FCP - Ballistic Weapons	weapon	FCP_Gun_Survivalist_Rifle	Survivalist's Rifle	unique_or_quest_only		FIPW_Role_Rifle,FIPW_Unique			Named FCP weapon; deliberately excluded from random faction pools.	D:\Steam\steamapps\common\RimWorld\Mods\FCP-Ballistic-Weapons\1.6\Defs\WeaponDefs\Unique_Defs.xml
FCP	Rick.FCP.BallisticWeapons	FCP - Ballistic Weapons	weapon	FCP_Gun_This_Machine	This Machine	unique_or_quest_only		FIPW_Role_Other,FIPW_Unique			Named FCP weapon; deliberately excluded from random faction pools.	D:\Steam\steamapps\common\RimWorld\Mods\FCP-Ballistic-Weapons\1.6\Defs\WeaponDefs\Unique_Defs.xml
FCP	Rick.FCP.BallisticWeapons	FCP - Ballistic Weapons	weapon	FCP_Gun_Trail_Carbine	Trail Carbine	assigned	Arizona raiders; California raiders; Great Khans; Nova Arizona frontier; Nuevo Texico frontier; Nuevo Texico raiders; caravan companies; escaped slaves and beggars; generic wastelanders; ghoul settlements; raiders; settlements	FIPW_Pool_ArizonaCowboy,FIPW_Pool_ArizonaRaider,FIPW_Pool_CaliforniaRaider,FIPW_Pool_Caravan,FIPW_Pool_Ghoul,FIPW_Pool_GreatKhan,FIPW_Pool_NuevoTexicoFrontier,FIPW_Pool_NuevoTexicoRaider,FIPW_Pool_Raider,FIPW_Pool_Settler,FIPW_Pool_SlaveLowTech,FIPW_Pool_Wastelander,FIPW_Role_Rifle,FIPW_T1_Wasteland	FCP_Rifle,FCP_Trail_Carbine,Gun			D:\Steam\steamapps\common\RimWorld\Mods\FCP-Ballistic-Weapons\1.6\Defs\WeaponDefs\Rifle_Defs.xml
FCP	Rick.FCP.BallisticWeapons	FCP - Ballistic Weapons	weapon	FCP_Gun_Vances9mmSMG	Vance's 9mm SMG	unique_or_quest_only		FIPW_Role_SMG,FIPW_Unique			Named FCP weapon; deliberately excluded from random faction pools.	D:\Steam\steamapps\common\RimWorld\Mods\FCP-Ballistic-Weapons\1.6\Defs\WeaponDefs\Unique_Defs.xml
FCP	Rick.FCP.BallisticWeapons	FCP - Ballistic Weapons	weapon	FCP_Gun_Varmint_Rifle	Varmint Rifle	assigned	Arizona raiders; California raiders; Great Khans; Nuevo Texico raiders; caravan companies; escaped slaves and beggars; generic wastelanders; ghoul settlements; raiders; settlements	FIPW_Pool_ArizonaRaider,FIPW_Pool_CaliforniaRaider,FIPW_Pool_Caravan,FIPW_Pool_Ghoul,FIPW_Pool_GreatKhan,FIPW_Pool_NuevoTexicoRaider,FIPW_Pool_Raider,FIPW_Pool_Settler,FIPW_Pool_SlaveLowTech,FIPW_Pool_Wastelander,FIPW_Role_Rifle,FIPW_T1_Wasteland	FCP_Varmint_Rifle,Gun			D:\Steam\steamapps\common\RimWorld\Mods\FCP-Ballistic-Weapons\1.6\Defs\WeaponDefs\Rifle_Defs.xml
FCP	Rick.FCP.BallisticWeapons	FCP - Ballistic Weapons	weapon	FCP_Gun_VictoryRifle	Victory Rifle	unique_or_quest_only		FIPW_Role_Rifle,FIPW_Unique			Named FCP weapon; deliberately excluded from random faction pools.	D:\Steam\steamapps\common\RimWorld\Mods\FCP-Ballistic-Weapons\1.6\Defs\WeaponDefs\Unique_Defs.xml
FCP	Rick.FCP.BallisticWeapons	FCP - Ballistic Weapons	weapon	FCP_Gun_Vindicator	Vindicator	assigned	Circle of Steel; Enclave remnants; US Army-equipped forces; Whitespring Enclave; controlled and crazed vaults; rough settlements; settlement guards; super mutant forces	FIPW_Pool_CircleOfSteel,FIPW_Pool_Enclave,FIPW_Pool_EnclaveRemnant,FIPW_Pool_RoughSettler,FIPW_Pool_SettlerGuard,FIPW_Pool_SuperMutant,FIPW_Pool_USArmy,FIPW_Pool_VaultHighTech,FIPW_Role_Other,FIPW_T3_Advanced	Gun			D:\Steam\steamapps\common\RimWorld\Mods\FCP-Ballistic-Weapons\1.6\Defs\WeaponDefs\Heavy_Weapon_Defs.xml
FCP	Rick.FCP.BallisticWeapons	FCP - Ballistic Weapons	weapon	FCP_Gun_Wanda	Wanda	unique_or_quest_only		FIPW_Role_Other,FIPW_Unique			Named FCP weapon; deliberately excluded from random faction pools.	D:\Steam\steamapps\common\RimWorld\Mods\FCP-Ballistic-Weapons\1.6\Defs\WeaponDefs\Unique_Defs.xml
FCP	Rick.FCP.BallisticWeapons	FCP - Ballistic Weapons	weapon	FCP_Gun_Weathered_10mm_Pistol	Weathered 10mm Pistol	unique_or_quest_only		FIPW_Role_Sidearm,FIPW_Unique			Named FCP weapon; deliberately excluded from random faction pools.	D:\Steam\steamapps\common\RimWorld\Mods\FCP-Ballistic-Weapons\1.6\Defs\WeaponDefs\Unique_Defs.xml
FCP	Rick.FCP.BallisticWeapons	FCP - Ballistic Weapons	weapon	FCP_Lever_Action_Rifle	Lever Action Rifle	assigned	Arizona raiders; California raiders; Great Khans; Nova Arizona frontier; Nuevo Texico frontier; Nuevo Texico raiders; caravan companies; escaped slaves and beggars; generic wastelanders; ghoul settlements; raiders; settlements	FIPW_Pool_ArizonaCowboy,FIPW_Pool_ArizonaRaider,FIPW_Pool_CaliforniaRaider,FIPW_Pool_Caravan,FIPW_Pool_Ghoul,FIPW_Pool_GreatKhan,FIPW_Pool_NuevoTexicoFrontier,FIPW_Pool_NuevoTexicoRaider,FIPW_Pool_Raider,FIPW_Pool_Settler,FIPW_Pool_SlaveLowTech,FIPW_Pool_Wastelander,FIPW_Role_Rifle,FIPW_T1_Wasteland	FCP_Lever_Action_Rifle,FCP_Rifle,Gun			D:\Steam\steamapps\common\RimWorld\Mods\FCP-Ballistic-Weapons\1.6\Defs\WeaponDefs\Rifle_Defs.xml
FCP	Rick.FCP.BOS	FCP - Brotherhood of Steel	apparel	FCP_Apparel_BoS_Appalachia_Beret	BoS Appalachia Beret	assigned	Circle of Steel; FCP Brotherhood of Steel	FIPA_Pool_BrotherhoodNative,FIPA_Pool_CircleOfSteel		FCP_BoS_Apparel		D:\Steam\steamapps\common\RimWorld\Mods\FCP-Brotherhood-of-Steel\1.6\Defs\ThingDefs_Apparel\ThingDefs_BoS_HeadGear.xml
FCP	Rick.FCP.BOS	FCP - Brotherhood of Steel	apparel	FCP_Apparel_BoS_Appalachia_Fatigues	BoS Appalachia Fatigues	assigned	Circle of Steel; FCP Brotherhood of Steel	FIPA_Pool_BrotherhoodNative,FIPA_Pool_CircleOfSteel		FCP_BoS_Apparel		D:\Steam\steamapps\common\RimWorld\Mods\FCP-Brotherhood-of-Steel\1.6\Defs\ThingDefs_Apparel\ThingDefs_BoS_Apparel.xml
FCP	Rick.FCP.BOS	FCP - Brotherhood of Steel	apparel	FCP_Apparel_BoS_Appalachia_Infantry_Hood	BoS Appalachia Infantry Hood	assigned	Circle of Steel; FCP Brotherhood of Steel	FIPA_Pool_BrotherhoodNative,FIPA_Pool_CircleOfSteel		FCP_BoS_Apparel		D:\Steam\steamapps\common\RimWorld\Mods\FCP-Brotherhood-of-Steel\1.6\Defs\ThingDefs_Apparel\ThingDefs_BoS_HeadGear.xml
FCP	Rick.FCP.BOS	FCP - Brotherhood of Steel	apparel	FCP_Apparel_BoS_Appalachia_Infantry_Uniform	BoS Appalachia Infantry Uniform	assigned	Circle of Steel; FCP Brotherhood of Steel	FIPA_Pool_BrotherhoodNative,FIPA_Pool_CircleOfSteel		FCP_BoS_Apparel		D:\Steam\steamapps\common\RimWorld\Mods\FCP-Brotherhood-of-Steel\1.6\Defs\ThingDefs_Apparel\ThingDefs_BoS_Apparel.xml
FCP	Rick.FCP.BOS	FCP - Brotherhood of Steel	apparel	FCP_Apparel_BoS_Appalachia_T60_Power_Armor	BoS Appalachia T-60 Power Armor	assigned	Circle of Steel; FCP Brotherhood of Steel	FIPA_Class_PowerArmor,FIPA_Pool_BrotherhoodNative,FIPA_Pool_CircleOfSteel		FCP_Power_Armor		D:\Steam\steamapps\common\RimWorld\Mods\FCP-Brotherhood-of-Steel\1.6\Defs\ThingDefs_Apparel\ThingDefs_BoS_PowerArmor.xml
FCP	Rick.FCP.BOS	FCP - Brotherhood of Steel	apparel	FCP_Apparel_BoS_Appalachia_T60_Power_Armor_Helmet	BoS Appalachia T-60 Power Armor Helmet	assigned	Circle of Steel; FCP Brotherhood of Steel	FIPA_Class_PowerArmor,FIPA_Pool_BrotherhoodNative,FIPA_Pool_CircleOfSteel		FCP_Power_Armor_Helmet		D:\Steam\steamapps\common\RimWorld\Mods\FCP-Brotherhood-of-Steel\1.6\Defs\ThingDefs_Apparel\ThingDefs_BoS_PowerArmor_Headgear.xml
FCP	Rick.FCP.BOS	FCP - Brotherhood of Steel	apparel	FCP_Apparel_BoS_B35C_Armor	BoS B35C Armor	assigned	Circle of Steel; FCP Brotherhood of Steel	FIPA_Pool_BrotherhoodNative,FIPA_Pool_CircleOfSteel		FCP_BoS_Apparel		D:\Steam\steamapps\common\RimWorld\Mods\FCP-Brotherhood-of-Steel\1.6\Defs\ThingDefs_Apparel\ThingDefs_BoS_Apparel.xml
FCP	Rick.FCP.BOS	FCP - Brotherhood of Steel	apparel	FCP_Apparel_BoS_B35C_Helmet	BoS B35C Helmet	assigned	Circle of Steel; FCP Brotherhood of Steel	FIPA_Pool_BrotherhoodNative,FIPA_Pool_CircleOfSteel		FCP_BoS_Apparel,FCP_BoS_Apparel_Lyons		D:\Steam\steamapps\common\RimWorld\Mods\FCP-Brotherhood-of-Steel\1.6\Defs\ThingDefs_Apparel\ThingDefs_BoS_HeadGear.xml
FCP	Rick.FCP.BOS	FCP - Brotherhood of Steel	apparel	FCP_Apparel_BoS_Battle_Coat	BoS Battle Coat	assigned	Circle of Steel; FCP Brotherhood of Steel	FIPA_Pool_BrotherhoodNative,FIPA_Pool_CircleOfSteel		FCP_BoS_Apparel		D:\Steam\steamapps\common\RimWorld\Mods\FCP-Brotherhood-of-Steel\1.6\Defs\ThingDefs_Apparel\ThingDefs_BoS_Apparel.xml
FCP	Rick.FCP.BOS	FCP - Brotherhood of Steel	apparel	FCP_Apparel_BoS_Bomber_Jacket	BoS Bomber Jacket	assigned	Circle of Steel; FCP Brotherhood of Steel	FIPA_Pool_BrotherhoodNative,FIPA_Pool_CircleOfSteel		FCP_BoS_Apparel		D:\Steam\steamapps\common\RimWorld\Mods\FCP-Brotherhood-of-Steel\1.6\Defs\ThingDefs_Apparel\ThingDefs_BoS_Apparel.xml
FCP	Rick.FCP.BOS	FCP - Brotherhood of Steel	apparel	FCP_Apparel_BoS_Brotherhood_Fatigues	BoS Brotherhood Fatigues	assigned	Circle of Steel; FCP Brotherhood of Steel	FIPA_Pool_BrotherhoodNative,FIPA_Pool_CircleOfSteel		FCP_BoS_Apparel		D:\Steam\steamapps\common\RimWorld\Mods\FCP-Brotherhood-of-Steel\1.6\Defs\ThingDefs_Apparel\ThingDefs_BoS_Apparel.xml
FCP	Rick.FCP.BOS	FCP - Brotherhood of Steel	apparel	FCP_Apparel_BoS_Brotherhood_Field_Medic_Fatigues	BoS Brotherhood Field Medic Fatigues	assigned	Circle of Steel; FCP Brotherhood of Steel	FIPA_Pool_BrotherhoodNative,FIPA_Pool_CircleOfSteel		FCP_BoS_Apparel		D:\Steam\steamapps\common\RimWorld\Mods\FCP-Brotherhood-of-Steel\1.6\Defs\ThingDefs_Apparel\ThingDefs_BoS_Apparel.xml
FCP	Rick.FCP.BOS	FCP - Brotherhood of Steel	apparel	FCP_Apparel_BoS_Classic_Combat_Armor_Reinforced	BoS Reinforced Combat Armor	assigned	Circle of Steel; FCP Brotherhood of Steel	FIPA_Pool_BrotherhoodNative,FIPA_Pool_CircleOfSteel		FCP_BoS_Apparel,FCP_BoS_Apparel_Lyons		D:\Steam\steamapps\common\RimWorld\Mods\FCP-Brotherhood-of-Steel\1.6\Defs\ThingDefs_Apparel\ThingDefs_BoS_Apparel.xml
FCP	Rick.FCP.BOS	FCP - Brotherhood of Steel	apparel	FCP_Apparel_BoS_Combat_Armor_Helmet	BoS Combat Armor Helmet	assigned	Circle of Steel; FCP Brotherhood of Steel	FIPA_Pool_BrotherhoodNative,FIPA_Pool_CircleOfSteel		FCP_BoS_Apparel,FCP_BoS_Combat_Armor		D:\Steam\steamapps\common\RimWorld\Mods\FCP-Brotherhood-of-Steel\1.6\Defs\ThingDefs_Apparel\ThingDefs_BoS_HeadGear.xml
FCP	Rick.FCP.BOS	FCP - Brotherhood of Steel	apparel	FCP_Apparel_BoS_Elder_Robes	BoS Elder Robes	assigned	Circle of Steel; FCP Brotherhood of Steel	FIPA_Pool_BrotherhoodNative,FIPA_Pool_CircleOfSteel		FCP_BoS_Apparel		D:\Steam\steamapps\common\RimWorld\Mods\FCP-Brotherhood-of-Steel\1.6\Defs\ThingDefs_Apparel\ThingDefs_BoS_Apparel.xml
FCP	Rick.FCP.BOS	FCP - Brotherhood of Steel	apparel	FCP_Apparel_BoS_Field_Scribe	BoS Field Scribe Uniform	assigned	Circle of Steel; FCP Brotherhood of Steel	FIPA_Pool_BrotherhoodNative,FIPA_Pool_CircleOfSteel		FCP_BoS_Apparel		D:\Steam\steamapps\common\RimWorld\Mods\FCP-Brotherhood-of-Steel\1.6\Defs\ThingDefs_Apparel\ThingDefs_BoS_Apparel.xml
FCP	Rick.FCP.BOS	FCP - Brotherhood of Steel	apparel	FCP_Apparel_BoS_Field_Scribe_Hat	BoS Science Field Hat	assigned	Circle of Steel; FCP Brotherhood of Steel	FIPA_Pool_BrotherhoodNative,FIPA_Pool_CircleOfSteel		FCP_BoS_Apparel		D:\Steam\steamapps\common\RimWorld\Mods\FCP-Brotherhood-of-Steel\1.6\Defs\ThingDefs_Apparel\ThingDefs_BoS_HeadGear.xml
FCP	Rick.FCP.BOS	FCP - Brotherhood of Steel	apparel	FCP_Apparel_BoS_Flight_Helmet	BoS Flight Helmet	assigned	Circle of Steel; FCP Brotherhood of Steel	FIPA_Pool_BrotherhoodNative,FIPA_Pool_CircleOfSteel		FCP_BoS_Apparel		D:\Steam\steamapps\common\RimWorld\Mods\FCP-Brotherhood-of-Steel\1.6\Defs\ThingDefs_Apparel\ThingDefs_BoS_HeadGear.xml
FCP	Rick.FCP.BOS	FCP - Brotherhood of Steel	apparel	FCP_Apparel_BoS_Heavy_Combat_Armor	BoS Heavy Combat Armor	assigned	Circle of Steel; FCP Brotherhood of Steel	FIPA_Pool_BrotherhoodNative,FIPA_Pool_CircleOfSteel		FCP_BoS_Apparel,FCP_BoS_Combat_Armor		D:\Steam\steamapps\common\RimWorld\Mods\FCP-Brotherhood-of-Steel\1.6\Defs\ThingDefs_Apparel\ThingDefs_BoS_Apparel.xml
FCP	Rick.FCP.BOS	FCP - Brotherhood of Steel	apparel	FCP_Apparel_BoS_Jumpsuit	BoS Jumpsuit	assigned	Circle of Steel; FCP Brotherhood of Steel	FIPA_Pool_BrotherhoodNative,FIPA_Pool_CircleOfSteel		FCP_BoS_Apparel		D:\Steam\steamapps\common\RimWorld\Mods\FCP-Brotherhood-of-Steel\1.6\Defs\ThingDefs_Apparel\ThingDefs_BoS_Apparel.xml
FCP	Rick.FCP.BOS	FCP - Brotherhood of Steel	apparel	FCP_Apparel_BoS_Knight_Under_Armor	BoS Knight Under Armor	assigned	Circle of Steel; FCP Brotherhood of Steel	FIPA_Pool_BrotherhoodNative,FIPA_Pool_CircleOfSteel		FCP_BoS_Apparel		D:\Steam\steamapps\common\RimWorld\Mods\FCP-Brotherhood-of-Steel\1.6\Defs\ThingDefs_Apparel\ThingDefs_BoS_Apparel.xml
FCP	Rick.FCP.BOS	FCP - Brotherhood of Steel	apparel	FCP_Apparel_BoS_Lancer_Captain_Hat	BoS Lancer's Captain Hat	assigned	Circle of Steel; FCP Brotherhood of Steel	FIPA_Pool_BrotherhoodNative,FIPA_Pool_CircleOfSteel		FCP_BoS_Apparel		D:\Steam\steamapps\common\RimWorld\Mods\FCP-Brotherhood-of-Steel\1.6\Defs\ThingDefs_Apparel\ThingDefs_BoS_HeadGear.xml
FCP	Rick.FCP.BOS	FCP - Brotherhood of Steel	apparel	FCP_Apparel_BoS_Lancer_Captain_Uniform	BoS Lancer Captain Uniform	assigned	Circle of Steel; FCP Brotherhood of Steel	FIPA_Pool_BrotherhoodNative,FIPA_Pool_CircleOfSteel		FCP_BoS_Apparel		D:\Steam\steamapps\common\RimWorld\Mods\FCP-Brotherhood-of-Steel\1.6\Defs\ThingDefs_Apparel\ThingDefs_BoS_Apparel.xml
FCP	Rick.FCP.BOS	FCP - Brotherhood of Steel	apparel	FCP_Apparel_BoS_Light_Combat_Armor	BoS Light Combat Armor	assigned	Circle of Steel; FCP Brotherhood of Steel	FIPA_Pool_BrotherhoodNative,FIPA_Pool_CircleOfSteel		FCP_BoS_Apparel,FCP_BoS_Combat_Armor		D:\Steam\steamapps\common\RimWorld\Mods\FCP-Brotherhood-of-Steel\1.6\Defs\ThingDefs_Apparel\ThingDefs_BoS_Apparel.xml
FCP	Rick.FCP.BOS	FCP - Brotherhood of Steel	apparel	FCP_Apparel_BoS_Lost_Hills_T51_Power_Armor	BoS Lost Hills T-51 Power Armor	assigned	Circle of Steel; FCP Brotherhood of Steel	FIPA_Class_PowerArmor,FIPA_Pool_BrotherhoodNative,FIPA_Pool_CircleOfSteel		FCP_Power_Armor		D:\Steam\steamapps\common\RimWorld\Mods\FCP-Brotherhood-of-Steel\1.6\Defs\ThingDefs_Apparel\ThingDefs_BoS_PowerArmor.xml
FCP	Rick.FCP.BOS	FCP - Brotherhood of Steel	apparel	FCP_Apparel_BoS_Midwestern_Power_Armor	Midwestern Brotherhood Power Armor	assigned	Circle of Steel; FCP Brotherhood of Steel	FIPA_Class_PowerArmor,FIPA_Pool_BrotherhoodNative,FIPA_Pool_CircleOfSteel		FCP_Power_Armor,FCP_Power_Armor_Midwest		D:\Steam\steamapps\common\RimWorld\Mods\FCP-Brotherhood-of-Steel\1.6\Defs\ThingDefs_Apparel\ThingDefs_BoS_PowerArmor.xml
FCP	Rick.FCP.BOS	FCP - Brotherhood of Steel	apparel	FCP_Apparel_BoS_Midwestern_Power_Armor_Helmet	Midwestern Brotherhood Power Armor Helmet	assigned	Circle of Steel; FCP Brotherhood of Steel	FIPA_Class_PowerArmor,FIPA_Pool_BrotherhoodNative,FIPA_Pool_CircleOfSteel		FCP_Power_Armor,FCP_Power_Armor_Helmet,FCP_Power_Armor_Midwest		D:\Steam\steamapps\common\RimWorld\Mods\FCP-Brotherhood-of-Steel\1.6\Defs\ThingDefs_Apparel\ThingDefs_BoS_PowerArmor_Headgear.xml
FCP	Rick.FCP.BOS	FCP - Brotherhood of Steel	apparel	FCP_Apparel_BoS_Officer_Undersuit	BoS Officer Undersuit	assigned	Circle of Steel; FCP Brotherhood of Steel	FIPA_Pool_BrotherhoodNative,FIPA_Pool_CircleOfSteel		FCP_BoS_Apparel		D:\Steam\steamapps\common\RimWorld\Mods\FCP-Brotherhood-of-Steel\1.6\Defs\ThingDefs_Apparel\ThingDefs_BoS_Apparel.xml
FCP	Rick.FCP.BOS	FCP - Brotherhood of Steel	apparel	FCP_Apparel_BoS_Outcast_Recon_Armor	BoS Outcast Recon Armor	assigned	Circle of Steel; FCP Brotherhood of Steel	FIPA_Pool_BrotherhoodNative,FIPA_Pool_CircleOfSteel		FCP_BoS_Outcast		D:\Steam\steamapps\common\RimWorld\Mods\FCP-Brotherhood-of-Steel\1.6\Defs\ThingDefs_Apparel\ThingDefs_BoS_Apparel.xml
FCP	Rick.FCP.BOS	FCP - Brotherhood of Steel	apparel	FCP_Apparel_BoS_Outcast_Recon_Hood	BoS Outcast Recon Hood	assigned	Circle of Steel; FCP Brotherhood of Steel	FIPA_Pool_BrotherhoodNative,FIPA_Pool_CircleOfSteel		FCP_BoS_Outcast		D:\Steam\steamapps\common\RimWorld\Mods\FCP-Brotherhood-of-Steel\1.6\Defs\ThingDefs_Apparel\ThingDefs_BoS_HeadGear.xml
FCP	Rick.FCP.BOS	FCP - Brotherhood of Steel	apparel	FCP_Apparel_BoS_Outcast_Scribe_Robes	BoS Outcast Scribe Robes	assigned	Circle of Steel; FCP Brotherhood of Steel	FIPA_Pool_BrotherhoodNative,FIPA_Pool_CircleOfSteel		FCP_BoS_Outcast		D:\Steam\steamapps\common\RimWorld\Mods\FCP-Brotherhood-of-Steel\1.6\Defs\ThingDefs_Apparel\ThingDefs_BoS_Apparel.xml
FCP	Rick.FCP.BOS	FCP - Brotherhood of Steel	apparel	FCP_Apparel_BoS_Recon_Armor	BoS Recon Armor	assigned	Circle of Steel; FCP Brotherhood of Steel	FIPA_Pool_BrotherhoodNative,FIPA_Pool_CircleOfSteel		FCP_BoS_Apparel,FCP_BoS_Apparel_Lyons		D:\Steam\steamapps\common\RimWorld\Mods\FCP-Brotherhood-of-Steel\1.6\Defs\ThingDefs_Apparel\ThingDefs_BoS_Apparel.xml
FCP	Rick.FCP.BOS	FCP - Brotherhood of Steel	apparel	FCP_Apparel_BoS_Recon_Hood	BoS Recon Hood	assigned	Circle of Steel; FCP Brotherhood of Steel	FIPA_Pool_BrotherhoodNative,FIPA_Pool_CircleOfSteel		FCP_BoS_Apparel,FCP_BoS_Apparel_Lyons		D:\Steam\steamapps\common\RimWorld\Mods\FCP-Brotherhood-of-Steel\1.6\Defs\ThingDefs_Apparel\ThingDefs_BoS_HeadGear.xml
FCP	Rick.FCP.BOS	FCP - Brotherhood of Steel	apparel	FCP_Apparel_BoS_Science_Scribe	BoS Science Scribe Outfit	assigned	Circle of Steel; FCP Brotherhood of Steel	FIPA_Pool_BrotherhoodNative,FIPA_Pool_CircleOfSteel		FCP_BoS_Apparel		D:\Steam\steamapps\common\RimWorld\Mods\FCP-Brotherhood-of-Steel\1.6\Defs\ThingDefs_Apparel\ThingDefs_BoS_Apparel.xml
FCP	Rick.FCP.BOS	FCP - Brotherhood of Steel	apparel	FCP_Apparel_BoS_Science_Scribe_Hat	BoS Science Scribe Hat	assigned	Circle of Steel; FCP Brotherhood of Steel	FIPA_Pool_BrotherhoodNative,FIPA_Pool_CircleOfSteel		FCP_BoS_Apparel		D:\Steam\steamapps\common\RimWorld\Mods\FCP-Brotherhood-of-Steel\1.6\Defs\ThingDefs_Apparel\ThingDefs_BoS_HeadGear.xml
FCP	Rick.FCP.BOS	FCP - Brotherhood of Steel	apparel	FCP_Apparel_BoS_Scribe_Robes	BoS Scribe Robes	assigned	Circle of Steel; FCP Brotherhood of Steel	FIPA_Pool_BrotherhoodNative,FIPA_Pool_CircleOfSteel		FCP_BoS_Apparel		D:\Steam\steamapps\common\RimWorld\Mods\FCP-Brotherhood-of-Steel\1.6\Defs\ThingDefs_Apparel\ThingDefs_BoS_Apparel.xml
FCP	Rick.FCP.BOS	FCP - Brotherhood of Steel	apparel	FCP_Apparel_BoS_Soldier_Undersuit	BoS Soldier Undersuit	assigned	Circle of Steel; FCP Brotherhood of Steel	FIPA_Pool_BrotherhoodNative,FIPA_Pool_CircleOfSteel		FCP_BoS_Apparel		D:\Steam\steamapps\common\RimWorld\Mods\FCP-Brotherhood-of-Steel\1.6\Defs\ThingDefs_Apparel\ThingDefs_BoS_Apparel.xml
FCP	Rick.FCP.BOS	FCP - Brotherhood of Steel	apparel	FCP_Apparel_BoS_Squire	BoS Squire Uniform	assigned	Circle of Steel; FCP Brotherhood of Steel	FIPA_Pool_BrotherhoodNative,FIPA_Pool_CircleOfSteel		FCP_BoS_Apparel		D:\Steam\steamapps\common\RimWorld\Mods\FCP-Brotherhood-of-Steel\1.6\Defs\ThingDefs_Apparel\ThingDefs_BoS_Apparel.xml
FCP	Rick.FCP.BOS	FCP - Brotherhood of Steel	apparel	FCP_Apparel_BoS_Squire_Hat	BoS Squire Hat	assigned	Circle of Steel; FCP Brotherhood of Steel	FIPA_Pool_BrotherhoodNative,FIPA_Pool_CircleOfSteel		FCP_BoS_Apparel		D:\Steam\steamapps\common\RimWorld\Mods\FCP-Brotherhood-of-Steel\1.6\Defs\ThingDefs_Apparel\ThingDefs_BoS_HeadGear.xml
FCP	Rick.FCP.BOS	FCP - Brotherhood of Steel	apparel	FCP_Apparel_BoS_Sturdy_Combat_Armor	BoS Sturdy Combat Armor	assigned	Circle of Steel; FCP Brotherhood of Steel	FIPA_Pool_BrotherhoodNative,FIPA_Pool_CircleOfSteel		FCP_BoS_Apparel,FCP_BoS_Combat_Armor		D:\Steam\steamapps\common\RimWorld\Mods\FCP-Brotherhood-of-Steel\1.6\Defs\ThingDefs_Apparel\ThingDefs_BoS_Apparel.xml
FCP	Rick.FCP.BOS	FCP - Brotherhood of Steel	apparel	FCP_Apparel_BoS_T45_Lyons_Power_Armor	BoS Lyons T-45 Power Armor	assigned	Circle of Steel; FCP Brotherhood of Steel	FIPA_Class_PowerArmor,FIPA_Pool_BrotherhoodNative,FIPA_Pool_CircleOfSteel		FCP_Power_Armor,FCP_Power_Armor_Lyons		D:\Steam\steamapps\common\RimWorld\Mods\FCP-Brotherhood-of-Steel\1.6\Defs\ThingDefs_Apparel\ThingDefs_BoS_PowerArmor.xml
FCP	Rick.FCP.BOS	FCP - Brotherhood of Steel	apparel	FCP_Apparel_BoS_T45_Lyons_Power_Armor_Helmet	BoS Lyons T-45 Power Armor Helmet	assigned	Circle of Steel; FCP Brotherhood of Steel	FIPA_Class_PowerArmor,FIPA_Pool_BrotherhoodNative,FIPA_Pool_CircleOfSteel		FCP_Power_Armor_Helmet,FCP_Power_Armor_Lyons		D:\Steam\steamapps\common\RimWorld\Mods\FCP-Brotherhood-of-Steel\1.6\Defs\ThingDefs_Apparel\ThingDefs_BoS_PowerArmor_Headgear.xml
FCP	Rick.FCP.BOS	FCP - Brotherhood of Steel	apparel	FCP_Apparel_BoS_T45_Outcast_Power_Armor	BoS Outcast T-45 Power Armor	assigned	Circle of Steel; FCP Brotherhood of Steel	FIPA_Class_PowerArmor,FIPA_Pool_BrotherhoodNative,FIPA_Pool_CircleOfSteel		FCP_Power_Armor,FCP_Power_Armor_Outcast		D:\Steam\steamapps\common\RimWorld\Mods\FCP-Brotherhood-of-Steel\1.6\Defs\ThingDefs_Apparel\ThingDefs_BoS_PowerArmor.xml
FCP	Rick.FCP.BOS	FCP - Brotherhood of Steel	apparel	FCP_Apparel_BoS_T45_Outcast_Power_Armor_Helmet	BoS Outcast T-45 Power Armor Helmet	assigned	Circle of Steel; FCP Brotherhood of Steel	FIPA_Class_PowerArmor,FIPA_Pool_BrotherhoodNative,FIPA_Pool_CircleOfSteel		FCP_Power_Armor_Helmet,FCP_Power_Armor_Outcast		D:\Steam\steamapps\common\RimWorld\Mods\FCP-Brotherhood-of-Steel\1.6\Defs\ThingDefs_Apparel\ThingDefs_BoS_PowerArmor_Headgear.xml
FCP	Rick.FCP.BOS	FCP - Brotherhood of Steel	apparel	FCP_Apparel_BoS_T51_Appalachia_Power_Armor	BoS Appalachia T-51 Power Armor	assigned	Circle of Steel; FCP Brotherhood of Steel	FIPA_Class_PowerArmor,FIPA_Pool_BrotherhoodNative,FIPA_Pool_CircleOfSteel		FCP_Power_Armor		D:\Steam\steamapps\common\RimWorld\Mods\FCP-Brotherhood-of-Steel\1.6\Defs\ThingDefs_Apparel\ThingDefs_BoS_PowerArmor.xml
FCP	Rick.FCP.BOS	FCP - Brotherhood of Steel	apparel	FCP_Apparel_BoS_T51_Appalachia_Power_Armor_Helmet	BoS Appalachia T-51  Power Armor Helmet	assigned	Circle of Steel; FCP Brotherhood of Steel	FIPA_Class_PowerArmor,FIPA_Pool_BrotherhoodNative,FIPA_Pool_CircleOfSteel		FCP_Power_Armor_Helmet		D:\Steam\steamapps\common\RimWorld\Mods\FCP-Brotherhood-of-Steel\1.6\Defs\ThingDefs_Apparel\ThingDefs_BoS_PowerArmor_Headgear.xml
FCP	Rick.FCP.BOS	FCP - Brotherhood of Steel	apparel	FCP_Apparel_BoS_T51_Power_Armor	BoS T-51 Power Armor	assigned	Circle of Steel; FCP Brotherhood of Steel	FIPA_Class_PowerArmor,FIPA_Pool_BrotherhoodNative,FIPA_Pool_CircleOfSteel		FCP_Power_Armor		D:\Steam\steamapps\common\RimWorld\Mods\FCP-Brotherhood-of-Steel\1.6\Defs\ThingDefs_Apparel\ThingDefs_BoS_PowerArmor.xml
FCP	Rick.FCP.BOS	FCP - Brotherhood of Steel	apparel	FCP_Apparel_BoS_T51_Power_Armor_Helmet	BoS T-51 Power Armor Helmet	assigned	Circle of Steel; FCP Brotherhood of Steel	FIPA_Class_PowerArmor,FIPA_Pool_BrotherhoodNative,FIPA_Pool_CircleOfSteel		FCP_Power_Armor_Helmet		D:\Steam\steamapps\common\RimWorld\Mods\FCP-Brotherhood-of-Steel\1.6\Defs\ThingDefs_Apparel\ThingDefs_BoS_PowerArmor_Headgear.xml
FCP	Rick.FCP.BOS	FCP - Brotherhood of Steel	apparel	FCP_Apparel_BoS_T60_Power_Armor	BoS T-60 Power Armor	assigned	Circle of Steel; FCP Brotherhood of Steel	FIPA_Class_PowerArmor,FIPA_Pool_BrotherhoodNative,FIPA_Pool_CircleOfSteel		FCP_Power_Armor		D:\Steam\steamapps\common\RimWorld\Mods\FCP-Brotherhood-of-Steel\1.6\Defs\ThingDefs_Apparel\ThingDefs_BoS_PowerArmor.xml
FCP	Rick.FCP.BOS	FCP - Brotherhood of Steel	apparel	FCP_Apparel_BoS_T60_Power_Armor_Helmet	BoS T-60 Power Armor Helmet	assigned	Circle of Steel; FCP Brotherhood of Steel	FIPA_Class_PowerArmor,FIPA_Pool_BrotherhoodNative,FIPA_Pool_CircleOfSteel		FCP_Power_Armor_Helmet		D:\Steam\steamapps\common\RimWorld\Mods\FCP-Brotherhood-of-Steel\1.6\Defs\ThingDefs_Apparel\ThingDefs_BoS_PowerArmor_Headgear.xml
FCP	Rick.FCP.BOS	FCP - Brotherhood of Steel	weapon	FCP_Gun_BoS_Crusader_Pistol	BoS 10mm Crusader Pistol	assigned	Circle of Steel; FCP Brotherhood of Steel	FIPW_Pool_BrotherhoodNative,FIPW_Pool_CircleOfSteel,FIPW_Role_Sidearm,FIPW_T3_Advanced	FCP_BoS_Weapon,Gun			D:\Steam\steamapps\common\RimWorld\Mods\FCP-Brotherhood-of-Steel\1.6\Defs\ThingDefs_Weapons\WeaponDefs_BoS.xml
FCP	Rick.FCP.BOS	FCP - Brotherhood of Steel	weapon	FCP_Gun_BoS_M94_Plasma_Rifle	BoS M-94 Plasma Rifle	assigned	Circle of Steel; FCP Brotherhood of Steel	FIPW_Pool_BrotherhoodNative,FIPW_Pool_CircleOfSteel,FIPW_Role_Plasma,FIPW_T4_Elite	FCP_BoS_Weapon,Gun			D:\Steam\steamapps\common\RimWorld\Mods\FCP-Brotherhood-of-Steel\1.6\Defs\ThingDefs_Weapons\WeaponDefs_BoS.xml
FCP	Rick.FCP.BOS	FCP - Brotherhood of Steel	weapon	FCP_Gun_BoS_Ultracite_Rifle	BoS Ultracite Rifle	assigned	Circle of Steel; FCP Brotherhood of Steel	FIPW_Pool_BrotherhoodNative,FIPW_Pool_CircleOfSteel,FIPW_Role_Laser,FIPW_T4_Elite	FCP_BoS_Weapon,Gun			D:\Steam\steamapps\common\RimWorld\Mods\FCP-Brotherhood-of-Steel\1.6\Defs\ThingDefs_Weapons\WeaponDefs_BoS.xml
FCP	Rick.FCP.BOS	FCP - Brotherhood of Steel	weapon	FCP_Melee_BoS_Super_Sledge	BoS Super Sledge	assigned	Circle of Steel; FCP Brotherhood of Steel	FIPW_Pool_BrotherhoodNative,FIPW_Pool_CircleOfSteel,FIPW_Role_Heavy,FIPW_T3_Advanced	FCP_BoS_Heavy_Weapon			D:\Steam\steamapps\common\RimWorld\Mods\FCP-Brotherhood-of-Steel\1.6\Defs\ThingDefs_Weapons\WeaponDefs_BoS.xml
FCP	Rick.FCP.Core.Tools	FCP - Tools	apparel	FCP_Apparel_Mysterious_Stranger_Hat	Mysterious Stranger Hat	unique_or_quest_only		FIPA_Special_MysteriousStranger		FCP_Mysterious_Stranger_Outfit	Mysterious Stranger outfit is a named special set.	D:\Steam\steamapps\common\RimWorld\Mods\FCP-Tools\1.6\Defs\ThingDefs_Apparel\ThingDefs_Wastelander_Apparel.xml
FCP	Rick.FCP.Core.Tools	FCP - Tools	apparel	FCP_Apparel_Mysterious_Stranger_Outfit	Mysterious Stranger	unique_or_quest_only		FIPA_Special_MysteriousStranger		FCP_Mysterious_Stranger_Outfit	Mysterious Stranger outfit is a named special set.	D:\Steam\steamapps\common\RimWorld\Mods\FCP-Tools\1.6\Defs\ThingDefs_Apparel\ThingDefs_Wastelander_Apparel.xml
FCP	Rick.FCP.Core.Tools	FCP - Tools	apparel	FCP_Apparel_Pipboy3000_Mark_IV	Pip-Boy 3000 Mark IV	assigned	controlled and crazed vaults	FIPA_Pool_VaultHighTech		FCP_Pipboy		D:\Steam\steamapps\common\RimWorld\Mods\FCP-Tools\1.6\Defs\ThingDefs_Apparel\ThingDefs_Pipboy.xml
FCP	Rick.FCP.Core.Tools	FCP - Tools	apparel	FCP_Apparel_Pipboy3000_Mk_I	Pip-Boy 3000	assigned	controlled and crazed vaults	FIPA_Pool_VaultHighTech		FCP_Pipboy		D:\Steam\steamapps\common\RimWorld\Mods\FCP-Tools\1.6\Defs\ThingDefs_Apparel\ThingDefs_Pipboy.xml
FCP	Rick.FCP.Enclave	FCP - The Enclave	apparel	FCP_Apparel_Enclave_Advanced_Power_Armor	Enclave Advanced Power Armor	assigned	FCP Enclave; Whitespring power-armored soldiers	FIPA_Class_PowerArmor,FIPA_Pool_EnclaveNative,FIPA_Pool_EnclavePowerArmor,FIPA_Pool_EnclavePowerArmor_APA		FCP_Enclave_Power_Armor,FCP_Power_Armor		D:\Steam\steamapps\common\RimWorld\Mods\FCP-Enclave\1.6\Defs\ApparelDefs\ThingDefs_Enclave_Power_Armor.xml
FCP	Rick.FCP.Enclave	FCP - The Enclave	apparel	FCP_Apparel_Enclave_Advanced_Power_Armor_Helmet	Enclave Advanced Power Armor Helmet	assigned	FCP Enclave; Whitespring power-armored soldiers	FIPA_Class_PowerArmor,FIPA_Pool_EnclaveNative,FIPA_Pool_EnclavePowerArmor,FIPA_Pool_EnclavePowerArmor_APA		FCP_Enclave_Advanced_Power_Armor,FCP_Power_Armor_Helmet		D:\Steam\steamapps\common\RimWorld\Mods\FCP-Enclave\1.6\Defs\ApparelDefs\ThingDefs_Enclave_Power_Armor_Headgear.xml
FCP	Rick.FCP.Enclave	FCP - The Enclave	apparel	FCP_Apparel_Enclave_Advanced_Power_Armor_MkII	Enclave Advanced Power Armor MkII	assigned	FCP Enclave; Whitespring power-armored soldiers	FIPA_Class_PowerArmor,FIPA_Pool_EnclaveNative,FIPA_Pool_EnclavePowerArmor,FIPA_Pool_EnclavePowerArmor_APA		FCP_Enclave_Advanced_Power_Armor_MkII,FCP_Power_Armor		D:\Steam\steamapps\common\RimWorld\Mods\FCP-Enclave\1.6\Defs\ApparelDefs\ThingDefs_Enclave_Power_Armor.xml
FCP	Rick.FCP.Enclave	FCP - The Enclave	apparel	FCP_Apparel_Enclave_Advanced_Power_Armor_MkII_Helmet	Enclave Advanced Power Armor Mk II Helmet	assigned	FCP Enclave; Whitespring power-armored soldiers	FIPA_Class_PowerArmor,FIPA_Pool_EnclaveNative,FIPA_Pool_EnclavePowerArmor,FIPA_Pool_EnclavePowerArmor_APA		FCP_Enclave_Advanced_Power_Armor_MkII,FCP_Power_Armor_Helmet		D:\Steam\steamapps\common\RimWorld\Mods\FCP-Enclave\1.6\Defs\ApparelDefs\ThingDefs_Enclave_Power_Armor_Headgear.xml
FCP	Rick.FCP.Enclave	FCP - The Enclave	apparel	FCP_Apparel_Enclave_Combat_Armor	Enclave Combat Armor	assigned	Enclave remnants; FCP Enclave; Whitespring armored troops	FIPA_Pool_EnclaveCombatArmor,FIPA_Pool_EnclaveNative,FIPA_Pool_EnclaveRemnant		FCP_Enclave_Apparel		D:\Steam\steamapps\common\RimWorld\Mods\FCP-Enclave\1.6\Defs\ApparelDefs\ThingDefs_Enclave_Apparel.xml
FCP	Rick.FCP.Enclave	FCP - The Enclave	apparel	FCP_Apparel_Enclave_Combat_Armor_Helmet	Enclave Combat Armor Helmet	assigned	Enclave remnants; FCP Enclave; Whitespring armored troops	FIPA_Pool_EnclaveCombatArmor,FIPA_Pool_EnclaveNative,FIPA_Pool_EnclaveRemnant				D:\Steam\steamapps\common\RimWorld\Mods\FCP-Enclave\1.6\Defs\ApparelDefs\ThingDefs_Enclave_Headgear.xml
FCP	Rick.FCP.Enclave	FCP - The Enclave	apparel	FCP_Apparel_Enclave_Hellfire_Power_Armor	Enclave Hellfire Power Armor	assigned	FCP Enclave; Whitespring power-armored soldiers	FIPA_Class_PowerArmor,FIPA_Pool_EnclaveNative,FIPA_Pool_EnclavePowerArmor,FIPA_Pool_EnclavePowerArmor_Hellfire		FCP_Enclave_Hellfire_Power_Armor,FCP_Power_Armor		D:\Steam\steamapps\common\RimWorld\Mods\FCP-Enclave\1.6\Defs\ApparelDefs\ThingDefs_Enclave_Power_Armor.xml
FCP	Rick.FCP.Enclave	FCP - The Enclave	apparel	FCP_Apparel_Enclave_Hellfire_Power_Armor_Helmet	Enclave Hellfire Power Armor Helmet	assigned	FCP Enclave; Whitespring power-armored soldiers	FIPA_Class_PowerArmor,FIPA_Pool_EnclaveNative,FIPA_Pool_EnclavePowerArmor,FIPA_Pool_EnclavePowerArmor_Hellfire		FCP_Enclave_Hellfire_Power_Armor,FCP_Power_Armor_Helmet		D:\Steam\steamapps\common\RimWorld\Mods\FCP-Enclave\1.6\Defs\ApparelDefs\ThingDefs_Enclave_Power_Armor_Headgear.xml
FCP	Rick.FCP.Enclave	FCP - The Enclave	apparel	FCP_Apparel_Enclave_Officer_Cap	Enclave Officer Cap	assigned	Enclave remnants; FCP Enclave; Whitespring officers	FIPA_Pool_EnclaveNative,FIPA_Pool_EnclaveOfficer,FIPA_Pool_EnclaveRemnant				D:\Steam\steamapps\common\RimWorld\Mods\FCP-Enclave\1.6\Defs\ApparelDefs\ThingDefs_Enclave_Headgear.xml
FCP	Rick.FCP.Enclave	FCP - The Enclave	apparel	FCP_Apparel_Enclave_Officer_Coat	Enclave Officer Coat	assigned	Enclave remnants; FCP Enclave; Whitespring officers	FIPA_Pool_EnclaveNative,FIPA_Pool_EnclaveOfficer,FIPA_Pool_EnclaveRemnant		FCP_Enclave_Officer_Apparel		D:\Steam\steamapps\common\RimWorld\Mods\FCP-Enclave\1.6\Defs\ApparelDefs\ThingDefs_Enclave_Apparel.xml
FCP	Rick.FCP.Enclave	FCP - The Enclave	apparel	FCP_Apparel_Enclave_Scientist_Boots	Enclave Scientist Boots	assigned	Enclave remnants; FCP Enclave; Whitespring scientists	FIPA_Pool_EnclaveNative,FIPA_Pool_EnclaveRemnant,FIPA_Pool_EnclaveScientist		FCP_Enclave_Scientist_Apparel		D:\Steam\steamapps\common\RimWorld\Mods\FCP-Enclave\1.6\Defs\ApparelDefs\ThingDefs_Enclave_Apparel.xml
FCP	Rick.FCP.Enclave	FCP - The Enclave	apparel	FCP_Apparel_Enclave_Scientist_Glove	Enclave Scientist Gloves	assigned	Enclave remnants; FCP Enclave; Whitespring scientists	FIPA_Pool_EnclaveNative,FIPA_Pool_EnclaveRemnant,FIPA_Pool_EnclaveScientist		FCP_Enclave_Scientist_Apparel		D:\Steam\steamapps\common\RimWorld\Mods\FCP-Enclave\1.6\Defs\ApparelDefs\ThingDefs_Enclave_Apparel.xml
FCP	Rick.FCP.Enclave	FCP - The Enclave	apparel	FCP_Apparel_Enclave_Scientist_Helmet	Enclave Scientist Helmet	assigned	Enclave remnants; FCP Enclave; Whitespring scientists	FIPA_Pool_EnclaveNative,FIPA_Pool_EnclaveRemnant,FIPA_Pool_EnclaveScientist				D:\Steam\steamapps\common\RimWorld\Mods\FCP-Enclave\1.6\Defs\ApparelDefs\ThingDefs_Enclave_Headgear.xml
FCP	Rick.FCP.Enclave	FCP - The Enclave	apparel	FCP_Apparel_Enclave_Scientist_Outfit	Enclave Scientist Outfit	assigned	Enclave remnants; FCP Enclave; Whitespring scientists	FIPA_Pool_EnclaveNative,FIPA_Pool_EnclaveRemnant,FIPA_Pool_EnclaveScientist		FCP_Enclave_Apparel		D:\Steam\steamapps\common\RimWorld\Mods\FCP-Enclave\1.6\Defs\ApparelDefs\ThingDefs_Enclave_Apparel.xml
FCP	Rick.FCP.Enclave	FCP - The Enclave	apparel	FCP_Apparel_Enclave_Sturdy_Combat_Armor	Enclave Sturdy Combat Armor	assigned	Enclave remnants; FCP Enclave; Whitespring armored troops	FIPA_Pool_EnclaveCombatArmor,FIPA_Pool_EnclaveNative,FIPA_Pool_EnclaveRemnant		FCP_Enclave_Apparel		D:\Steam\steamapps\common\RimWorld\Mods\FCP-Enclave\1.6\Defs\ApparelDefs\ThingDefs_Enclave_Apparel.xml
FCP	Rick.FCP.Enclave	FCP - The Enclave	apparel	FCP_Apparel_Enclave_Trooper_Cap	Enclave Trooper Cap	assigned	Enclave remnants; FCP Enclave; Whitespring troopers	FIPA_Pool_EnclaveNative,FIPA_Pool_EnclaveRemnant,FIPA_Pool_EnclaveTrooper				D:\Steam\steamapps\common\RimWorld\Mods\FCP-Enclave\1.6\Defs\ApparelDefs\ThingDefs_Enclave_Headgear.xml
FCP	Rick.FCP.Enclave	FCP - The Enclave	apparel	FCP_Apparel_Enclave_Trooper_Uniform	Enclave Trooper Uniform	assigned	Enclave remnants; FCP Enclave; Whitespring troopers	FIPA_Pool_EnclaveNative,FIPA_Pool_EnclaveRemnant,FIPA_Pool_EnclaveTrooper		FCP_Enclave_Apparel		D:\Steam\steamapps\common\RimWorld\Mods\FCP-Enclave\1.6\Defs\ApparelDefs\ThingDefs_Enclave_Apparel.xml
FCP	Rick.FCP.Enclave	FCP - The Enclave	apparel	FCP_Apparel_Enclave_X02_Power_Armor	Enclave X-02 Power Armor	assigned	FCP Enclave; Whitespring power-armored soldiers	FIPA_Class_PowerArmor,FIPA_Pool_EnclaveNative,FIPA_Pool_EnclavePowerArmor,FIPA_Pool_EnclavePowerArmor_X02		FCP_Enclave_X02_Power_Armor,FCP_Power_Armor		D:\Steam\steamapps\common\RimWorld\Mods\FCP-Enclave\1.6\Defs\ApparelDefs\ThingDefs_Enclave_Power_Armor.xml
FCP	Rick.FCP.Enclave	FCP - The Enclave	apparel	FCP_Apparel_Enclave_X02_Power_Armor_Helmet	Enclave X02 Power Armor Helmet	assigned	FCP Enclave; Whitespring power-armored soldiers	FIPA_Class_PowerArmor,FIPA_Pool_EnclaveNative,FIPA_Pool_EnclavePowerArmor,FIPA_Pool_EnclavePowerArmor_X02		FCP_Enclave_X02_Power_Armor,FCP_Power_Armor_Helmet		D:\Steam\steamapps\common\RimWorld\Mods\FCP-Enclave\1.6\Defs\ApparelDefs\ThingDefs_Enclave_Power_Armor_Headgear.xml
FCP	Rick.FCP.Enclave	FCP - The Enclave	apparel	FCP_Apparel_Enclave_X02_Tesla_Power_Armor	Enclave X-02 Tesla Power Armor	assigned	FCP Enclave; Whitespring power-armored soldiers	FIPA_Class_PowerArmor,FIPA_Pool_EnclaveNative,FIPA_Pool_EnclavePowerArmor,FIPA_Pool_EnclavePowerArmor_Tesla		FCP_Enclave_X02_Tesla_Power_Armor,FCP_Power_Armor		D:\Steam\steamapps\common\RimWorld\Mods\FCP-Enclave\1.6\Defs\ApparelDefs\ThingDefs_Enclave_Power_Armor.xml
FCP	Rick.FCP.Enclave	FCP - The Enclave	apparel	FCP_Apparel_Enclave_X02_Tesla_Power_Armor_Helmet	Enclave X02 Tesla Power Armor Helmet	assigned	FCP Enclave; Whitespring power-armored soldiers	FIPA_Class_PowerArmor,FIPA_Pool_EnclaveNative,FIPA_Pool_EnclavePowerArmor,FIPA_Pool_EnclavePowerArmor_Tesla		FCP_Enclave_X02_Tesla_Power_Armor,FCP_Power_Armor_Helmet		D:\Steam\steamapps\common\RimWorld\Mods\FCP-Enclave\1.6\Defs\ApparelDefs\ThingDefs_Enclave_Power_Armor_Headgear.xml
FCP	Rick.FCP.Enclave	FCP - The Enclave	weapon	FCP_Gun_Enclave_Advanced_Multiplas_Rifle	Enclave Advanced Multiplas Rifle	assigned	Enclave remnants; FCP Enclave; Whitespring Enclave	FIPW_Pool_Enclave,FIPW_Pool_EnclaveNative,FIPW_Pool_EnclaveRemnant,FIPW_Role_Plasma,FIPW_T4_Elite	FCP_Enclave_Weapon,Gun			D:\Steam\steamapps\common\RimWorld\Mods\FCP-Enclave\1.6\Defs\ThingDefs_Weapons\WeaponDefs_Enclave_Plasma.xml
FCP	Rick.FCP.Enclave	FCP - The Enclave	weapon	FCP_Gun_Enclave_Assault_Plasma_Rifle	Enclave Assault Plasma Rifle	assigned	Enclave remnants; FCP Enclave; Whitespring Enclave	FIPW_Pool_Enclave,FIPW_Pool_EnclaveNative,FIPW_Pool_EnclaveRemnant,FIPW_Role_Plasma,FIPW_T4_Elite	FCP_Enclave_Weapon,Gun			D:\Steam\steamapps\common\RimWorld\Mods\FCP-Enclave\1.6\Defs\ThingDefs_Weapons\WeaponDefs_Enclave_Plasma.xml
FCP	Rick.FCP.Enclave	FCP - The Enclave	weapon	FCP_Gun_Enclave_Plasma_Cannon	Enclave Plasma Cannon	assigned	Enclave remnants; FCP Enclave; Whitespring Enclave	FIPW_Pool_Enclave,FIPW_Pool_EnclaveNative,FIPW_Pool_EnclaveRemnant,FIPW_Role_Plasma,FIPW_T4_Elite	FCP_Enclave_Heavy_Weapon,FCP_Enclave_Weapon,Gun			D:\Steam\steamapps\common\RimWorld\Mods\FCP-Enclave\1.6\Defs\ThingDefs_Weapons\WeaponDefs_Enclave_Plasma.xml
FCP	Rick.FCP.Enclave	FCP - The Enclave	weapon	FCP_Gun_Enclave_Plasma_SMG	Enclave Plasma SMG	assigned	Enclave remnants; FCP Enclave; Whitespring Enclave	FIPW_Pool_Enclave,FIPW_Pool_EnclaveNative,FIPW_Pool_EnclaveRemnant,FIPW_Role_Plasma,FIPW_T4_Elite	FCP_Enclave_Weapon,Gun			D:\Steam\steamapps\common\RimWorld\Mods\FCP-Enclave\1.6\Defs\ThingDefs_Weapons\WeaponDefs_Enclave_Plasma.xml
FCP	Rick.FCP.Enclave	FCP - The Enclave	weapon	FCP_Gun_Enclave_SMELE_Plasma_Rifle	Enclave SMELE Plasma Rifle	assigned	Enclave remnants; FCP Enclave; Whitespring Enclave	FIPW_Pool_Enclave,FIPW_Pool_EnclaveNative,FIPW_Pool_EnclaveRemnant,FIPW_Role_Plasma,FIPW_T4_Elite	FCP_Enclave_Weapon,Gun			D:\Steam\steamapps\common\RimWorld\Mods\FCP-Enclave\1.6\Defs\ThingDefs_Weapons\WeaponDefs_Enclave_Plasma.xml
FCP	Rick.FCP.EnergyWeapons	FCP - Energy Weapons	weapon	FCP_Gun_AER14_Prototype	AER14 Prototype	unique_or_quest_only		FIPW_Role_Laser,FIPW_Unique	FCP_Energy_Weapon,FCP_Laser_Weapon,Gun		Named FCP weapon; deliberately excluded from random faction pools.	D:\Steam\steamapps\common\RimWorld\Mods\FCP-Energy-Weapons\1.6\Defs\WeaponDefs\WeaponDefs_Laser.xml
FCP	Rick.FCP.EnergyWeapons	FCP - Energy Weapons	weapon	FCP_Gun_Flamer_MkI	Flamer Mk I	assigned	Caesar's Legion specialists; Cascadia Forged raiders; Circle of Steel; Enclave remnants; US Army-equipped forces; Whitespring Enclave; controlled and crazed vaults; rough settlements; settlement guards; super mutant forces	FIPW_Pool_CascadiaRaider,FIPW_Pool_CircleOfSteel,FIPW_Pool_Enclave,FIPW_Pool_EnclaveRemnant,FIPW_Pool_LegionElite,FIPW_Pool_RoughSettler,FIPW_Pool_SettlerGuard,FIPW_Pool_SuperMutant,FIPW_Pool_USArmy,FIPW_Pool_VaultHighTech,FIPW_Role_Flame,FIPW_T2_Service	FCP_Energy_Weapon,FCP_Flame_Weapon,Gun			D:\Steam\steamapps\common\RimWorld\Mods\FCP-Energy-Weapons\1.6\Defs\WeaponDefs\WeaponDefs_Flame.xml
FCP	Rick.FCP.EnergyWeapons	FCP - Energy Weapons	weapon	FCP_Gun_Flamer_MkII	Flamer Mk II	assigned	Caesar's Legion specialists; Cascadia Forged raiders; Circle of Steel; Enclave remnants; US Army-equipped forces; Whitespring Enclave; controlled and crazed vaults; rough settlements; settlement guards; super mutant forces	FIPW_Pool_CascadiaRaider,FIPW_Pool_CircleOfSteel,FIPW_Pool_Enclave,FIPW_Pool_EnclaveRemnant,FIPW_Pool_LegionElite,FIPW_Pool_RoughSettler,FIPW_Pool_SettlerGuard,FIPW_Pool_SuperMutant,FIPW_Pool_USArmy,FIPW_Pool_VaultHighTech,FIPW_Role_Flame,FIPW_T2_Service	FCP_Energy_Weapon,FCP_Flame_Weapon,Gun			D:\Steam\steamapps\common\RimWorld\Mods\FCP-Energy-Weapons\1.6\Defs\WeaponDefs\WeaponDefs_Flame.xml
FCP	Rick.FCP.EnergyWeapons	FCP - Energy Weapons	weapon	FCP_Gun_Gatling_Laser	Gatling Laser	assigned	Circle of Steel; Enclave remnants; US Army-equipped forces; Whitespring Enclave; controlled and crazed vaults; rough settlements; settlement guards; super mutant forces	FIPW_Pool_CircleOfSteel,FIPW_Pool_Enclave,FIPW_Pool_EnclaveRemnant,FIPW_Pool_RoughSettler,FIPW_Pool_SettlerGuard,FIPW_Pool_SuperMutant,FIPW_Pool_USArmy,FIPW_Pool_VaultHighTech,FIPW_Role_Laser,FIPW_T3_Advanced	FCP_Energy_Weapon,FCP_Heavy_Energy_Weapon,FCP_Heavy_Laser_Weapon,FCP_Laser_Weapon,Gun			D:\Steam\steamapps\common\RimWorld\Mods\FCP-Energy-Weapons\1.6\Defs\WeaponDefs\WeaponDefs_Laser.xml
FCP	Rick.FCP.EnergyWeapons	FCP - Energy Weapons	weapon	FCP_Gun_Gatling_Laser_MkI	Gatling Laser Mk I	assigned	Circle of Steel; Enclave remnants; US Army-equipped forces; Whitespring Enclave; controlled and crazed vaults; rough settlements; settlement guards; super mutant forces	FIPW_Pool_CircleOfSteel,FIPW_Pool_Enclave,FIPW_Pool_EnclaveRemnant,FIPW_Pool_RoughSettler,FIPW_Pool_SettlerGuard,FIPW_Pool_SuperMutant,FIPW_Pool_USArmy,FIPW_Pool_VaultHighTech,FIPW_Role_Laser,FIPW_T3_Advanced	FCP_Energy_Weapon,FCP_Heavy_Energy_Weapon,FCP_Heavy_Laser_Weapon,FCP_Laser_Weapon,Gun			D:\Steam\steamapps\common\RimWorld\Mods\FCP-Energy-Weapons\1.6\Defs\WeaponDefs\WeaponDefs_Laser.xml
FCP	Rick.FCP.EnergyWeapons	FCP - Energy Weapons	weapon	FCP_Gun_Gauss_Minigun	Gauss Minigun	assigned	Circle of Steel; Enclave remnants; Whitespring Enclave; controlled and crazed vaults	FIPW_Pool_CircleOfSteel,FIPW_Pool_Enclave,FIPW_Pool_EnclaveRemnant,FIPW_Pool_VaultHighTech,FIPW_Role_Gauss,FIPW_T4_Elite	FCP_Energy_Weapon,FCP_Gauss_Weapon,Gun,GunHeavy			D:\Steam\steamapps\common\RimWorld\Mods\FCP-Energy-Weapons\1.6\Defs\WeaponDefs\WeaponDefs_Gauss.xml
FCP	Rick.FCP.EnergyWeapons	FCP - Energy Weapons	weapon	FCP_Gun_Gauss_Sniper_Rifle	Gauss Sniper Rifle	assigned	Circle of Steel; Enclave remnants; Whitespring Enclave; controlled and crazed vaults	FIPW_Pool_CircleOfSteel,FIPW_Pool_Enclave,FIPW_Pool_EnclaveRemnant,FIPW_Pool_VaultHighTech,FIPW_Role_Gauss,FIPW_T4_Elite	FCP_Energy_Weapon,FCP_Gauss_Weapon,Gun,SniperRifle			D:\Steam\steamapps\common\RimWorld\Mods\FCP-Energy-Weapons\1.6\Defs\WeaponDefs\WeaponDefs_Gauss.xml
FCP	Rick.FCP.EnergyWeapons	FCP - Energy Weapons	weapon	FCP_Gun_Glock_86_Plasma_Pistol	Glock 86 Plasma Pistol	assigned	Circle of Steel; Enclave remnants; Whitespring Enclave; controlled and crazed vaults	FIPW_Pool_CircleOfSteel,FIPW_Pool_Enclave,FIPW_Pool_EnclaveRemnant,FIPW_Pool_VaultHighTech,FIPW_Role_Plasma,FIPW_T4_Elite	FCP_Energy_Weapon,FCP_Plasma_Weapon,Gun			D:\Steam\steamapps\common\RimWorld\Mods\FCP-Energy-Weapons\1.6\Defs\WeaponDefs\WeaponDefs_Plasma.xml
FCP	Rick.FCP.EnergyWeapons	FCP - Energy Weapons	weapon	FCP_Gun_Heavy_Incinerator	Heavy Incinerator	unique_or_quest_only		FIPW_Role_Flame,FIPW_Unique	FCP_Energy_Weapon,FCP_Flame_Weapon,FCP_Unique_Weapon,Gun		Named FCP weapon; deliberately excluded from random faction pools.	D:\Steam\steamapps\common\RimWorld\Mods\FCP-Energy-Weapons\1.6\Defs\WeaponDefs\WeaponDefs_Flame.xml
FCP	Rick.FCP.EnergyWeapons	FCP - Energy Weapons	weapon	FCP_Gun_Laser_Carbine	Laser Carbine	assigned	Circle of Steel; Enclave remnants; Two California, Cascadia, and Nuevo Texico tribes; US Army-equipped forces; Whitespring Enclave; controlled and crazed vaults; rough settlements; settlement guards; super mutant forces	FIPW_Pool_CircleOfSteel,FIPW_Pool_Enclave,FIPW_Pool_EnclaveRemnant,FIPW_Pool_RoughSettler,FIPW_Pool_SettlerGuard,FIPW_Pool_SimpleLaserTribal,FIPW_Pool_SuperMutant,FIPW_Pool_USArmy,FIPW_Pool_VaultHighTech,FIPW_Role_Laser,FIPW_T2_Service	FCP_Energy_Weapon,FCP_Laser_Weapon,Gun			D:\Steam\steamapps\common\RimWorld\Mods\FCP-Energy-Weapons\1.6\Defs\WeaponDefs\WeaponDefs_Laser.xml
FCP	Rick.FCP.EnergyWeapons	FCP - Energy Weapons	weapon	FCP_Gun_Laser_Pistol	Laser Pistol	assigned	Circle of Steel; Enclave remnants; Two California, Cascadia, and Nuevo Texico tribes; US Army-equipped forces; Whitespring Enclave; controlled and crazed vaults; rough settlements; settlement guards; super mutant forces	FIPW_Pool_CircleOfSteel,FIPW_Pool_Enclave,FIPW_Pool_EnclaveRemnant,FIPW_Pool_RoughSettler,FIPW_Pool_SettlerGuard,FIPW_Pool_SimpleLaserTribal,FIPW_Pool_SuperMutant,FIPW_Pool_USArmy,FIPW_Pool_VaultHighTech,FIPW_Role_Laser,FIPW_T2_Service	FCP_Energy_Weapon,FCP_Laser_Weapon,Gun			D:\Steam\steamapps\common\RimWorld\Mods\FCP-Energy-Weapons\1.6\Defs\WeaponDefs\WeaponDefs_Laser.xml
FCP	Rick.FCP.EnergyWeapons	FCP - Energy Weapons	weapon	FCP_Gun_Laser_RCW	Laser RCW	assigned	Circle of Steel; Enclave remnants; US Army-equipped forces; Whitespring Enclave; controlled and crazed vaults; rough settlements; settlement guards; super mutant forces	FIPW_Pool_CircleOfSteel,FIPW_Pool_Enclave,FIPW_Pool_EnclaveRemnant,FIPW_Pool_RoughSettler,FIPW_Pool_SettlerGuard,FIPW_Pool_SuperMutant,FIPW_Pool_USArmy,FIPW_Pool_VaultHighTech,FIPW_Role_Laser,FIPW_T3_Advanced	FCP_Energy_Weapon,FCP_Laser_Weapon,Gun			D:\Steam\steamapps\common\RimWorld\Mods\FCP-Energy-Weapons\1.6\Defs\WeaponDefs\WeaponDefs_Laser.xml
FCP	Rick.FCP.EnergyWeapons	FCP - Energy Weapons	weapon	FCP_Gun_Laser_Rifle	Laser Rifle	assigned	Circle of Steel; Enclave remnants; Two California, Cascadia, and Nuevo Texico tribes; US Army-equipped forces; Whitespring Enclave; controlled and crazed vaults; rough settlements; settlement guards; super mutant forces	FIPW_Pool_CircleOfSteel,FIPW_Pool_Enclave,FIPW_Pool_EnclaveRemnant,FIPW_Pool_RoughSettler,FIPW_Pool_SettlerGuard,FIPW_Pool_SimpleLaserTribal,FIPW_Pool_SuperMutant,FIPW_Pool_USArmy,FIPW_Pool_VaultHighTech,FIPW_Role_Laser,FIPW_T2_Service	FCP_Energy_Weapon,FCP_Laser_Weapon,Gun			D:\Steam\steamapps\common\RimWorld\Mods\FCP-Energy-Weapons\1.6\Defs\WeaponDefs\WeaponDefs_Laser.xml
FCP	Rick.FCP.EnergyWeapons	FCP - Energy Weapons	weapon	FCP_Gun_M72_A2_Gauss_Rifle	M72 A2 Gauss Rifle	unique_or_quest_only		FIPW_Role_Gauss,FIPW_Unique	FCP_Energy_Weapon,FCP_Gauss_Weapon,Gun,IndustrialGunAdvanced		Named FCP weapon; deliberately excluded from random faction pools.	D:\Steam\steamapps\common\RimWorld\Mods\FCP-Energy-Weapons\1.6\Defs\WeaponDefs\WeaponDefs_Gauss.xml
FCP	Rick.FCP.EnergyWeapons	FCP - Energy Weapons	weapon	FCP_Gun_M72_Gauss_Rifle	M72 Gauss Rifle	assigned	Circle of Steel; Enclave remnants; Whitespring Enclave; controlled and crazed vaults	FIPW_Pool_CircleOfSteel,FIPW_Pool_Enclave,FIPW_Pool_EnclaveRemnant,FIPW_Pool_VaultHighTech,FIPW_Role_Gauss,FIPW_T4_Elite	FCP_Energy_Weapon,FCP_Gauss_Weapon,Gun,IndustrialGunAdvanced			D:\Steam\steamapps\common\RimWorld\Mods\FCP-Energy-Weapons\1.6\Defs\WeaponDefs\WeaponDefs_Gauss.xml
FCP	Rick.FCP.EnergyWeapons	FCP - Energy Weapons	weapon	FCP_Gun_MF_Hyperbreeder_Alpha	MF Hyperbreeder Alpha	unique_or_quest_only		FIPW_Role_Laser,FIPW_Unique	FCP_Energy_Weapon,FCP_Recharger_Weapon		Named FCP weapon; deliberately excluded from random faction pools.	D:\Steam\steamapps\common\RimWorld\Mods\FCP-Energy-Weapons\1.6\Defs\WeaponDefs\WeaponDefs_Laser.xml
FCP	Rick.FCP.EnergyWeapons	FCP - Energy Weapons	weapon	FCP_Gun_Multiplas_Rifle	Multiplas Rifle	assigned	Circle of Steel; Enclave remnants; Whitespring Enclave; controlled and crazed vaults	FIPW_Pool_CircleOfSteel,FIPW_Pool_Enclave,FIPW_Pool_EnclaveRemnant,FIPW_Pool_VaultHighTech,FIPW_Role_Plasma,FIPW_T4_Elite	FCP_Energy_Weapon,FCP_Plasma_Weapon,Gun			D:\Steam\steamapps\common\RimWorld\Mods\FCP-Energy-Weapons\1.6\Defs\WeaponDefs\WeaponDefs_Plasma.xml
FCP	Rick.FCP.EnergyWeapons	FCP - Energy Weapons	weapon	FCP_Gun_P_94_Plasma_Rifle	P-94 Plasma Rifle	assigned	Circle of Steel; Enclave remnants; Whitespring Enclave; controlled and crazed vaults	FIPW_Pool_CircleOfSteel,FIPW_Pool_Enclave,FIPW_Pool_EnclaveRemnant,FIPW_Pool_VaultHighTech,FIPW_Role_Plasma,FIPW_T4_Elite	FCP_Energy_Weapon,FCP_Plasma_Weapon,Gun			D:\Steam\steamapps\common\RimWorld\Mods\FCP-Energy-Weapons\1.6\Defs\WeaponDefs\WeaponDefs_Plasma.xml
FCP	Rick.FCP.EnergyWeapons	FCP - Energy Weapons	weapon	FCP_Gun_Pew_Pew	Pew Pew	unique_or_quest_only		FIPW_Role_Laser,FIPW_Unique	FCP_Energy_Weapon,FCP_Laser_Weapon,Gun		Named FCP weapon; deliberately excluded from random faction pools.	D:\Steam\steamapps\common\RimWorld\Mods\FCP-Energy-Weapons\1.6\Defs\WeaponDefs\WeaponDefs_Laser.xml
FCP	Rick.FCP.EnergyWeapons	FCP - Energy Weapons	weapon	FCP_Gun_Plasma_Caster	Plasma Caster	assigned	Circle of Steel; Enclave remnants; Whitespring Enclave; controlled and crazed vaults	FIPW_Pool_CircleOfSteel,FIPW_Pool_Enclave,FIPW_Pool_EnclaveRemnant,FIPW_Pool_VaultHighTech,FIPW_Role_Plasma,FIPW_T4_Elite	FCP_Energy_Weapon,FCP_Heavy_Energy_Weapon,FCP_Heavy_Plasma_Weapon,FCP_Plasma_Weapon,Gun			D:\Steam\steamapps\common\RimWorld\Mods\FCP-Energy-Weapons\1.6\Defs\WeaponDefs\WeaponDefs_Plasma.xml
FCP	Rick.FCP.EnergyWeapons	FCP - Energy Weapons	weapon	FCP_Gun_Plasma_Caster_MkI	Plasma Caster Mk I	assigned	Circle of Steel; Enclave remnants; Whitespring Enclave; controlled and crazed vaults	FIPW_Pool_CircleOfSteel,FIPW_Pool_Enclave,FIPW_Pool_EnclaveRemnant,FIPW_Pool_VaultHighTech,FIPW_Role_Plasma,FIPW_T4_Elite	FCP_Energy_Weapon,FCP_Heavy_Energy_Weapon,FCP_Heavy_Plasma_Weapon,FCP_Plasma_Weapon,Gun			D:\Steam\steamapps\common\RimWorld\Mods\FCP-Energy-Weapons\1.6\Defs\WeaponDefs\WeaponDefs_Plasma.xml
FCP	Rick.FCP.EnergyWeapons	FCP - Energy Weapons	weapon	FCP_Gun_Plasma_Defender	Plasma Defender	assigned	Circle of Steel; Enclave remnants; Whitespring Enclave; controlled and crazed vaults	FIPW_Pool_CircleOfSteel,FIPW_Pool_Enclave,FIPW_Pool_EnclaveRemnant,FIPW_Pool_VaultHighTech,FIPW_Role_Plasma,FIPW_T4_Elite	FCP_Energy_Weapon,FCP_Plasma_Weapon,Gun			D:\Steam\steamapps\common\RimWorld\Mods\FCP-Energy-Weapons\1.6\Defs\WeaponDefs\WeaponDefs_Plasma.xml
FCP	Rick.FCP.EnergyWeapons	FCP - Energy Weapons	weapon	FCP_Gun_Plasma_Machine_Gun	Plasma Machine Gun	assigned	Circle of Steel; Enclave remnants; Whitespring Enclave; controlled and crazed vaults	FIPW_Pool_CircleOfSteel,FIPW_Pool_Enclave,FIPW_Pool_EnclaveRemnant,FIPW_Pool_VaultHighTech,FIPW_Role_Plasma,FIPW_T4_Elite	FCP_Energy_Weapon,FCP_Heavy_Energy_Weapon,FCP_Heavy_Plasma_Weapon,FCP_Plasma_Weapon,Gun			D:\Steam\steamapps\common\RimWorld\Mods\FCP-Energy-Weapons\1.6\Defs\WeaponDefs\WeaponDefs_Plasma.xml
FCP	Rick.FCP.EnergyWeapons	FCP - Energy Weapons	weapon	FCP_Gun_Plasma_Pistol	Plasma Pistol	assigned	Circle of Steel; Enclave remnants; Whitespring Enclave; controlled and crazed vaults	FIPW_Pool_CircleOfSteel,FIPW_Pool_Enclave,FIPW_Pool_EnclaveRemnant,FIPW_Pool_VaultHighTech,FIPW_Role_Plasma,FIPW_T4_Elite	FCP_Energy_Weapon,FCP_Plasma_Weapon,Gun			D:\Steam\steamapps\common\RimWorld\Mods\FCP-Energy-Weapons\1.6\Defs\WeaponDefs\WeaponDefs_Plasma.xml
FCP	Rick.FCP.EnergyWeapons	FCP - Energy Weapons	weapon	FCP_Gun_Plasma_Rifle	Plasma Rifle	assigned	Circle of Steel; Enclave remnants; Whitespring Enclave; controlled and crazed vaults	FIPW_Pool_CircleOfSteel,FIPW_Pool_Enclave,FIPW_Pool_EnclaveRemnant,FIPW_Pool_VaultHighTech,FIPW_Role_Plasma,FIPW_T4_Elite	FCP_Energy_Weapon,FCP_Plasma_Weapon,Gun			D:\Steam\steamapps\common\RimWorld\Mods\FCP-Energy-Weapons\1.6\Defs\WeaponDefs\WeaponDefs_Plasma.xml
FCP	Rick.FCP.EnergyWeapons	FCP - Energy Weapons	weapon	FCP_Gun_PPK12_Gauss_Pistol	PPK12 Gauss Pistol	assigned	Circle of Steel; Enclave remnants; Whitespring Enclave; controlled and crazed vaults	FIPW_Pool_CircleOfSteel,FIPW_Pool_Enclave,FIPW_Pool_EnclaveRemnant,FIPW_Pool_VaultHighTech,FIPW_Role_Gauss,FIPW_T4_Elite	FCP_Energy_Weapon,FCP_Gauss_Weapon,Gun			D:\Steam\steamapps\common\RimWorld\Mods\FCP-Energy-Weapons\1.6\Defs\WeaponDefs\WeaponDefs_Gauss.xml
FCP	Rick.FCP.EnergyWeapons	FCP - Energy Weapons	weapon	FCP_Gun_Q35_Matter_Modulator	Q-35 Matter Modulator	unique_or_quest_only		FIPW_Role_Plasma,FIPW_Unique	FCP_Energy_Weapon,FCP_Plasma_Weapon,FCP_Unique_Weapon		Named FCP weapon; deliberately excluded from random faction pools.	D:\Steam\steamapps\common\RimWorld\Mods\FCP-Energy-Weapons\1.6\Defs\WeaponDefs\WeaponDefs_Plasma.xml
FCP	Rick.FCP.EnergyWeapons	FCP - Energy Weapons	weapon	FCP_Gun_Recharger_Pistol	Recharger Pistol	assigned	Circle of Steel; Enclave remnants; Two California, Cascadia, and Nuevo Texico tribes; US Army-equipped forces; Whitespring Enclave; controlled and crazed vaults; rough settlements; settlement guards; super mutant forces	FIPW_Pool_CircleOfSteel,FIPW_Pool_Enclave,FIPW_Pool_EnclaveRemnant,FIPW_Pool_RoughSettler,FIPW_Pool_SettlerGuard,FIPW_Pool_SimpleLaserTribal,FIPW_Pool_SuperMutant,FIPW_Pool_USArmy,FIPW_Pool_VaultHighTech,FIPW_Role_Laser,FIPW_T2_Service	FCP_Energy_Weapon,FCP_Recharger_Weapon,Gun			D:\Steam\steamapps\common\RimWorld\Mods\FCP-Energy-Weapons\1.6\Defs\WeaponDefs\WeaponDefs_Laser.xml
FCP	Rick.FCP.EnergyWeapons	FCP - Energy Weapons	weapon	FCP_Gun_Recharger_Rifle	Recharger Rifle	assigned	Circle of Steel; Enclave remnants; Two California, Cascadia, and Nuevo Texico tribes; US Army-equipped forces; Whitespring Enclave; controlled and crazed vaults; rough settlements; settlement guards; super mutant forces	FIPW_Pool_CircleOfSteel,FIPW_Pool_Enclave,FIPW_Pool_EnclaveRemnant,FIPW_Pool_RoughSettler,FIPW_Pool_SettlerGuard,FIPW_Pool_SimpleLaserTribal,FIPW_Pool_SuperMutant,FIPW_Pool_USArmy,FIPW_Pool_VaultHighTech,FIPW_Role_Laser,FIPW_T2_Service	FCP_Energy_Weapon,FCP_Recharger_Weapon,Gun			D:\Steam\steamapps\common\RimWorld\Mods\FCP-Energy-Weapons\1.6\Defs\WeaponDefs\WeaponDefs_Laser.xml
FCP	Rick.FCP.EnergyWeapons	FCP - Energy Weapons	weapon	FCP_Gun_Sprtel_Wood_9700_Unique	Sprtel-Wood 9700	unique_or_quest_only		FIPW_Role_Heavy,FIPW_Unique	FCP_Heavy_Energy_Weapon,Gun		Named FCP weapon; deliberately excluded from random faction pools.	D:\Steam\steamapps\common\RimWorld\Mods\FCP-Energy-Weapons\1.6\Defs\WeaponDefs\WeaponDefs_Laser.xml
FCP	Rick.FCP.EnergyWeapons	FCP - Energy Weapons	weapon	FCP_Gun_Tri_Beam_Laser_Rifle	Tri-Beam Laser Rifle	assigned	Circle of Steel; Enclave remnants; US Army-equipped forces; Whitespring Enclave; controlled and crazed vaults; rough settlements; settlement guards; super mutant forces	FIPW_Pool_CircleOfSteel,FIPW_Pool_Enclave,FIPW_Pool_EnclaveRemnant,FIPW_Pool_RoughSettler,FIPW_Pool_SettlerGuard,FIPW_Pool_SuperMutant,FIPW_Pool_USArmy,FIPW_Pool_VaultHighTech,FIPW_Role_Laser,FIPW_T3_Advanced	FCP_Energy_Weapon,FCP_Laser_Weapon,Gun			D:\Steam\steamapps\common\RimWorld\Mods\FCP-Energy-Weapons\1.6\Defs\WeaponDefs\WeaponDefs_Laser.xml
FCP	Rick.FCP.EnergyWeapons	FCP - Energy Weapons	weapon	FCP_Gun_Wattz_1000_Laser_Pistol	Wattz 1000 Laser Pistol	assigned	Circle of Steel; Enclave remnants; Two California, Cascadia, and Nuevo Texico tribes; US Army-equipped forces; Whitespring Enclave; controlled and crazed vaults; rough settlements; settlement guards; super mutant forces	FIPW_Pool_CircleOfSteel,FIPW_Pool_Enclave,FIPW_Pool_EnclaveRemnant,FIPW_Pool_RoughSettler,FIPW_Pool_SettlerGuard,FIPW_Pool_SimpleLaserTribal,FIPW_Pool_SuperMutant,FIPW_Pool_USArmy,FIPW_Pool_VaultHighTech,FIPW_Role_Laser,FIPW_T2_Service	FCP_Energy_Weapon,FCP_Laser_Weapon,Gun			D:\Steam\steamapps\common\RimWorld\Mods\FCP-Energy-Weapons\1.6\Defs\WeaponDefs\WeaponDefs_Laser.xml
FCP	Rick.FCP.EnergyWeapons	FCP - Energy Weapons	weapon	FCP_Gun_Wattz_2000_Laser_Rifle	Wattz 2000 Laser Rifle	unique_or_quest_only		FIPW_Role_Laser,FIPW_Unique	FCP_Energy_Weapon,FCP_Laser_Weapon,Gun		Named FCP weapon; deliberately excluded from random faction pools.	D:\Steam\steamapps\common\RimWorld\Mods\FCP-Energy-Weapons\1.6\Defs\WeaponDefs\WeaponDefs_Laser.xml
FCP	Rick.FCP.EnergyWeapons	FCP - Energy Weapons	weapon	FCP_Gun_YK32_Pulse_Pistol	YK32 Pulse Pistol	assigned	Circle of Steel; Enclave remnants; Whitespring Enclave; controlled and crazed vaults	FIPW_Pool_CircleOfSteel,FIPW_Pool_Enclave,FIPW_Pool_EnclaveRemnant,FIPW_Pool_VaultHighTech,FIPW_Role_Pulse,FIPW_T4_Elite	FCP_Energy_Weapon,FCP_Pulse_Weapon,Gun			D:\Steam\steamapps\common\RimWorld\Mods\FCP-Energy-Weapons\1.6\Defs\WeaponDefs\WeaponDefs_Pulse.xml
FCP	Rick.FCP.EnergyWeapons	FCP - Energy Weapons	weapon	FCP_Gun_YK42B_Pulse_Rifle	YK42B Pulse Rifle	assigned	Circle of Steel; Enclave remnants; Whitespring Enclave; controlled and crazed vaults	FIPW_Pool_CircleOfSteel,FIPW_Pool_Enclave,FIPW_Pool_EnclaveRemnant,FIPW_Pool_VaultHighTech,FIPW_Role_Pulse,FIPW_T4_Elite	FCP_Energy_Weapon,FCP_Pulse_Weapon,Gun			D:\Steam\steamapps\common\RimWorld\Mods\FCP-Energy-Weapons\1.6\Defs\WeaponDefs\WeaponDefs_Pulse.xml
FCP	Rick.FCP.GreatKhans	FCP - Great Khans	apparel	FCP_Apparel_Great_Khan_Armored_Leathers	armored leathers	assigned	California raiders; FCP Great Khans	FIPA_Pool_CaliforniaRaider,FIPA_Pool_GreatKhanNative		FCP_Great_Khan_Armor		D:\Steam\steamapps\common\RimWorld\Mods\FCP-Great-Khans\1.6\Defs\ThingDefs_Apparel\GreatKhan_Apparel.xml
FCP	Rick.FCP.GreatKhans	FCP - Great Khans	apparel	FCP_Apparel_Great_Khan_Helmet	Great Khan helmet	assigned	California raiders; FCP Great Khans	FIPA_Pool_CaliforniaRaider,FIPA_Pool_GreatKhanNative		FCP_Great_Khan_Helmet		D:\Steam\steamapps\common\RimWorld\Mods\FCP-Great-Khans\1.6\Defs\ThingDefs_Apparel\GreatKhan_Apparel.xml
FCP	Rick.FCP.GreatKhans	FCP - Great Khans	apparel	FCP_Apparel_Great_Khan_Simple_Armor	Great Khan simple armor	assigned	California raiders; FCP Great Khans	FIPA_Pool_CaliforniaRaider,FIPA_Pool_GreatKhanNative		FCP_Great_Khan_Armor		D:\Steam\steamapps\common\RimWorld\Mods\FCP-Great-Khans\1.6\Defs\ThingDefs_Apparel\GreatKhan_Apparel.xml
FCP	Rick.FCP.GreatKhans	FCP - Great Khans	apparel	FCP_Apparel_Great_Khan_Soldier_Armor	Great Khan soldier armor	assigned	California raiders; FCP Great Khans	FIPA_Pool_CaliforniaRaider,FIPA_Pool_GreatKhanNative		FCP_Great_Khan_Armor,FCP_Great_Khan_Soldier		D:\Steam\steamapps\common\RimWorld\Mods\FCP-Great-Khans\1.6\Defs\ThingDefs_Apparel\GreatKhan_Apparel.xml
FCP	Rick.FCP.GreatKhans	FCP - Great Khans	apparel	FCP_Apparel_Great_Khan_Suit_Armor	suit armor	assigned	California raider leaders; FCP Great Khans	FIPA_Pool_CaliforniaRaiderLeader,FIPA_Pool_GreatKhanNative		FCP_Great_Khan_Elite,FCP_Great_Khan_Leader		D:\Steam\steamapps\common\RimWorld\Mods\FCP-Great-Khans\1.6\Defs\ThingDefs_Apparel\GreatKhan_Apparel.xml
FCP	Rick.FCP.Legion	FCP - Caesars Legion	apparel	FCP_Apparel_Caesar_Robes	Caesar's Robes	assigned	FCP Caesar's Legion	FIPA_Class_FactionElite,FIPA_Pool_LegionNative		FCP_Legion,IndustrialAdvanced,Royal		D:\Steam\steamapps\common\RimWorld\Mods\FCP-Caesars-Legion\1.6\Defs\ThingDefs_Apparel\ThingDefs_Apparel.xml
FCP	Rick.FCP.Legion	FCP - Caesars Legion	apparel	FCP_Apparel_Legion_Centurion_Armor	Legion Centurion Armor	assigned	FCP Caesar's Legion	FIPA_Class_FactionElite,FIPA_Pool_LegionNative		FCP_Legion		D:\Steam\steamapps\common\RimWorld\Mods\FCP-Caesars-Legion\1.6\Defs\ThingDefs_Apparel\ThingDefs_Apparel.xml
FCP	Rick.FCP.Legion	FCP - Caesars Legion	apparel	FCP_Apparel_Legion_Centurion_Helmet	Legion Centurion Helmet	assigned	FCP Caesar's Legion	FIPA_Class_FactionElite,FIPA_Pool_LegionNative		FCP_Legion		D:\Steam\steamapps\common\RimWorld\Mods\FCP-Caesars-Legion\1.6\Defs\ThingDefs_Apparel\ThingDefs_Apparel.xml
FCP	Rick.FCP.Legion	FCP - Caesars Legion	apparel	FCP_Apparel_Legion_Explorer_Armor	Legion Explorer Armor	assigned	FCP Caesar's Legion; Nova Arizona factions	FIPA_Pool_LegionNative,FIPA_Pool_LegionRegional		FCP_Legion		D:\Steam\steamapps\common\RimWorld\Mods\FCP-Caesars-Legion\1.6\Defs\ThingDefs_Apparel\ThingDefs_Apparel.xml
FCP	Rick.FCP.Legion	FCP - Caesars Legion	apparel	FCP_Apparel_Legion_Explorer_Hood	Legion Explorers Hood	assigned	FCP Caesar's Legion; Nova Arizona factions	FIPA_Pool_LegionNative,FIPA_Pool_LegionRegional		FCP_Legion		D:\Steam\steamapps\common\RimWorld\Mods\FCP-Caesars-Legion\1.6\Defs\ThingDefs_Apparel\ThingDefs_Apparel.xml
FCP	Rick.FCP.Legion	FCP - Caesars Legion	apparel	FCP_Apparel_Legion_Legate_Armor	Legion Legate Armor	assigned	FCP Caesar's Legion	FIPA_Class_FactionElite,FIPA_Pool_LegionNative		FCP_Legion		D:\Steam\steamapps\common\RimWorld\Mods\FCP-Caesars-Legion\1.6\Defs\ThingDefs_Apparel\ThingDefs_Apparel.xml
FCP	Rick.FCP.Legion	FCP - Caesars Legion	apparel	FCP_Apparel_Legion_Legate_Helmet	Legion Legate Helmet	assigned	FCP Caesar's Legion	FIPA_Class_FactionElite,FIPA_Pool_LegionNative		FCP_Legion		D:\Steam\steamapps\common\RimWorld\Mods\FCP-Caesars-Legion\1.6\Defs\ThingDefs_Apparel\ThingDefs_Apparel.xml
FCP	Rick.FCP.Legion	FCP - Caesars Legion	apparel	FCP_Apparel_Legion_Plate	Legion Plate	assigned	FCP Caesar's Legion; Nova Arizona factions	FIPA_Pool_LegionNative,FIPA_Pool_LegionRegional		FCP_Legion		D:\Steam\steamapps\common\RimWorld\Mods\FCP-Caesars-Legion\1.6\Defs\ThingDefs_Apparel\ThingDefs_Apparel.xml
FCP	Rick.FCP.Legion	FCP - Caesars Legion	apparel	FCP_Apparel_Legion_Praetorian_Armor	Legion Praetorian Armor	assigned	FCP Caesar's Legion	FIPA_Class_FactionElite,FIPA_Pool_LegionNative		FCP_Legion		D:\Steam\steamapps\common\RimWorld\Mods\FCP-Caesars-Legion\1.6\Defs\ThingDefs_Apparel\ThingDefs_Apparel.xml
FCP	Rick.FCP.Legion	FCP - Caesars Legion	apparel	FCP_Apparel_Legion_Prime_Armor	Legion Prime Armor	assigned	FCP Caesar's Legion; Nova Arizona factions	FIPA_Pool_LegionNative,FIPA_Pool_LegionRegional		FCP_Legion		D:\Steam\steamapps\common\RimWorld\Mods\FCP-Caesars-Legion\1.6\Defs\ThingDefs_Apparel\ThingDefs_Apparel.xml
FCP	Rick.FCP.Legion	FCP - Caesars Legion	apparel	FCP_Apparel_Legion_Prime_Decanus_Helmet	Legion Prime Decanus Helmet	assigned	FCP Caesar's Legion; Nova Arizona factions	FIPA_Pool_LegionNative,FIPA_Pool_LegionRegional		FCP_Legion		D:\Steam\steamapps\common\RimWorld\Mods\FCP-Caesars-Legion\1.6\Defs\ThingDefs_Apparel\ThingDefs_Apparel.xml
FCP	Rick.FCP.Legion	FCP - Caesars Legion	apparel	FCP_Apparel_Legion_Prime_Helmet	Legion Prime Helmet	assigned	FCP Caesar's Legion; Nova Arizona factions	FIPA_Pool_LegionNative,FIPA_Pool_LegionRegional		FCP_Legion		D:\Steam\steamapps\common\RimWorld\Mods\FCP-Caesars-Legion\1.6\Defs\ThingDefs_Apparel\ThingDefs_Apparel.xml
FCP	Rick.FCP.Legion	FCP - Caesars Legion	apparel	FCP_Apparel_Legion_Recruit_Armor	Legion Recruit Armor	assigned	FCP Caesar's Legion; Nova Arizona factions	FIPA_Pool_LegionNative,FIPA_Pool_LegionRegional		FCP_Legion		D:\Steam\steamapps\common\RimWorld\Mods\FCP-Caesars-Legion\1.6\Defs\ThingDefs_Apparel\ThingDefs_Apparel.xml
FCP	Rick.FCP.Legion	FCP - Caesars Legion	apparel	FCP_Apparel_Legion_Recruit_Decanus_Helmet	Legion Recruit Decanus Helmet	assigned	FCP Caesar's Legion; Nova Arizona factions	FIPA_Pool_LegionNative,FIPA_Pool_LegionRegional		FCP_Legion		D:\Steam\steamapps\common\RimWorld\Mods\FCP-Caesars-Legion\1.6\Defs\ThingDefs_Apparel\ThingDefs_Apparel.xml
FCP	Rick.FCP.Legion	FCP - Caesars Legion	apparel	FCP_Apparel_Legion_Recruit_Helmet	Legion Recruit Helmet	assigned	FCP Caesar's Legion; Nova Arizona factions	FIPA_Pool_LegionNative,FIPA_Pool_LegionRegional		FCP_Legion		D:\Steam\steamapps\common\RimWorld\Mods\FCP-Caesars-Legion\1.6\Defs\ThingDefs_Apparel\ThingDefs_Apparel.xml
FCP	Rick.FCP.Legion	FCP - Caesars Legion	apparel	FCP_Apparel_Legion_Tunic	Legion Tunic	assigned	FCP Caesar's Legion; Nova Arizona factions	FIPA_Pool_LegionNative,FIPA_Pool_LegionRegional		FCP_Legion		D:\Steam\steamapps\common\RimWorld\Mods\FCP-Caesars-Legion\1.6\Defs\ThingDefs_Apparel\ThingDefs_Apparel.xml
FCP	Rick.FCP.Legion	FCP - Caesars Legion	apparel	FCP_Apparel_Legion_Vest	Legion Vest	assigned	FCP Caesar's Legion; Nova Arizona factions	FIPA_Pool_LegionNative,FIPA_Pool_LegionRegional		FCP_Legion		D:\Steam\steamapps\common\RimWorld\Mods\FCP-Caesars-Legion\1.6\Defs\ThingDefs_Apparel\ThingDefs_Apparel.xml
FCP	Rick.FCP.Legion	FCP - Caesars Legion	apparel	FCP_Apparel_Legion_Veteran_Armor	Legion Veteran Armor	assigned	FCP Caesar's Legion; Nova Arizona factions	FIPA_Pool_LegionNative,FIPA_Pool_LegionRegional		FCP_Legion		D:\Steam\steamapps\common\RimWorld\Mods\FCP-Caesars-Legion\1.6\Defs\ThingDefs_Apparel\ThingDefs_Apparel.xml
FCP	Rick.FCP.Legion	FCP - Caesars Legion	apparel	FCP_Apparel_Legion_Veteran_Decanus_Helmet	Legion Veteran Decanus Helmet	assigned	FCP Caesar's Legion; Nova Arizona factions	FIPA_Pool_LegionNative,FIPA_Pool_LegionRegional		FCP_Legion		D:\Steam\steamapps\common\RimWorld\Mods\FCP-Caesars-Legion\1.6\Defs\ThingDefs_Apparel\ThingDefs_Apparel.xml
FCP	Rick.FCP.Legion	FCP - Caesars Legion	apparel	FCP_Apparel_Legion_Veteran_Helmet	Legion Veteran Helmet	assigned	FCP Caesar's Legion; Nova Arizona factions	FIPA_Pool_LegionNative,FIPA_Pool_LegionRegional		FCP_Legion		D:\Steam\steamapps\common\RimWorld\Mods\FCP-Caesars-Legion\1.6\Defs\ThingDefs_Apparel\ThingDefs_Apparel.xml
FCP	Rick.FCP.Legion	FCP - Caesars Legion	apparel	FCP_Apparel_Legion_Vexillarius_Armor	Legion Vexillarius Armor	assigned	FCP Caesar's Legion	FIPA_Class_FactionElite,FIPA_Pool_LegionNative		FCP_Legion		D:\Steam\steamapps\common\RimWorld\Mods\FCP-Caesars-Legion\1.6\Defs\ThingDefs_Apparel\ThingDefs_Apparel.xml
FCP	Rick.FCP.Legion	FCP - Caesars Legion	apparel	FCP_Apparel_Legion_Vexillarius_Helmet	Legion Vexillarius Helmet	assigned	FCP Caesar's Legion	FIPA_Class_FactionElite,FIPA_Pool_LegionNative		FCP_Legion		D:\Steam\steamapps\common\RimWorld\Mods\FCP-Caesars-Legion\1.6\Defs\ThingDefs_Apparel\ThingDefs_Apparel.xml
FCP	Rick.FCP.MeleeWeapons	FCP - Melee Weapons	weapon	FCP_Melee_9_Iron	9 Iron	assigned	Great Khans; Mothman and Wendigo cults; Numen; S'Lanters; all regional raiders; caravan companies; escaped slaves and beggars; generic wastelanders; ghoul settlements; raiders; regional tribes; settlements; super mutant forces	FIPW_Pool_Caravan,FIPW_Pool_CultPrimitive,FIPW_Pool_Ghoul,FIPW_Pool_GreatKhan,FIPW_Pool_Numen,FIPW_Pool_Raider,FIPW_Pool_RegionalRaider,FIPW_Pool_Settler,FIPW_Pool_Slanter,FIPW_Pool_SlaveLowTech,FIPW_Pool_SuperMutant,FIPW_Pool_Tribal,FIPW_Pool_Wastelander,FIPW_Role_Melee,FIPW_T0_Improvised	FCP_Melee_Makeshift			D:\Steam\steamapps\common\RimWorld\Mods\FCP-Melee-Weapons\1.6\Defs\Melee_Weapon_Defs.xml
FCP	Rick.FCP.MeleeWeapons	FCP - Melee Weapons	weapon	FCP_Melee_Bat	Baseball Bat	assigned	Great Khans; Mothman and Wendigo cults; Numen; S'Lanters; all regional raiders; caravan companies; escaped slaves and beggars; generic wastelanders; ghoul settlements; raiders; regional tribes; settlements; super mutant forces	FIPW_Pool_Caravan,FIPW_Pool_CultPrimitive,FIPW_Pool_Ghoul,FIPW_Pool_GreatKhan,FIPW_Pool_Numen,FIPW_Pool_Raider,FIPW_Pool_RegionalRaider,FIPW_Pool_Settler,FIPW_Pool_Slanter,FIPW_Pool_SlaveLowTech,FIPW_Pool_SuperMutant,FIPW_Pool_Tribal,FIPW_Pool_Wastelander,FIPW_Role_Melee,FIPW_T0_Improvised	FCP_Melee_Makeshift			D:\Steam\steamapps\common\RimWorld\Mods\FCP-Melee-Weapons\1.6\Defs\Melee_Weapon_Defs.xml
FCP	Rick.FCP.MeleeWeapons	FCP - Melee Weapons	weapon	FCP_Melee_Bat_Aluminum	Aluminum Bat	assigned	Great Khans; Mothman and Wendigo cults; Numen; S'Lanters; all regional raiders; caravan companies; escaped slaves and beggars; generic wastelanders; ghoul settlements; raiders; regional tribes; settlements; super mutant forces	FIPW_Pool_Caravan,FIPW_Pool_CultPrimitive,FIPW_Pool_Ghoul,FIPW_Pool_GreatKhan,FIPW_Pool_Numen,FIPW_Pool_Raider,FIPW_Pool_RegionalRaider,FIPW_Pool_Settler,FIPW_Pool_Slanter,FIPW_Pool_SlaveLowTech,FIPW_Pool_SuperMutant,FIPW_Pool_Tribal,FIPW_Pool_Wastelander,FIPW_Role_Melee,FIPW_T0_Improvised	FCP_Melee_Makeshift			D:\Steam\steamapps\common\RimWorld\Mods\FCP-Melee-Weapons\1.6\Defs\Melee_Weapon_Defs.xml
FCP	Rick.FCP.MeleeWeapons	FCP - Melee Weapons	weapon	FCP_Melee_Bat_Saw	Saw Bat	assigned	Arizona raiders; Caesar's Legion; Cascadia Forged raiders; Great Khans; raiders; settlement guards; super mutant forces	FIPW_Pool_ArizonaRaider,FIPW_Pool_CascadiaRaider,FIPW_Pool_GreatKhan,FIPW_Pool_LegionNative,FIPW_Pool_Raider,FIPW_Pool_SettlerGuard,FIPW_Pool_SuperMutant,FIPW_Role_Melee,FIPW_T2_Service	FCP_Melee_Makeshift			D:\Steam\steamapps\common\RimWorld\Mods\FCP-Melee-Weapons\1.6\Defs\Melee_Weapon_Defs.xml
FCP	Rick.FCP.MeleeWeapons	FCP - Melee Weapons	weapon	FCP_Melee_Bat_Spiked	Spiked Bat	assigned	Great Khans; Mothman and Wendigo cults; Numen; S'Lanters; all regional raiders; caravan companies; escaped slaves and beggars; generic wastelanders; ghoul settlements; raiders; regional tribes; settlements; super mutant forces	FIPW_Pool_Caravan,FIPW_Pool_CultPrimitive,FIPW_Pool_Ghoul,FIPW_Pool_GreatKhan,FIPW_Pool_Numen,FIPW_Pool_Raider,FIPW_Pool_RegionalRaider,FIPW_Pool_Settler,FIPW_Pool_Slanter,FIPW_Pool_SlaveLowTech,FIPW_Pool_SuperMutant,FIPW_Pool_Tribal,FIPW_Pool_Wastelander,FIPW_Role_Melee,FIPW_T0_Improvised	FCP_Melee_Makeshift			D:\Steam\steamapps\common\RimWorld\Mods\FCP-Melee-Weapons\1.6\Defs\Melee_Weapon_Defs.xml
FCP	Rick.FCP.MeleeWeapons	FCP - Melee Weapons	weapon	FCP_Melee_Board_Spiked	Spiked Board	assigned	Great Khans; Mothman and Wendigo cults; Numen; S'Lanters; all regional raiders; caravan companies; escaped slaves and beggars; generic wastelanders; ghoul settlements; raiders; regional tribes; settlements; super mutant forces	FIPW_Pool_Caravan,FIPW_Pool_CultPrimitive,FIPW_Pool_Ghoul,FIPW_Pool_GreatKhan,FIPW_Pool_Numen,FIPW_Pool_Raider,FIPW_Pool_RegionalRaider,FIPW_Pool_Settler,FIPW_Pool_Slanter,FIPW_Pool_SlaveLowTech,FIPW_Pool_SuperMutant,FIPW_Pool_Tribal,FIPW_Pool_Wastelander,FIPW_Role_Melee,FIPW_T0_Improvised	FCP_Melee_Makeshift			D:\Steam\steamapps\common\RimWorld\Mods\FCP-Melee-Weapons\1.6\Defs\Melee_Weapon_Defs.xml
FCP	Rick.FCP.MeleeWeapons	FCP - Melee Weapons	weapon	FCP_Melee_Bumper_Sword	Bumper Sword	assigned	Arizona raiders; Caesar's Legion; Cascadia Forged raiders; Great Khans; raiders; settlement guards; super mutant forces	FIPW_Pool_ArizonaRaider,FIPW_Pool_CascadiaRaider,FIPW_Pool_GreatKhan,FIPW_Pool_LegionNative,FIPW_Pool_Raider,FIPW_Pool_SettlerGuard,FIPW_Pool_SuperMutant,FIPW_Role_Heavy,FIPW_T2_Service	FCP_Melee_Heavy			D:\Steam\steamapps\common\RimWorld\Mods\FCP-Melee-Weapons\1.6\Defs\Melee_Weapon_Defs.xml
FCP	Rick.FCP.MeleeWeapons	FCP - Melee Weapons	weapon	FCP_Melee_Chainsaw	Chainsaw	assigned	Arizona raiders; Caesar's Legion; Cascadia Forged raiders; Great Khans; raiders; settlement guards; super mutant forces	FIPW_Pool_ArizonaRaider,FIPW_Pool_CascadiaRaider,FIPW_Pool_GreatKhan,FIPW_Pool_LegionNative,FIPW_Pool_Raider,FIPW_Pool_SettlerGuard,FIPW_Pool_SuperMutant,FIPW_Role_Heavy,FIPW_T2_Service	FCP_Melee_Heavy			D:\Steam\steamapps\common\RimWorld\Mods\FCP-Melee-Weapons\1.6\Defs\Melee_Weapon_Defs.xml
FCP	Rick.FCP.MeleeWeapons	FCP - Melee Weapons	weapon	FCP_Melee_Meat_Cleaver	Meat Cleaver	assigned	Great Khans; Mothman and Wendigo cults; Numen; S'Lanters; all regional raiders; caravan companies; escaped slaves and beggars; generic wastelanders; ghoul settlements; raiders; regional tribes; settlements; super mutant forces	FIPW_Pool_Caravan,FIPW_Pool_CultPrimitive,FIPW_Pool_Ghoul,FIPW_Pool_GreatKhan,FIPW_Pool_Numen,FIPW_Pool_Raider,FIPW_Pool_RegionalRaider,FIPW_Pool_Settler,FIPW_Pool_Slanter,FIPW_Pool_SlaveLowTech,FIPW_Pool_SuperMutant,FIPW_Pool_Tribal,FIPW_Pool_Wastelander,FIPW_Role_Melee,FIPW_T0_Improvised	FCP_Melee_Makeshift			D:\Steam\steamapps\common\RimWorld\Mods\FCP-Melee-Weapons\1.6\Defs\Melee_Weapon_Defs.xml
FCP	Rick.FCP.MeleeWeapons	FCP - Melee Weapons	weapon	FCP_Melee_Mr_Handy_Buzz_Blade	Mr. Handy Buzz Blade	assigned	Arizona raiders; Caesar's Legion; Cascadia Forged raiders; Great Khans; raiders; settlement guards; super mutant forces	FIPW_Pool_ArizonaRaider,FIPW_Pool_CascadiaRaider,FIPW_Pool_GreatKhan,FIPW_Pool_LegionNative,FIPW_Pool_Raider,FIPW_Pool_SettlerGuard,FIPW_Pool_SuperMutant,FIPW_Role_Melee,FIPW_T2_Service	FCP_Melee_Advanced			D:\Steam\steamapps\common\RimWorld\Mods\FCP-Melee-Weapons\1.6\Defs\Melee_Weapon_Defs.xml
FCP	Rick.FCP.MeleeWeapons	FCP - Melee Weapons	weapon	FCP_Melee_Pool_Cue	Pool Cue	assigned	Great Khans; Mothman and Wendigo cults; Numen; S'Lanters; all regional raiders; caravan companies; escaped slaves and beggars; generic wastelanders; ghoul settlements; raiders; regional tribes; settlements; super mutant forces	FIPW_Pool_Caravan,FIPW_Pool_CultPrimitive,FIPW_Pool_Ghoul,FIPW_Pool_GreatKhan,FIPW_Pool_Numen,FIPW_Pool_Raider,FIPW_Pool_RegionalRaider,FIPW_Pool_Settler,FIPW_Pool_Slanter,FIPW_Pool_SlaveLowTech,FIPW_Pool_SuperMutant,FIPW_Pool_Tribal,FIPW_Pool_Wastelander,FIPW_Role_Melee,FIPW_T0_Improvised	FCP_Melee_Makeshift			D:\Steam\steamapps\common\RimWorld\Mods\FCP-Melee-Weapons\1.6\Defs\Melee_Weapon_Defs.xml
FCP	Rick.FCP.MeleeWeapons	FCP - Melee Weapons	weapon	FCP_Melee_Rebar_Club	Rebar Club	assigned	Great Khans; Mothman and Wendigo cults; Numen; S'Lanters; all regional raiders; caravan companies; escaped slaves and beggars; generic wastelanders; ghoul settlements; raiders; regional tribes; settlements; super mutant forces	FIPW_Pool_Caravan,FIPW_Pool_CultPrimitive,FIPW_Pool_Ghoul,FIPW_Pool_GreatKhan,FIPW_Pool_Numen,FIPW_Pool_Raider,FIPW_Pool_RegionalRaider,FIPW_Pool_Settler,FIPW_Pool_Slanter,FIPW_Pool_SlaveLowTech,FIPW_Pool_SuperMutant,FIPW_Pool_Tribal,FIPW_Pool_Wastelander,FIPW_Role_Melee,FIPW_T0_Improvised	FCP_Melee_Makeshift			D:\Steam\steamapps\common\RimWorld\Mods\FCP-Melee-Weapons\1.6\Defs\Melee_Weapon_Defs.xml
FCP	Rick.FCP.MeleeWeapons	FCP - Melee Weapons	weapon	FCP_Melee_Ripper	Ripper	assigned	Arizona raiders; Caesar's Legion; Cascadia Forged raiders; Great Khans; raiders; settlement guards; super mutant forces	FIPW_Pool_ArizonaRaider,FIPW_Pool_CascadiaRaider,FIPW_Pool_GreatKhan,FIPW_Pool_LegionNative,FIPW_Pool_Raider,FIPW_Pool_SettlerGuard,FIPW_Pool_SuperMutant,FIPW_Role_Melee,FIPW_T2_Service	FCP_Melee_Advanced			D:\Steam\steamapps\common\RimWorld\Mods\FCP-Melee-Weapons\1.6\Defs\Melee_Weapon_Defs.xml
FCP	Rick.FCP.MeleeWeapons	FCP - Melee Weapons	weapon	FCP_Melee_Rolling_Pin	Rolling Pin	assigned	Great Khans; Mothman and Wendigo cults; Numen; S'Lanters; all regional raiders; caravan companies; escaped slaves and beggars; generic wastelanders; ghoul settlements; raiders; regional tribes; settlements; super mutant forces	FIPW_Pool_Caravan,FIPW_Pool_CultPrimitive,FIPW_Pool_Ghoul,FIPW_Pool_GreatKhan,FIPW_Pool_Numen,FIPW_Pool_Raider,FIPW_Pool_RegionalRaider,FIPW_Pool_Settler,FIPW_Pool_Slanter,FIPW_Pool_SlaveLowTech,FIPW_Pool_SuperMutant,FIPW_Pool_Tribal,FIPW_Pool_Wastelander,FIPW_Role_Melee,FIPW_T0_Improvised	FCP_Melee_Makeshift			D:\Steam\steamapps\common\RimWorld\Mods\FCP-Melee-Weapons\1.6\Defs\Melee_Weapon_Defs.xml
FCP	Rick.FCP.MeleeWeapons	FCP - Melee Weapons	weapon	FCP_Melee_Scrap_Axe	Scrap Axe	assigned	Great Khans; Mothman and Wendigo cults; Numen; S'Lanters; all regional raiders; caravan companies; escaped slaves and beggars; generic wastelanders; ghoul settlements; raiders; regional tribes; settlements; super mutant forces	FIPW_Pool_Caravan,FIPW_Pool_CultPrimitive,FIPW_Pool_Ghoul,FIPW_Pool_GreatKhan,FIPW_Pool_Numen,FIPW_Pool_Raider,FIPW_Pool_RegionalRaider,FIPW_Pool_Settler,FIPW_Pool_Slanter,FIPW_Pool_SlaveLowTech,FIPW_Pool_SuperMutant,FIPW_Pool_Tribal,FIPW_Pool_Wastelander,FIPW_Role_Melee,FIPW_T0_Improvised	FCP_Melee_Makeshift			D:\Steam\steamapps\common\RimWorld\Mods\FCP-Melee-Weapons\1.6\Defs\Melee_Weapon_Defs.xml
FCP	Rick.FCP.MeleeWeapons	FCP - Melee Weapons	weapon	FCP_Melee_Scrap_Machete	Scrap Machete	assigned	Great Khans; Mothman and Wendigo cults; Numen; S'Lanters; all regional raiders; caravan companies; escaped slaves and beggars; generic wastelanders; ghoul settlements; raiders; regional tribes; settlements; super mutant forces	FIPW_Pool_Caravan,FIPW_Pool_CultPrimitive,FIPW_Pool_Ghoul,FIPW_Pool_GreatKhan,FIPW_Pool_Numen,FIPW_Pool_Raider,FIPW_Pool_RegionalRaider,FIPW_Pool_Settler,FIPW_Pool_Slanter,FIPW_Pool_SlaveLowTech,FIPW_Pool_SuperMutant,FIPW_Pool_Tribal,FIPW_Pool_Wastelander,FIPW_Role_Melee,FIPW_T0_Improvised	FCP_Melee_Makeshift			D:\Steam\steamapps\common\RimWorld\Mods\FCP-Melee-Weapons\1.6\Defs\Melee_Weapon_Defs.xml
FCP	Rick.FCP.MeleeWeapons	FCP - Melee Weapons	weapon	FCP_Melee_Scrap_Pipe	Scrap Pipe	assigned	Great Khans; Mothman and Wendigo cults; Numen; S'Lanters; all regional raiders; caravan companies; escaped slaves and beggars; generic wastelanders; ghoul settlements; raiders; regional tribes; settlements; super mutant forces	FIPW_Pool_Caravan,FIPW_Pool_CultPrimitive,FIPW_Pool_Ghoul,FIPW_Pool_GreatKhan,FIPW_Pool_Numen,FIPW_Pool_Raider,FIPW_Pool_RegionalRaider,FIPW_Pool_Settler,FIPW_Pool_Slanter,FIPW_Pool_SlaveLowTech,FIPW_Pool_SuperMutant,FIPW_Pool_Tribal,FIPW_Pool_Wastelander,FIPW_Role_Melee,FIPW_T0_Improvised	FCP_Melee_Makeshift			D:\Steam\steamapps\common\RimWorld\Mods\FCP-Melee-Weapons\1.6\Defs\Melee_Weapon_Defs.xml
FCP	Rick.FCP.MeleeWeapons	FCP - Melee Weapons	weapon	FCP_Melee_Shishkebab	Shishkebab	assigned	Arizona raiders; Caesar's Legion; Cascadia Forged raiders; Great Khans; raiders; settlement guards; super mutant forces	FIPW_Pool_ArizonaRaider,FIPW_Pool_CascadiaRaider,FIPW_Pool_GreatKhan,FIPW_Pool_LegionNative,FIPW_Pool_Raider,FIPW_Pool_SettlerGuard,FIPW_Pool_SuperMutant,FIPW_Role_Flame,FIPW_T2_Service	FCP_Melee_Advanced			D:\Steam\steamapps\common\RimWorld\Mods\FCP-Melee-Weapons\1.6\Defs\Melee_Weapon_Defs.xml
FCP	Rick.FCP.MeleeWeapons	FCP - Melee Weapons	weapon	FCP_Melee_Sledgehammer	Sledgehammer	assigned	Great Khans; Mothman and Wendigo cults; Numen; S'Lanters; all regional raiders; caravan companies; escaped slaves and beggars; generic wastelanders; ghoul settlements; raiders; regional tribes; settlements; super mutant forces	FIPW_Pool_Caravan,FIPW_Pool_CultPrimitive,FIPW_Pool_Ghoul,FIPW_Pool_GreatKhan,FIPW_Pool_Numen,FIPW_Pool_Raider,FIPW_Pool_RegionalRaider,FIPW_Pool_Settler,FIPW_Pool_Slanter,FIPW_Pool_SlaveLowTech,FIPW_Pool_SuperMutant,FIPW_Pool_Tribal,FIPW_Pool_Wastelander,FIPW_Role_Heavy,FIPW_T0_Improvised	FCP_Melee_Heavy			D:\Steam\steamapps\common\RimWorld\Mods\FCP-Melee-Weapons\1.6\Defs\Melee_Weapon_Defs.xml
FCP	Rick.FCP.MeleeWeapons	FCP - Melee Weapons	weapon	FCP_Melee_Super_Sledge	Super Sledge	assigned	Circle of Steel; Whitespring Enclave; controlled and crazed vaults; super mutant forces	FIPW_Pool_CircleOfSteel,FIPW_Pool_Enclave,FIPW_Pool_SuperMutant,FIPW_Pool_VaultHighTech,FIPW_Role_Heavy,FIPW_T3_Advanced	FCP_Melee_Advanced,FCP_Melee_Heavy			D:\Steam\steamapps\common\RimWorld\Mods\FCP-Melee-Weapons\1.6\Defs\Melee_Weapon_Defs.xml
FCP	Rick.FCP.NCR	FCP - New California Republic	apparel	FCP_Accessories_NCR_Bandoleer	Trooper Bandoleer	assigned	California settlements; FCP NCR	FIPA_Pool_NCRNative,FIPA_Pool_NCRRegional		FCP_NCR_Trooper_Accessory		D:\Steam\steamapps\common\RimWorld\Mods\FCP-NCR\1.6\Defs\ThingDefs_Apparel\ThingDefs_Accessories.xml
FCP	Rick.FCP.NCR	FCP - New California Republic	apparel	FCP_Accessories_NCR_Mantle	Trooper Mantle	assigned	California settlements; FCP NCR	FIPA_Pool_NCRNative,FIPA_Pool_NCRRegional		FCP_NCR_Trooper_Accessory		D:\Steam\steamapps\common\RimWorld\Mods\FCP-NCR\1.6\Defs\ThingDefs_Apparel\ThingDefs_Accessories.xml
FCP	Rick.FCP.NCR	FCP - New California Republic	apparel	FCP_Apparel_NCR_Ambassador_Dress	NCR Ambassador Dress	assigned	FCP NCR	FIPA_Class_FactionUnique,FIPA_Pool_NCRNative		FCP_NCR_Ambassador		D:\Steam\steamapps\common\RimWorld\Mods\FCP-NCR\1.6\Defs\ThingDefs_Apparel\ThingDefs_Apparel.xml
FCP	Rick.FCP.NCR	FCP - New California Republic	apparel	FCP_Apparel_NCR_Ambassador_Suit	NCR Ambassador's Suit	assigned	FCP NCR	FIPA_Class_FactionUnique,FIPA_Pool_NCRNative		FCP_NCR_Ambassador		D:\Steam\steamapps\common\RimWorld\Mods\FCP-NCR\1.6\Defs\ThingDefs_Apparel\ThingDefs_Apparel.xml
FCP	Rick.FCP.NCR	FCP - New California Republic	apparel	FCP_Apparel_NCR_Beret	NCR Beret	assigned	California settlements; FCP NCR	FIPA_Pool_NCRNative,FIPA_Pool_NCRRegional		FCP_NCR_Trooper_Officer		D:\Steam\steamapps\common\RimWorld\Mods\FCP-NCR\1.6\Defs\ThingDefs_Apparel\ThingDefs_Headgear.xml
FCP	Rick.FCP.NCR	FCP - New California Republic	apparel	FCP_Apparel_NCR_Beret_1st_Recon	NCR First Recon Beret	assigned	California settlements; FCP NCR	FIPA_Pool_NCRNative,FIPA_Pool_NCRRegional		FCP_NCR_Trooper_Officer,FCP_NCR_Trooper_Recon		D:\Steam\steamapps\common\RimWorld\Mods\FCP-NCR\1.6\Defs\ThingDefs_Apparel\ThingDefs_Headgear.xml
FCP	Rick.FCP.NCR	FCP - New California Republic	apparel	FCP_Apparel_NCR_Engineer_Jumpsuit	NCR Engineer Jumpsuit	assigned	California settlements; FCP NCR	FIPA_Pool_NCRNative,FIPA_Pool_NCRRegional		FCP_NCR_Engineer		D:\Steam\steamapps\common\RimWorld\Mods\FCP-NCR\1.6\Defs\ThingDefs_Apparel\ThingDefs_Apparel.xml
FCP	Rick.FCP.NCR	FCP - New California Republic	apparel	FCP_Apparel_NCR_Face_Wrap_Goggles_Helmet	Face Wrap Goggles Trooper Helmet	assigned	California settlements; FCP NCR	FIPA_Pool_NCRNative,FIPA_Pool_NCRRegional		FCP_NCR_Trooper		D:\Steam\steamapps\common\RimWorld\Mods\FCP-NCR\1.6\Defs\ThingDefs_Apparel\ThingDefs_Headgear.xml
FCP	Rick.FCP.NCR	FCP - New California Republic	apparel	FCP_Apparel_NCR_Face_Wrap_Helmet	Face Wrap Trooper Helmet	assigned	California settlements; FCP NCR	FIPA_Pool_NCRNative,FIPA_Pool_NCRRegional		FCP_NCR_Trooper		D:\Steam\steamapps\common\RimWorld\Mods\FCP-NCR\1.6\Defs\ThingDefs_Apparel\ThingDefs_Headgear.xml
FCP	Rick.FCP.NCR	FCP - New California Republic	apparel	FCP_Apparel_NCR_General_Cap	NCR General Cap	assigned	FCP NCR	FIPA_Class_FactionUnique,FIPA_Pool_NCRNative		FCP_NCR_General		D:\Steam\steamapps\common\RimWorld\Mods\FCP-NCR\1.6\Defs\ThingDefs_Apparel\ThingDefs_Headgear.xml
FCP	Rick.FCP.NCR	FCP - New California Republic	apparel	FCP_Apparel_NCR_Generals_Uniform	NCR General Uniform	assigned	FCP NCR	FIPA_Class_FactionUnique,FIPA_Pool_NCRNative		FCP_NCR_General		D:\Steam\steamapps\common\RimWorld\Mods\FCP-NCR\1.6\Defs\ThingDefs_Apparel\ThingDefs_Apparel.xml
FCP	Rick.FCP.NCR	FCP - New California Republic	apparel	FCP_Apparel_NCR_Goggles_Helmet	Goggles Trooper Helmet	assigned	California settlements; FCP NCR	FIPA_Pool_NCRNative,FIPA_Pool_NCRRegional		FCP_NCR_Trooper		D:\Steam\steamapps\common\RimWorld\Mods\FCP-NCR\1.6\Defs\ThingDefs_Apparel\ThingDefs_Headgear.xml
FCP	Rick.FCP.NCR	FCP - New California Republic	apparel	FCP_Apparel_NCR_MP_Helmet	MP Trooper Helmet	assigned	California settlements; FCP NCR	FIPA_Pool_NCRNative,FIPA_Pool_NCRRegional		FCP_NCR_MP		D:\Steam\steamapps\common\RimWorld\Mods\FCP-NCR\1.6\Defs\ThingDefs_Apparel\ThingDefs_Headgear.xml
FCP	Rick.FCP.NCR	FCP - New California Republic	apparel	FCP_Apparel_NCR_Presidents_Suit	NCR President Suit	assigned	FCP NCR	FIPA_Class_FactionUnique,FIPA_Pool_NCRNative				D:\Steam\steamapps\common\RimWorld\Mods\FCP-NCR\1.6\Defs\ThingDefs_Apparel\ThingDefs_Apparel.xml
FCP	Rick.FCP.NCR	FCP - New California Republic	apparel	FCP_Apparel_NCR_Ranger_Casual	NCR Ranger Casual Outfit	assigned	California settlements; FCP NCR	FIPA_Pool_NCRNative,FIPA_Pool_NCRRegional		FCP_NCR_Ranger_Casual		D:\Steam\steamapps\common\RimWorld\Mods\FCP-NCR\1.6\Defs\ThingDefs_Apparel\ThingDefs_Apparel.xml
FCP	Rick.FCP.NCR	FCP - New California Republic	apparel	FCP_Apparel_NCR_Ranger_Hat_Brown	NCR Brown Ranger Hat	assigned	California settlements; FCP NCR	FIPA_Pool_NCRNative,FIPA_Pool_NCRRegional		FCP_NCR_Ranger_Casual		D:\Steam\steamapps\common\RimWorld\Mods\FCP-NCR\1.6\Defs\ThingDefs_Apparel\ThingDefs_Headgear.xml
FCP	Rick.FCP.NCR	FCP - New California Republic	apparel	FCP_Apparel_NCR_Ranger_Hat_Grey	NCR Grey Ranger Hat	assigned	California settlements; FCP NCR	FIPA_Pool_NCRNative,FIPA_Pool_NCRRegional		FCP_NCR_Ranger_Casual		D:\Steam\steamapps\common\RimWorld\Mods\FCP-NCR\1.6\Defs\ThingDefs_Apparel\ThingDefs_Headgear.xml
FCP	Rick.FCP.NCR	FCP - New California Republic	apparel	FCP_Apparel_NCR_Ranger_Hat_Patrol	NCR Patrol Ranger Hat	assigned	California settlements; FCP NCR	FIPA_Pool_NCRNative,FIPA_Pool_NCRRegional		FCP_NCR_Ranger_Patrol		D:\Steam\steamapps\common\RimWorld\Mods\FCP-NCR\1.6\Defs\ThingDefs_Apparel\ThingDefs_Headgear.xml
FCP	Rick.FCP.NCR	FCP - New California Republic	apparel	FCP_Apparel_NCR_Ranger_Hat_Tan	NCR Tan Ranger Hat	assigned	California settlements; FCP NCR	FIPA_Pool_NCRNative,FIPA_Pool_NCRRegional		FCP_NCR_Ranger_Casual		D:\Steam\steamapps\common\RimWorld\Mods\FCP-NCR\1.6\Defs\ThingDefs_Apparel\ThingDefs_Headgear.xml
FCP	Rick.FCP.NCR	FCP - New California Republic	apparel	FCP_Apparel_NCR_Ranger_Patrol_Armor	NCR Ranger Patrol Armor	assigned	California settlements; FCP NCR	FIPA_Pool_NCRNative,FIPA_Pool_NCRRegional		FCP_NCR_Ranger_Patrol		D:\Steam\steamapps\common\RimWorld\Mods\FCP-NCR\1.6\Defs\ThingDefs_Apparel\ThingDefs_Apparel.xml
FCP	Rick.FCP.NCR	FCP - New California Republic	apparel	FCP_Apparel_NCR_Ranger_Red_Scarf	NCR Ranger Red Scarf Outfit	assigned	California settlements; FCP NCR	FIPA_Pool_NCRNative,FIPA_Pool_NCRRegional		FCP_NCR_Ranger_Casual		D:\Steam\steamapps\common\RimWorld\Mods\FCP-NCR\1.6\Defs\ThingDefs_Apparel\ThingDefs_Apparel.xml
FCP	Rick.FCP.NCR	FCP - New California Republic	apparel	FCP_Apparel_NCR_Ranger_Vest	NCR Ranger Vest Outfit	assigned	California settlements; FCP NCR	FIPA_Pool_NCRNative,FIPA_Pool_NCRRegional		FCP_NCR_Ranger_Casual		D:\Steam\steamapps\common\RimWorld\Mods\FCP-NCR\1.6\Defs\ThingDefs_Apparel\ThingDefs_Apparel.xml
FCP	Rick.FCP.NCR	FCP - New California Republic	apparel	FCP_Apparel_NCR_Ranger_Veteran_Armor	NCR Veteran Ranger Armor	assigned	California settlements; FCP NCR	FIPA_Pool_NCRNative,FIPA_Pool_NCRRegional		FCP_NCR_Ranger_Veteran		D:\Steam\steamapps\common\RimWorld\Mods\FCP-NCR\1.6\Defs\ThingDefs_Apparel\ThingDefs_Apparel.xml
FCP	Rick.FCP.NCR	FCP - New California Republic	apparel	FCP_Apparel_NCR_Ranger_Veteran_Duster	NCR Veteran Ranger Duster	assigned	California settlements; FCP NCR	FIPA_Pool_NCRNative,FIPA_Pool_NCRRegional		FCP_NCR_Ranger_Veteran		D:\Steam\steamapps\common\RimWorld\Mods\FCP-NCR\1.6\Defs\ThingDefs_Apparel\ThingDefs_Apparel.xml
FCP	Rick.FCP.NCR	FCP - New California Republic	apparel	FCP_Apparel_NCR_Ranger_Veteran_Uniform	NCR Veteran Ranger Uniform	assigned	California settlements; FCP NCR	FIPA_Pool_NCRNative,FIPA_Pool_NCRRegional		FCP_NCR_Ranger_Veteran		D:\Steam\steamapps\common\RimWorld\Mods\FCP-NCR\1.6\Defs\ThingDefs_Apparel\ThingDefs_Apparel.xml
FCP	Rick.FCP.NCR	FCP - New California Republic	apparel	FCP_Apparel_NCR_Salvaged_Power_Armor	NCR Salvaged Power Armor	assigned	California elite fighters; FCP NCR	FIPA_Pool_NCRNative,FIPA_Pool_NCRRegionalElite		FCP_NCR_Trooper_Heavy		D:\Steam\steamapps\common\RimWorld\Mods\FCP-NCR\1.6\Defs\ThingDefs_Apparel\ThingDefs_Apparel.xml
FCP	Rick.FCP.NCR	FCP - New California Republic	apparel	FCP_Apparel_NCR_Salvaged_Power_Armor_Helmet	Trooper Helmet	assigned	California elite fighters; FCP NCR	FIPA_Pool_NCRNative,FIPA_Pool_NCRRegionalElite		FCP_NCR_Trooper_Heavy		D:\Steam\steamapps\common\RimWorld\Mods\FCP-NCR\1.6\Defs\ThingDefs_Apparel\ThingDefs_Headgear.xml
FCP	Rick.FCP.NCR	FCP - New California Republic	apparel	FCP_Apparel_NCR_Scout_Recon_Armor	NCR Recon Assault Armor	assigned	California settlements; FCP NCR	FIPA_Pool_NCRNative,FIPA_Pool_NCRRegional		FCP_NCR_Trooper_Recon		D:\Steam\steamapps\common\RimWorld\Mods\FCP-NCR\1.6\Defs\ThingDefs_Apparel\ThingDefs_Apparel.xml
FCP	Rick.FCP.NCR	FCP - New California Republic	apparel	FCP_Apparel_NCR_Trooper_Armor	NCR Trooper Armor	assigned	California settlements; FCP NCR	FIPA_Pool_NCRNative,FIPA_Pool_NCRRegional		FCP_NCR_Trooper		D:\Steam\steamapps\common\RimWorld\Mods\FCP-NCR\1.6\Defs\ThingDefs_Apparel\ThingDefs_Apparel.xml
FCP	Rick.FCP.NCR	FCP - New California Republic	apparel	FCP_Apparel_NCR_Trooper_Bandoleer_Armor	NCR Trooper Bandoleer Armor	assigned	California settlements; FCP NCR	FIPA_Pool_NCRNative,FIPA_Pool_NCRRegional		FCP_NCR_Trooper		D:\Steam\steamapps\common\RimWorld\Mods\FCP-NCR\1.6\Defs\ThingDefs_Apparel\ThingDefs_Apparel.xml
FCP	Rick.FCP.NCR	FCP - New California Republic	apparel	FCP_Apparel_NCR_Trooper_Fatigues	NCR Trooper Fatigues	assigned	California settlements; FCP NCR	FIPA_Pool_NCRNative,FIPA_Pool_NCRRegional		FCP_NCR_Trooper		D:\Steam\steamapps\common\RimWorld\Mods\FCP-NCR\1.6\Defs\ThingDefs_Apparel\ThingDefs_Apparel.xml
FCP	Rick.FCP.NCR	FCP - New California Republic	apparel	FCP_Apparel_NCR_Trooper_Helmet	Trooper Helmet	assigned	California settlements; FCP NCR	FIPA_Pool_NCRNative,FIPA_Pool_NCRRegional		FCP_NCR_Trooper		D:\Steam\steamapps\common\RimWorld\Mods\FCP-NCR\1.6\Defs\ThingDefs_Apparel\ThingDefs_Headgear.xml
FCP	Rick.FCP.NCR	FCP - New California Republic	apparel	FCP_Apparel_NCR_Trooper_Mantle_Armor	NCR Trooper Mantle Armor	assigned	California settlements; FCP NCR	FIPA_Pool_NCRNative,FIPA_Pool_NCRRegional		FCP_NCR_Trooper		D:\Steam\steamapps\common\RimWorld\Mods\FCP-NCR\1.6\Defs\ThingDefs_Apparel\ThingDefs_Apparel.xml
FCP	Rick.FCP.NCR	FCP - New California Republic	apparel	FCP_Apparel_NCR_Trooper_MP_Uniform	NCR MP Uniform	assigned	California settlements; FCP NCR	FIPA_Pool_NCRNative,FIPA_Pool_NCRRegional		FCP_NCR_MP		D:\Steam\steamapps\common\RimWorld\Mods\FCP-NCR\1.6\Defs\ThingDefs_Apparel\ThingDefs_Apparel.xml
FCP	Rick.FCP.NCR	FCP - New California Republic	apparel	FCP_Apparel_NCR_Trooper_Vest	NCR Trooper Vest	assigned	California settlements; FCP NCR	FIPA_Pool_NCRNative,FIPA_Pool_NCRRegional		FCP_NCR_Trooper		D:\Steam\steamapps\common\RimWorld\Mods\FCP-NCR\1.6\Defs\ThingDefs_Apparel\ThingDefs_Apparel.xml
FCP	Rick.FCP.NCR	FCP - New California Republic	apparel	FCP_Apparel_NCR_Veteran_Ranger_Helmet	Veteran Ranger Helmet	assigned	California elite fighters; FCP NCR	FIPA_Pool_NCRNative,FIPA_Pool_NCRRegionalElite		FCP_NCR_Ranger_Veteran		D:\Steam\steamapps\common\RimWorld\Mods\FCP-NCR\1.6\Defs\ThingDefs_Apparel\ThingDefs_Headgear.xml
FCP	Rick.FCP.NCR	FCP - New California Republic	apparel	FCP_Apparel_NCRCF_Guard_Helmet	NCRCF Guard Helmet	assigned	FCP NCR	FIPA_Pool_NCRNative		FCP_NCRCF_Guard		D:\Steam\steamapps\common\RimWorld\Mods\FCP-NCR\1.6\Defs\ThingDefs_Apparel\ThingDefs_Headgear.xml
FCP	Rick.FCP.NCR	FCP - New California Republic	apparel	FCP_Apparel_NCRCF_Guard_Vest	NCRCF Guard Vest	assigned	FCP NCR	FIPA_Pool_NCRNative		FCP_NCRCF_Guard		D:\Steam\steamapps\common\RimWorld\Mods\FCP-NCR\1.6\Defs\ThingDefs_Apparel\ThingDefs_Apparel.xml
FCP	Rick.FCP.NCR	FCP - New California Republic	apparel	FCP_Apparel_NCRCF_Inmate_Uniform	NCRCF Inmate Uniform	assigned	FCP NCR	FIPA_Pool_NCRNative		FCP_NCRCF_Inmate		D:\Steam\steamapps\common\RimWorld\Mods\FCP-NCR\1.6\Defs\ThingDefs_Apparel\ThingDefs_Apparel.xml
FCP	Rick.FCP.NCR	FCP - New California Republic	apparel	FCP_Apparel_NCRCF_Over_Shirt	NCRCF Over Shirt	assigned	FCP NCR	FIPA_Pool_NCRNative		FCP_NCRCF_Inmate		D:\Steam\steamapps\common\RimWorld\Mods\FCP-NCR\1.6\Defs\ThingDefs_Apparel\ThingDefs_Apparel.xml
FCP	Rick.FCP.NCR	FCP - New California Republic	apparel	FCP_Apparel_Powder_Ganger_Simple_Outfit	Powder Ganger Simple Outfit	assigned	FCP NCR	FIPA_Pool_NCRNative		FCP_Powder_Ganger		D:\Steam\steamapps\common\RimWorld\Mods\FCP-NCR\1.6\Defs\ThingDefs_Apparel\ThingDefs_Apparel.xml
FCP	Rick.FCP.NCR	FCP - New California Republic	apparel	FCP_Apparel_Ranger_Ricks_Armor	Ranger Ricks' Armor	assigned	FCP NCR	FIPA_Class_FactionUnique,FIPA_Pool_NCRNative		FCP_Ranger_Rick		D:\Steam\steamapps\common\RimWorld\Mods\FCP-NCR\1.6\Defs\StorytellerDefs\Storyteller_ApparelDefs.xml
FCP	Rick.FCP.NCR	FCP - New California Republic	apparel	FCP_Apparel_Ranger_Ricks_Duster	Ranger Ricks' Duster	assigned	FCP NCR	FIPA_Class_FactionUnique,FIPA_Pool_NCRNative		FCP_Ranger_Rick		D:\Steam\steamapps\common\RimWorld\Mods\FCP-NCR\1.6\Defs\StorytellerDefs\Storyteller_ApparelDefs.xml
FCP	Rick.FCP.NCR	FCP - New California Republic	apparel	FCP_Apparel_Ranger_Ricks_Helmet	Ranger Ricks' Helmet	assigned	FCP NCR	FIPA_Class_FactionUnique,FIPA_Pool_NCRNative		FCP_Ranger_Rick		D:\Steam\steamapps\common\RimWorld\Mods\FCP-NCR\1.6\Defs\StorytellerDefs\Storyteller_ApparelDefs.xml
FCP	Rick.FCP.NCR	FCP - New California Republic	apparel	FCP_Apparel_Ranger_Ricks_Uniform	Ranger Ricks' Uniform	assigned	FCP NCR	FIPA_Class_FactionUnique,FIPA_Pool_NCRNative		FCP_Ranger_Rick		D:\Steam\steamapps\common\RimWorld\Mods\FCP-NCR\1.6\Defs\StorytellerDefs\Storyteller_ApparelDefs.xml
FCP	Rick.FCP.NCR	FCP - New California Republic	weapon	FCP_Gun_Anti_Material_Rifle	Anti-Material Rifle	assigned	California settlements; FCP NCR	FIPW_Pool_NCRNative,FIPW_Pool_NCRRegional,FIPW_Pool_NCRRegionalElite,FIPW_Role_Sniper,FIPW_T2_Service	FCP_NCR_Anti_Material_Rifle,Gun			D:\Steam\steamapps\common\RimWorld\Mods\FCP-NCR\1.6\Defs\ThingDefs_Weapons\ThingDefs_Weapons.xml
FCP	Rick.FCP.NCR	FCP - New California Republic	weapon	FCP_Gun_NCR_Hunting_Rifle	NCR Standard Hunting Rifle	assigned	California settlements; FCP NCR; Two California tribes	FIPW_Pool_NCRNative,FIPW_Pool_NCRRegional,FIPW_Pool_NCRSurplus,FIPW_Pool_SimpleFirearmTribal,FIPW_Role_Rifle,FIPW_T1_Wasteland	FCP_NCR_Hunting_Rifle,Gun			D:\Steam\steamapps\common\RimWorld\Mods\FCP-NCR\1.6\Defs\ThingDefs_Weapons\ThingDefs_Weapons.xml
FCP	Rick.FCP.NCR	FCP - New California Republic	weapon	FCP_Gun_Ranger_Ricks_Big_Iron_Revolver	"""Big Iron"""	unique_or_quest_only		FIPW_Role_Sidearm,FIPW_Unique	FCP_Ranger_Rick		Named FCP weapon; deliberately excluded from random faction pools.	D:\Steam\steamapps\common\RimWorld\Mods\FCP-NCR\1.6\Defs\StorytellerDefs\Storyteller_WeaponDefs.xml
FCP	Rick.FCP.NCR	FCP - New California Republic	weapon	FCP_Gun_Ranger_Sequoia	Ranger Sequoia	assigned	California settlements; FCP NCR	FIPW_Pool_NCRNative,FIPW_Pool_NCRRegional,FIPW_Pool_NCRRegionalElite,FIPW_Role_Sidearm,FIPW_T2_Service	FCP_NCR_Ranger_Sequoia,Gun			D:\Steam\steamapps\common\RimWorld\Mods\FCP-NCR\1.6\Defs\ThingDefs_Weapons\ThingDefs_Weapons.xml
FCP	Rick.FCP.NCR	FCP - New California Republic	weapon	FCP_Gun_Service_Rifle	Service Rifle	assigned	California settlements; FCP NCR; Two California tribes	FIPW_Pool_NCRNative,FIPW_Pool_NCRRegional,FIPW_Pool_NCRSurplus,FIPW_Pool_SimpleFirearmTribal,FIPW_Role_Rifle,FIPW_T2_Service	FCP_NCR_Service_Rifle,Gun			D:\Steam\steamapps\common\RimWorld\Mods\FCP-NCR\1.6\Defs\ThingDefs_Weapons\ThingDefs_Weapons.xml
FCP	Rick.FCP.PowerArmor	FCP - Power Armors	apparel	FCP_Apparel_Power_Armor_Frame	Power Armor Frame	assigned	controlled and crazed vaults	FIPA_Class_PowerArmor,FIPA_Pool_VaultHighTech		FCP_Power_Armor		D:\Steam\steamapps\common\RimWorld\Mods\FCP-Power-Armor\1.6\Defs\ThingDefs_Apparel\ThingDefs_Power_Armor.xml
FCP	Rick.FCP.PowerArmor	FCP - Power Armors	apparel	FCP_Apparel_Power_Armor_T45_Helmet	T-45 Power Armor Helmet	assigned	controlled and crazed vaults	FIPA_Class_PowerArmor,FIPA_Pool_VaultHighTech		FCP_Power_Armor_Helmet		D:\Steam\steamapps\common\RimWorld\Mods\FCP-Power-Armor\1.6\Defs\ThingDefs_Apparel\ThingDefs_Power_Armor_Headgear.xml
FCP	Rick.FCP.PowerArmor	FCP - Power Armors	apparel	FCP_Apparel_Power_Armor_T45Armor	T-45 Power Armor	assigned	controlled and crazed vaults	FIPA_Class_PowerArmor,FIPA_Pool_VaultHighTech		FCP_Power_Armor		D:\Steam\steamapps\common\RimWorld\Mods\FCP-Power-Armor\1.6\Defs\ThingDefs_Apparel\ThingDefs_Power_Armor.xml
FCP	Rick.FCP.PowerArmor	FCP - Power Armors	apparel	FCP_Apparel_Power_Armor_T51_Helmet	T-51 Power Armor Helmet	assigned	controlled and crazed vaults	FIPA_Class_PowerArmor,FIPA_Pool_VaultHighTech		FCP_Power_Armor_Helmet		D:\Steam\steamapps\common\RimWorld\Mods\FCP-Power-Armor\1.6\Defs\ThingDefs_Apparel\ThingDefs_Power_Armor_Headgear.xml
FCP	Rick.FCP.PowerArmor	FCP - Power Armors	apparel	FCP_Apparel_Power_Armor_T51Armor	T-51 Power Armor	assigned	controlled and crazed vaults	FIPA_Class_PowerArmor,FIPA_Pool_VaultHighTech		FCP_Power_Armor		D:\Steam\steamapps\common\RimWorld\Mods\FCP-Power-Armor\1.6\Defs\ThingDefs_Apparel\ThingDefs_Power_Armor.xml
FCP	Rick.FCP.PowerArmor	FCP - Power Armors	apparel	FCP_Apparel_Power_Armor_T60_Helmet	T-60 Power Armor Helmet	assigned	controlled and crazed vaults	FIPA_Class_PowerArmor,FIPA_Pool_VaultHighTech		FCP_Power_Armor_Helmet		D:\Steam\steamapps\common\RimWorld\Mods\FCP-Power-Armor\1.6\Defs\ThingDefs_Apparel\ThingDefs_Power_Armor_Headgear.xml
FCP	Rick.FCP.PowerArmor	FCP - Power Armors	apparel	FCP_Apparel_Power_Armor_T60Armor	T-60 Power Armor	assigned	controlled and crazed vaults	FIPA_Class_PowerArmor,FIPA_Pool_VaultHighTech		FCP_Power_Armor		D:\Steam\steamapps\common\RimWorld\Mods\FCP-Power-Armor\1.6\Defs\ThingDefs_Apparel\ThingDefs_Power_Armor.xml
FCP	Rick.FCP.PowerArmor	FCP - Power Armors	apparel	FCP_Apparel_Power_Armor_X01_Helmet	X-01 Power Armor Helmet	assigned	controlled and crazed vaults	FIPA_Class_PowerArmor,FIPA_Pool_VaultHighTech		FCP_Power_Armor_Helmet		D:\Steam\steamapps\common\RimWorld\Mods\FCP-Power-Armor\1.6\Defs\ThingDefs_Apparel\ThingDefs_Power_Armor_Headgear.xml
FCP	Rick.FCP.PowerArmor	FCP - Power Armors	apparel	FCP_Apparel_T51_Abraxo_Power_Armor	T-51 Power Paints Abraxo Power Armor	assigned	controlled and crazed vaults	FIPA_Class_PowerArmor,FIPA_Pool_VaultHighTech		FCP_Power_Armor		D:\Steam\steamapps\common\RimWorld\Mods\FCP-Power-Armor\1.6\Defs\ThingDefs_Apparel\ThingDefs_Power_Armor.xml
FCP	Rick.FCP.PowerArmor	FCP - Power Armors	apparel	FCP_Apparel_T51_Abraxo_Power_Armor_Helmet	Abraxo T-51 Power Armor Helmet	assigned	controlled and crazed vaults	FIPA_Class_PowerArmor,FIPA_Pool_VaultHighTech				D:\Steam\steamapps\common\RimWorld\Mods\FCP-Power-Armor\1.6\Defs\ThingDefs_Apparel\ThingDefs_Power_Armor_Headgear.xml
FCP	Rick.FCP.PowerArmor	FCP - Power Armors	apparel	FCP_Apparel_T51_Hotrod_Flames_Power_Armor	T-51 Hotrodder Flame Job Power Armor	assigned	controlled and crazed vaults	FIPA_Class_PowerArmor,FIPA_Pool_VaultHighTech		FCP_Power_Armor		D:\Steam\steamapps\common\RimWorld\Mods\FCP-Power-Armor\1.6\Defs\ThingDefs_Apparel\ThingDefs_Power_Armor.xml
FCP	Rick.FCP.PowerArmor	FCP - Power Armors	apparel	FCP_Apparel_T51_Hotrod_Flames_Power_Armor_Helmet	Hotrodder Flame Job T-51 Power Armor Helmet	assigned	controlled and crazed vaults	FIPA_Class_PowerArmor,FIPA_Pool_VaultHighTech				D:\Steam\steamapps\common\RimWorld\Mods\FCP-Power-Armor\1.6\Defs\ThingDefs_Apparel\ThingDefs_Power_Armor_Headgear.xml
FCP	Rick.FCP.PowerArmor	FCP - Power Armors	apparel	FCP_Apparel_T51_Hotrod_Pink_Power_Armor	T-51 Hotrodder Hotpink Power Armor	assigned	controlled and crazed vaults	FIPA_Class_PowerArmor,FIPA_Pool_VaultHighTech		FCP_Power_Armor		D:\Steam\steamapps\common\RimWorld\Mods\FCP-Power-Armor\1.6\Defs\ThingDefs_Apparel\ThingDefs_Power_Armor.xml
FCP	Rick.FCP.PowerArmor	FCP - Power Armors	apparel	FCP_Apparel_T51_Hotrod_Pink_Power_Armor_Helmet	Hotrodder Hotpink T-51 Power Armor Helmet	assigned	controlled and crazed vaults	FIPA_Class_PowerArmor,FIPA_Pool_VaultHighTech				D:\Steam\steamapps\common\RimWorld\Mods\FCP-Power-Armor\1.6\Defs\ThingDefs_Apparel\ThingDefs_Power_Armor_Headgear.xml
FCP	Rick.FCP.PowerArmor	FCP - Power Armors	apparel	FCP_Apparel_T51_Shark_Paint_Power_Armor	T-51 Hotrodder Shark Paint Power Armor	assigned	controlled and crazed vaults	FIPA_Class_PowerArmor,FIPA_Pool_VaultHighTech		FCP_Power_Armor		D:\Steam\steamapps\common\RimWorld\Mods\FCP-Power-Armor\1.6\Defs\ThingDefs_Apparel\ThingDefs_Power_Armor.xml
FCP	Rick.FCP.PowerArmor	FCP - Power Armors	apparel	FCP_Apparel_T51_Shark_Paint_Power_Armor_Helmet	Hotrodder Shark Paint T-51 Power Armor Helmet	assigned	controlled and crazed vaults	FIPA_Class_PowerArmor,FIPA_Pool_VaultHighTech				D:\Steam\steamapps\common\RimWorld\Mods\FCP-Power-Armor\1.6\Defs\ThingDefs_Apparel\ThingDefs_Power_Armor_Headgear.xml
FCP	Rick.FCP.PowerArmor	FCP - Power Armors	apparel	FCP_Apparel_T51_Sugar_Bombs_Power_Armor	T-51 Power Paints Sugar Bombs Power Armor	assigned	controlled and crazed vaults	FIPA_Class_PowerArmor,FIPA_Pool_VaultHighTech		FCP_Power_Armor		D:\Steam\steamapps\common\RimWorld\Mods\FCP-Power-Armor\1.6\Defs\ThingDefs_Apparel\ThingDefs_Power_Armor.xml
FCP	Rick.FCP.PowerArmor	FCP - Power Armors	apparel	FCP_Apparel_T51_Sugar_Bombs_Power_Armor_Helmet	Sugar Bombs T-51 Power Armor Helmet	assigned	controlled and crazed vaults	FIPA_Class_PowerArmor,FIPA_Pool_VaultHighTech				D:\Steam\steamapps\common\RimWorld\Mods\FCP-Power-Armor\1.6\Defs\ThingDefs_Apparel\ThingDefs_Power_Armor_Headgear.xml
FCP	Rick.FCP.PowerArmor	FCP - Power Armors	apparel	FCP_Apparel_T60_Hotrod_Flames_Power_Armor	T-60 Hotrodder Flame Job Power Armor	assigned	controlled and crazed vaults	FIPA_Class_PowerArmor,FIPA_Pool_VaultHighTech		FCP_Power_Armor		D:\Steam\steamapps\common\RimWorld\Mods\FCP-Power-Armor\1.6\Defs\ThingDefs_Apparel\ThingDefs_Power_Armor.xml
FCP	Rick.FCP.PowerArmor	FCP - Power Armors	apparel	FCP_Apparel_T60_Hotrod_Flames_Power_Armor_Helmet	Hotrodder Flame Job T-60 Power Armor Helmet	assigned	controlled and crazed vaults	FIPA_Class_PowerArmor,FIPA_Pool_VaultHighTech				D:\Steam\steamapps\common\RimWorld\Mods\FCP-Power-Armor\1.6\Defs\ThingDefs_Apparel\ThingDefs_Power_Armor_Headgear.xml
FCP	Rick.FCP.PowerArmor	FCP - Power Armors	apparel	FCP_Apparel_T60_Hotrod_Pink_Power_Armor	T-60 Hotrodder Hotpink Power Armor	assigned	controlled and crazed vaults	FIPA_Class_PowerArmor,FIPA_Pool_VaultHighTech		FCP_Power_Armor		D:\Steam\steamapps\common\RimWorld\Mods\FCP-Power-Armor\1.6\Defs\ThingDefs_Apparel\ThingDefs_Power_Armor.xml
FCP	Rick.FCP.PowerArmor	FCP - Power Armors	apparel	FCP_Apparel_T60_Hotrod_Pink_Power_Armor_Helmet	Hotrodder Hotpink T-60 Power Armor Helmet	assigned	controlled and crazed vaults	FIPA_Class_PowerArmor,FIPA_Pool_VaultHighTech				D:\Steam\steamapps\common\RimWorld\Mods\FCP-Power-Armor\1.6\Defs\ThingDefs_Apparel\ThingDefs_Power_Armor_Headgear.xml
FCP	Rick.FCP.PowerArmor	FCP - Power Armors	apparel	FCP_Apparel_T60_Shark_Paint_Power_Armor	T-60 Hotrodder Shark Paint Power Armor	assigned	controlled and crazed vaults	FIPA_Class_PowerArmor,FIPA_Pool_VaultHighTech		FCP_Power_Armor		D:\Steam\steamapps\common\RimWorld\Mods\FCP-Power-Armor\1.6\Defs\ThingDefs_Apparel\ThingDefs_Power_Armor.xml
FCP	Rick.FCP.PowerArmor	FCP - Power Armors	apparel	FCP_Apparel_T60_Shark_Paint_Power_Armor_Helmet	Hotrodder Shark Paint T-60 Power Armor Helmet	assigned	controlled and crazed vaults	FIPA_Class_PowerArmor,FIPA_Pool_VaultHighTech				D:\Steam\steamapps\common\RimWorld\Mods\FCP-Power-Armor\1.6\Defs\ThingDefs_Apparel\ThingDefs_Power_Armor_Headgear.xml
FCP	Rick.FCP.PowerArmor	FCP - Power Armors	apparel	FCP_Apparel_X01_Power_Armor	X-01 Power Armor	assigned	controlled and crazed vaults	FIPA_Class_PowerArmor,FIPA_Pool_VaultHighTech		FCP_Power_Armor		D:\Steam\steamapps\common\RimWorld\Mods\FCP-Power-Armor\1.6\Defs\ThingDefs_Apparel\ThingDefs_Power_Armor.xml
FCP	Rick.FCP.Raiders	FCP - Raiders	apparel	FCP_Apparel_Armored_Raider_Skull_Gas_Mask	Armored Raider Skull Gas Mask	assigned	Nuevo Texico Viper/Scorpion/Jackal raiders; raiders	FIPA_Class_Raider,FIPA_Pool_NuevoTexicoRaider,FIPA_Pool_Raider		FCP_Raider_Armor		D:\Steam\steamapps\common\RimWorld\Mods\FCP-Raiders\1.6\Defs\ThingDefs_Apparel\Headgear.xml
FCP	Rick.FCP.Raiders	FCP - Raiders	apparel	FCP_Apparel_Fiend_Battle_Helmet	Raider Fiend Battle Helmet	assigned	Arizona Fiend raiders; raiders	FIPA_Class_Raider,FIPA_Pool_ArizonaRaider,FIPA_Pool_Raider		FCP_Raider_Armor		D:\Steam\steamapps\common\RimWorld\Mods\FCP-Raiders\1.6\Defs\ThingDefs_Apparel\Headgear.xml
FCP	Rick.FCP.Raiders	FCP - Raiders	apparel	FCP_Apparel_Fiend_Helmet	Raider Fiend Helmet	assigned	Arizona Fiend raiders; raiders	FIPA_Class_Raider,FIPA_Pool_ArizonaRaider,FIPA_Pool_Raider		FCP_Raider_Armor		D:\Steam\steamapps\common\RimWorld\Mods\FCP-Raiders\1.6\Defs\ThingDefs_Apparel\Headgear.xml
FCP	Rick.FCP.Raiders	FCP - Raiders	apparel	FCP_Apparel_Fiend_Warrior_Helmet	Raider Fiend Warrior Helmet	assigned	Arizona Fiend raiders; raiders	FIPA_Class_Raider,FIPA_Pool_ArizonaRaider,FIPA_Pool_Raider		FCP_Raider_Armor		D:\Steam\steamapps\common\RimWorld\Mods\FCP-Raiders\1.6\Defs\ThingDefs_Apparel\Headgear.xml
FCP	Rick.FCP.Raiders	FCP - Raiders	apparel	FCP_Apparel_Junkyard_Power_Armor_Helmet	Junkyard Power Armor Helmet	assigned	raiders	FIPA_Class_PowerArmor,FIPA_Pool_Raider,FIPA_Pool_RegionalRaider		FCP_Power_Armor_Helmet,FCP_Raider_Power_Armor		D:\Steam\steamapps\common\RimWorld\Mods\FCP-Raiders\1.6\Defs\ThingDefs_Apparel\Headgear.xml
FCP	Rick.FCP.Raiders	FCP - Raiders	apparel	FCP_Apparel_Mrfuzzy_Power_Armor_Helmet	Mr Fuzzy Power Armor Helmet	assigned	raiders	FIPA_Class_PowerArmor,FIPA_Pool_Raider,FIPA_Pool_RegionalRaider		FCP_Power_Armor_Helmet,FCP_Raider_Power_Armor		D:\Steam\steamapps\common\RimWorld\Mods\FCP-Raiders\1.6\Defs\ThingDefs_Apparel\Headgear.xml
FCP	Rick.FCP.Raiders	FCP - Raiders	apparel	FCP_Apparel_Raider_Arclight_Helmet	Raider Arclight Helmet	assigned	Cascadia Forged raiders; raiders	FIPA_Class_Raider,FIPA_Pool_CascadiaRaider,FIPA_Pool_Raider		FCP_Raider_Armor		D:\Steam\steamapps\common\RimWorld\Mods\FCP-Raiders\1.6\Defs\ThingDefs_Apparel\Headgear.xml
FCP	Rick.FCP.Raiders	FCP - Raiders	apparel	FCP_Apparel_Raider_Arclight_Rust_Helmet	FCP_Apparel_Raider_Arclight_Rust_Helmet	assigned	Cascadia Forged raiders; raiders	FIPA_Class_Raider,FIPA_Pool_CascadiaRaider,FIPA_Pool_Raider		FCP_Raider_Armor		D:\Steam\steamapps\common\RimWorld\Mods\FCP-Raiders\1.6\Defs\ThingDefs_Apparel\Headgear.xml
FCP	Rick.FCP.Raiders	FCP - Raiders	apparel	FCP_Apparel_Raider_Armor_Heavy	Heavy Raider Armor	assigned	Cascadia Forged raiders; raiders	FIPA_Class_Raider,FIPA_Pool_CascadiaRaider,FIPA_Pool_Raider		FCP_Raider_Armor		D:\Steam\steamapps\common\RimWorld\Mods\FCP-Raiders\1.6\Defs\ThingDefs_Apparel\Apparel.xml
FCP	Rick.FCP.Raiders	FCP - Raiders	apparel	FCP_Apparel_Raider_Armor_Light	Raider Armor	assigned	raiders	FIPA_Class_Raider,FIPA_Pool_Raider,FIPA_Pool_RegionalRaider		FCP_Raider_Armor		D:\Steam\steamapps\common\RimWorld\Mods\FCP-Raiders\1.6\Defs\ThingDefs_Apparel\Apparel.xml
FCP	Rick.FCP.Raiders	FCP - Raiders	apparel	FCP_Apparel_Raider_Armor_Medium	Sturdy Raider Armor	assigned	raiders	FIPA_Class_Raider,FIPA_Pool_Raider,FIPA_Pool_RegionalRaider		FCP_Raider_Armor		D:\Steam\steamapps\common\RimWorld\Mods\FCP-Raiders\1.6\Defs\ThingDefs_Apparel\Apparel.xml
FCP	Rick.FCP.Raiders	FCP - Raiders	apparel	FCP_Apparel_Raider_Badlands_Armor	Raider Badlands Armor	assigned	Arizona Fiend raiders; raiders	FIPA_Class_Raider,FIPA_Pool_ArizonaRaider,FIPA_Pool_Raider		FCP_Raider_Armor		D:\Steam\steamapps\common\RimWorld\Mods\FCP-Raiders\1.6\Defs\ThingDefs_Apparel\Apparel.xml
FCP	Rick.FCP.Raiders	FCP - Raiders	apparel	FCP_Apparel_Raider_Blastmaster_Armor	Raider Blastmaster Armor	assigned	Cascadia Forged raiders; raiders	FIPA_Class_Raider,FIPA_Pool_CascadiaRaider,FIPA_Pool_Raider		FCP_Raider_Armor		D:\Steam\steamapps\common\RimWorld\Mods\FCP-Raiders\1.6\Defs\ThingDefs_Apparel\Apparel.xml
FCP	Rick.FCP.Raiders	FCP - Raiders	apparel	FCP_Apparel_Raider_Blastmaster_Helmet	Raider Blastmaster Helmet	assigned	Cascadia Forged raiders; raiders	FIPA_Class_Raider,FIPA_Pool_CascadiaRaider,FIPA_Pool_Raider		FCP_Raider_Armor		D:\Steam\steamapps\common\RimWorld\Mods\FCP-Raiders\1.6\Defs\ThingDefs_Apparel\Headgear.xml
FCP	Rick.FCP.Raiders	FCP - Raiders	apparel	FCP_Apparel_Raider_Leather_Coat	Raider Leather Coat	assigned	raiders	FIPA_Class_Raider,FIPA_Pool_Raider,FIPA_Pool_RegionalRaider		FCP_Raider_Armor		D:\Steam\steamapps\common\RimWorld\Mods\FCP-Raiders\1.6\Defs\ThingDefs_Apparel\Apparel.xml
FCP	Rick.FCP.Raiders	FCP - Raiders	apparel	FCP_Apparel_Raider_Leathers	Raider Leathers	assigned	raiders	FIPA_Class_Raider,FIPA_Pool_Raider,FIPA_Pool_RegionalRaider		FCP_Raider_Armor		D:\Steam\steamapps\common\RimWorld\Mods\FCP-Raiders\1.6\Defs\ThingDefs_Apparel\Apparel.xml
FCP	Rick.FCP.Raiders	FCP - Raiders	apparel	FCP_Apparel_Raider_Long_Johns	Raider Armor	assigned	raiders	FIPA_Class_Raider,FIPA_Pool_Raider,FIPA_Pool_RegionalRaider		FCP_Raider_Armor		D:\Steam\steamapps\common\RimWorld\Mods\FCP-Raiders\1.6\Defs\ThingDefs_Apparel\Apparel.xml
FCP	Rick.FCP.Raiders	FCP - Raiders	apparel	FCP_Apparel_Raider_Painspike_Armor	Raider Painspike Armor	assigned	Arizona Fiend raiders; raiders	FIPA_Class_Raider,FIPA_Pool_ArizonaRaider,FIPA_Pool_Raider		FCP_Raider_Armor		D:\Steam\steamapps\common\RimWorld\Mods\FCP-Raiders\1.6\Defs\ThingDefs_Apparel\Apparel.xml
FCP	Rick.FCP.Raiders	FCP - Raiders	apparel	FCP_Apparel_Raider_Power_Armor	Raider Power Armor	assigned	raiders	FIPA_Class_PowerArmor,FIPA_Pool_Raider,FIPA_Pool_RegionalRaider		FCP_Raider_Power_Armor		D:\Steam\steamapps\common\RimWorld\Mods\FCP-Raiders\1.6\Defs\ThingDefs_Apparel\Power_Armor.xml
FCP	Rick.FCP.Raiders	FCP - Raiders	apparel	FCP_Apparel_Raider_Power_Armor_Helmet	Raider Power Armor Helmet	assigned	raiders	FIPA_Class_PowerArmor,FIPA_Pool_Raider,FIPA_Pool_RegionalRaider		FCP_Power_Armor_Helmet,FCP_Raider_Power_Armor		D:\Steam\steamapps\common\RimWorld\Mods\FCP-Raiders\1.6\Defs\ThingDefs_Apparel\Headgear.xml
FCP	Rick.FCP.Raiders	FCP - Raiders	apparel	FCP_Apparel_Raider_Psycho_Tic_Helmet	Raider Psycho-Tic Helmet	assigned	Arizona Fiend raiders; raiders	FIPA_Class_Raider,FIPA_Pool_ArizonaRaider,FIPA_Pool_Raider		FCP_Raider_Armor		D:\Steam\steamapps\common\RimWorld\Mods\FCP-Raiders\1.6\Defs\ThingDefs_Apparel\Headgear.xml
FCP	Rick.FCP.Raiders	FCP - Raiders	apparel	FCP_Apparel_Raider_Sadist_Armor	Raider Sadist Armor	assigned	raiders	FIPA_Class_Raider,FIPA_Pool_Raider,FIPA_Pool_RegionalRaider		FCP_Raider_Armor		D:\Steam\steamapps\common\RimWorld\Mods\FCP-Raiders\1.6\Defs\ThingDefs_Apparel\Apparel.xml
FCP	Rick.FCP.Raiders	FCP - Raiders	apparel	FCP_Apparel_Raider_Tire_Armor	Raider Tire Armor	assigned	Nuevo Texico Viper/Scorpion/Jackal raiders; raiders	FIPA_Class_Raider,FIPA_Pool_NuevoTexicoRaider,FIPA_Pool_Raider		FCP_Raider_Armor		D:\Steam\steamapps\common\RimWorld\Mods\FCP-Raiders\1.6\Defs\ThingDefs_Apparel\Apparel.xml
FCP	Rick.FCP.Raiders	FCP - Raiders	apparel	FCP_Apparel_Raider_Wastehound_Helmet	Raider Wastehound Helmet	assigned	Nuevo Texico Viper/Scorpion/Jackal raiders; raiders	FIPA_Class_Raider,FIPA_Pool_NuevoTexicoRaider,FIPA_Pool_Raider		FCP_Raider_Armor		D:\Steam\steamapps\common\RimWorld\Mods\FCP-Raiders\1.6\Defs\ThingDefs_Apparel\Headgear.xml
FCP	Rick.FCP.Raiders	FCP - Raiders	apparel	FCP_Apparel_Rusty_Raider_Skull_Gas_Mask	Rusty Raider Skull Gas Mask	assigned	Nuevo Texico Viper/Scorpion/Jackal raiders; raiders	FIPA_Class_Raider,FIPA_Pool_NuevoTexicoRaider,FIPA_Pool_Raider		FCP_Raider_Armor		D:\Steam\steamapps\common\RimWorld\Mods\FCP-Raiders\1.6\Defs\ThingDefs_Apparel\Headgear.xml
FCP	Rick.FCP.Raiders	FCP - Raiders	apparel	FCP_Apparel_Sack_Hood	Sack Hood	assigned	Nuevo Texico Viper/Scorpion/Jackal raiders; raiders	FIPA_Class_Raider,FIPA_Pool_NuevoTexicoRaider,FIPA_Pool_Raider		FCP_Raider_Armor		D:\Steam\steamapps\common\RimWorld\Mods\FCP-Raiders\1.6\Defs\ThingDefs_Apparel\Headgear.xml
FCP	Rick.FCP.Raiders	FCP - Raiders	apparel	FCP_Apparel_Scabber_Power_Armor	Scabber Power Armor	assigned	raiders	FIPA_Class_PowerArmor,FIPA_Pool_Raider,FIPA_Pool_RegionalRaider		FCP_Raider_Power_Armor		D:\Steam\steamapps\common\RimWorld\Mods\FCP-Raiders\1.6\Defs\ThingDefs_Apparel\Power_Armor.xml
FCP	Rick.FCP.Raiders	FCP - Raiders	apparel	FCP_Apparel_Scabber_Power_Armor_Helmet	Scabber Power Armor Helmet	assigned	raiders	FIPA_Class_PowerArmor,FIPA_Pool_Raider,FIPA_Pool_RegionalRaider		FCP_Power_Armor_Helmet,FCP_Raider_Power_Armor		D:\Steam\steamapps\common\RimWorld\Mods\FCP-Raiders\1.6\Defs\ThingDefs_Apparel\Headgear.xml
FCP	Rick.FCP.Raiders	FCP - Raiders	apparel	FCP_Apparel_Waster_Power_Armor	Waster Power Armor	assigned	raiders	FIPA_Class_PowerArmor,FIPA_Pool_Raider,FIPA_Pool_RegionalRaider		FCP_Raider_Power_Armor		D:\Steam\steamapps\common\RimWorld\Mods\FCP-Raiders\1.6\Defs\ThingDefs_Apparel\Power_Armor.xml
FCP	Rick.FCP.Raiders	FCP - Raiders	apparel	FCP_Apparel_Waster_Power_Armor_Helmet	Waster Power Armor Helmet	assigned	raiders	FIPA_Class_PowerArmor,FIPA_Pool_Raider,FIPA_Pool_RegionalRaider		FCP_Power_Armor_Helmet,FCP_Raider_Power_Armor		D:\Steam\steamapps\common\RimWorld\Mods\FCP-Raiders\1.6\Defs\ThingDefs_Apparel\Headgear.xml
FCP	Rick.FCP.UnarmedWeapons	FCP - Unarmed Weapons	weapon	FCP_Unarmed_Ballistic_Fist	Ballistic Fist	assigned	Circle of Steel; Whitespring Enclave; controlled and crazed vaults; super mutant forces	FIPW_Pool_CircleOfSteel,FIPW_Pool_Enclave,FIPW_Pool_SuperMutant,FIPW_Pool_VaultHighTech,FIPW_Role_Melee,FIPW_T3_Advanced	FCP_Unarmed_Advanced			D:\Steam\steamapps\common\RimWorld\Mods\FCP-Unarmed-Weapons\1.6\Defs\Unarmed_Weapon_Defs.xml
FCP	Rick.FCP.UnarmedWeapons	FCP - Unarmed Weapons	weapon	FCP_Unarmed_Boxing_Glove	Boxing Glove	assigned	raiders and arena families	FIPW_Pool_Raider,FIPW_Role_Melee,FIPW_T0_Improvised	FCP_Unarmed			D:\Steam\steamapps\common\RimWorld\Mods\FCP-Unarmed-Weapons\1.6\Defs\Unarmed_Weapon_Defs.xml
FCP	Rick.FCP.UnarmedWeapons	FCP - Unarmed Weapons	weapon	FCP_Unarmed_Displacer_Glove	Displacer Glove	assigned	Circle of Steel; Whitespring Enclave; controlled and crazed vaults; super mutant forces	FIPW_Pool_CircleOfSteel,FIPW_Pool_Enclave,FIPW_Pool_SuperMutant,FIPW_Pool_VaultHighTech,FIPW_Role_Melee,FIPW_T4_Elite	FCP_Unarmed_Experimental			D:\Steam\steamapps\common\RimWorld\Mods\FCP-Unarmed-Weapons\1.6\Defs\Unarmed_Weapon_Defs.xml
FCP	Rick.FCP.UnarmedWeapons	FCP - Unarmed Weapons	weapon	FCP_Unarmed_Industrial_Fist	Industrial Hand	assigned	raiders and arena families; super mutant forces	FIPW_Pool_Raider,FIPW_Pool_SuperMutant,FIPW_Role_Melee,FIPW_T2_Service	FCP_Unarmed_Advanced			D:\Steam\steamapps\common\RimWorld\Mods\FCP-Unarmed-Weapons\1.6\Defs\Unarmed_Weapon_Defs.xml
FCP	Rick.FCP.UnarmedWeapons	FCP - Unarmed Weapons	weapon	FCP_Unarmed_Power_Fist	Power Fist	assigned	Circle of Steel; Whitespring Enclave; controlled and crazed vaults; super mutant forces	FIPW_Pool_CircleOfSteel,FIPW_Pool_Enclave,FIPW_Pool_SuperMutant,FIPW_Pool_VaultHighTech,FIPW_Role_Melee,FIPW_T3_Advanced	FCP_Unarmed_Advanced			D:\Steam\steamapps\common\RimWorld\Mods\FCP-Unarmed-Weapons\1.6\Defs\Unarmed_Weapon_Defs.xml
FCP	Rick.FCP.UnarmedWeapons	FCP - Unarmed Weapons	weapon	FCP_Unarmed_Zap_Glove	Zap Glove	assigned	Circle of Steel; Whitespring Enclave; controlled and crazed vaults; super mutant forces	FIPW_Pool_CircleOfSteel,FIPW_Pool_Enclave,FIPW_Pool_SuperMutant,FIPW_Pool_VaultHighTech,FIPW_Role_Melee,FIPW_T4_Elite	FCP_Unarmed_Energy			D:\Steam\steamapps\common\RimWorld\Mods\FCP-Unarmed-Weapons\1.6\Defs\Unarmed_Weapon_Defs.xml
FCP	Rick.FCP.Wastelanders	FCP - Wastelanders	apparel	FCP_Apparel_Army_Helmet	Army Helmet	assigned	US Army-equipped forces; controlled and crazed vaults; raider fighters; settlement guards	FIPA_Pool_Raider,FIPA_Pool_SettlerGuard,FIPA_Pool_USArmy,FIPA_Pool_VaultHighTech		FCP_Combat_Armors		D:\Steam\steamapps\common\RimWorld\Mods\FCP-Wastelanders\1.6\Defs\ThingDefs_Apparel\ThingDefs_Wastelander_Headgear.xml
FCP	Rick.FCP.Wastelanders	FCP - Wastelanders	apparel	FCP_Apparel_Army_Uniform	Pre-War Army Uniform	assigned	US Army-equipped forces; Whitespring non-power-armored soldiers; generic wastelanders; raiders; settlements	FIPA_Pool_EnclaveTrooper,FIPA_Pool_Raider,FIPA_Pool_Settler,FIPA_Pool_USArmy,FIPA_Pool_WastelanderGeneric		FCP_Pre_War_Apparel,FCP_Wastelander_Apparel		D:\Steam\steamapps\common\RimWorld\Mods\FCP-Wastelanders\1.6\Defs\ThingDefs_Apparel\ThingDefs_Wastelander_Apparel.xml
FCP	Rick.FCP.Wastelanders	FCP - Wastelanders	apparel	FCP_Apparel_Assault_Gas_Mask	Assault Gasmask	assigned	generic wastelanders; raiders; settlements	FIPA_Pool_Raider,FIPA_Pool_Settler,FIPA_Pool_WastelanderGeneric		FCP_Raider_Armor,FCP_Wastelander_Apparel		D:\Steam\steamapps\common\RimWorld\Mods\FCP-Wastelanders\1.6\Defs\ThingDefs_Apparel\ThingDefs_Wastelander_Headgear.xml
FCP	Rick.FCP.Wastelanders	FCP - Wastelanders	apparel	FCP_Apparel_Athletic_Outfit	Athletic Outfit	assigned	generic wastelanders; raiders; settlements	FIPA_Pool_Raider,FIPA_Pool_Settler,FIPA_Pool_WastelanderGeneric		FCP_Wastelander_Apparel		D:\Steam\steamapps\common\RimWorld\Mods\FCP-Wastelanders\1.6\Defs\ThingDefs_Apparel\ThingDefs_Wastelander_Apparel.xml
FCP	Rick.FCP.Wastelanders	FCP - Wastelanders	apparel	FCP_Apparel_Benny_Pre_War_Fancy_Suit_Clean	Benny	unique_or_quest_only		FIPA_Special_Costume			Collectible or named pre-war costume; excluded from random pawns.	D:\Steam\steamapps\common\RimWorld\Mods\FCP-Wastelanders\1.6\Defs\ThingDefs_Apparel\ThingDefs_Wastelander_Apparel.xml
FCP	Rick.FCP.Wastelanders	FCP - Wastelanders	apparel	FCP_Apparel_Brahmin_Skin_Outfit	Brahmin Skin Outfit	assigned	generic wastelanders; raiders; settlements	FIPA_Pool_Raider,FIPA_Pool_Settler,FIPA_Pool_WastelanderGeneric		FCP_Wastelander_Apparel		D:\Steam\steamapps\common\RimWorld\Mods\FCP-Wastelanders\1.6\Defs\ThingDefs_Apparel\ThingDefs_Wastelander_Apparel.xml
FCP	Rick.FCP.Wastelanders	FCP - Wastelanders	apparel	FCP_Apparel_Bright_Brotherhood_Robe	Bright Brotherhood Robe	assigned	ghoul settlements; wasteland cults	FIPA_Pool_Cult,FIPA_Pool_Ghoul		FCP_Bright_Brotherhood,FCP_Ghoul_Apparel		D:\Steam\steamapps\common\RimWorld\Mods\FCP-Wastelanders\1.6\Defs\ThingDefs_Apparel\ThingDefs_Wastelander_Apparel.xml
FCP	Rick.FCP.Wastelanders	FCP - Wastelanders	apparel	FCP_Apparel_Business_Pre_War	Business Pre War	assigned	generic wastelanders; raiders; settlements	FIPA_Pool_Raider,FIPA_Pool_Settler,FIPA_Pool_WastelanderGeneric		FCP_Pre_War_Apparel,FCP_Wastelander_Apparel		D:\Steam\steamapps\common\RimWorld\Mods\FCP-Wastelanders\1.6\Defs\ThingDefs_Apparel\ThingDefs_Wastelander_Apparel.xml
FCP	Rick.FCP.Wastelanders	FCP - Wastelanders	apparel	FCP_Apparel_Caravaneer_Outfit	Caravaneer Outfit	assigned	generic wastelanders; raiders; settlements	FIPA_Pool_Raider,FIPA_Pool_Settler,FIPA_Pool_WastelanderGeneric		FCP_Wastelander_Apparel		D:\Steam\steamapps\common\RimWorld\Mods\FCP-Wastelanders\1.6\Defs\ThingDefs_Apparel\ThingDefs_Wastelander_Apparel.xml
FCP	Rick.FCP.Wastelanders	FCP - Wastelanders	apparel	FCP_Apparel_Chained_Prostitute_Outfit	Chained Prostitute Outfit	assigned	slavers and forced laborers	FIPA_Pool_Slave		FCP_Slaves_New_Vegas_Apparel		D:\Steam\steamapps\common\RimWorld\Mods\FCP-Wastelanders\1.6\Defs\ThingDefs_Apparel\ThingDefs_Wastelander_Apparel.xml
FCP	Rick.FCP.Wastelanders	FCP - Wastelanders	apparel	FCP_Apparel_Combat_Armor	Combat Armor	assigned	US Army-equipped forces; controlled and crazed vaults; raider fighters; settlement guards	FIPA_Pool_Raider,FIPA_Pool_SettlerGuard,FIPA_Pool_USArmy,FIPA_Pool_VaultHighTech		FCP_Combat_Armor,FCP_Combat_Armors		D:\Steam\steamapps\common\RimWorld\Mods\FCP-Wastelanders\1.6\Defs\ThingDefs_Apparel\ThingDefs_Wastelander_Apparel.xml
FCP	Rick.FCP.Wastelanders	FCP - Wastelanders	apparel	FCP_Apparel_Combat_Armor_Heavy	Combat Armor Heavy	assigned	US Army-equipped forces; controlled and crazed vaults; raider fighters; settlement guards	FIPA_Pool_Raider,FIPA_Pool_SettlerGuard,FIPA_Pool_USArmy,FIPA_Pool_VaultHighTech		FCP_Combat_Armor_Modular		D:\Steam\steamapps\common\RimWorld\Mods\FCP-Wastelanders\1.6\Defs\ThingDefs_Apparel\ThingDefs_Wastelander_Apparel.xml
FCP	Rick.FCP.Wastelanders	FCP - Wastelanders	apparel	FCP_Apparel_Combat_Armor_Helmet	Modular Combat Armor Helmet	assigned	US Army-equipped forces; controlled and crazed vaults; raider fighters; settlement guards	FIPA_Pool_Raider,FIPA_Pool_SettlerGuard,FIPA_Pool_USArmy,FIPA_Pool_VaultHighTech		FCP_Combat_Armor_Modular		D:\Steam\steamapps\common\RimWorld\Mods\FCP-Wastelanders\1.6\Defs\ThingDefs_Apparel\ThingDefs_Wastelander_Headgear.xml
FCP	Rick.FCP.Wastelanders	FCP - Wastelanders	apparel	FCP_Apparel_Combat_Armor_Light	Combat Armor Light	assigned	US Army-equipped forces; controlled and crazed vaults; raider fighters; settlement guards	FIPA_Pool_Raider,FIPA_Pool_SettlerGuard,FIPA_Pool_USArmy,FIPA_Pool_VaultHighTech		FCP_Combat_Armor,FCP_Combat_Armor_Modular		D:\Steam\steamapps\common\RimWorld\Mods\FCP-Wastelanders\1.6\Defs\ThingDefs_Apparel\ThingDefs_Wastelander_Apparel.xml
FCP	Rick.FCP.Wastelanders	FCP - Wastelanders	apparel	FCP_Apparel_Combat_Armor_Sturdy	Combat Armor Sturdy	assigned	US Army-equipped forces; controlled and crazed vaults; raider fighters; settlement guards	FIPA_Pool_Raider,FIPA_Pool_SettlerGuard,FIPA_Pool_USArmy,FIPA_Pool_VaultHighTech		FCP_Combat_Armor_Modular		D:\Steam\steamapps\common\RimWorld\Mods\FCP-Wastelanders\1.6\Defs\ThingDefs_Apparel\ThingDefs_Wastelander_Apparel.xml
FCP	Rick.FCP.Wastelanders	FCP - Wastelanders	apparel	FCP_Apparel_Combat_Helmet	Combat Helmet	assigned	US Army-equipped forces; controlled and crazed vaults; raider fighters; settlement guards	FIPA_Pool_Raider,FIPA_Pool_SettlerGuard,FIPA_Pool_USArmy,FIPA_Pool_VaultHighTech		FCP_Combat_Armors		D:\Steam\steamapps\common\RimWorld\Mods\FCP-Wastelanders\1.6\Defs\ThingDefs_Apparel\ThingDefs_Wastelander_Headgear.xml
FCP	Rick.FCP.Wastelanders	FCP - Wastelanders	apparel	FCP_Apparel_Exposed_Prostitute_Outfit	Exposed Prostitute Outfit	assigned	slavers and forced laborers	FIPA_Pool_Slave		FCP_Slaves_New_Vegas_Apparel		D:\Steam\steamapps\common\RimWorld\Mods\FCP-Wastelanders\1.6\Defs\ThingDefs_Apparel\ThingDefs_Wastelander_Apparel.xml
FCP	Rick.FCP.Wastelanders	FCP - Wastelanders	apparel	FCP_Apparel_Fancy_Gambler_Dress	Fancy Gambler Dress	assigned	generic wastelanders; raiders; settlements	FIPA_Pool_Raider,FIPA_Pool_Settler,FIPA_Pool_WastelanderGeneric		FCP_Pre_War_Apparel,FCP_Wastelander_Apparel		D:\Steam\steamapps\common\RimWorld\Mods\FCP-Wastelanders\1.6\Defs\ThingDefs_Apparel\ThingDefs_Wastelander_Apparel.xml
FCP	Rick.FCP.Wastelanders	FCP - Wastelanders	apparel	FCP_Apparel_Fancy_Gambler_Suit	Fancy Gambler Suit	assigned	generic wastelanders; raiders; settlements	FIPA_Pool_Raider,FIPA_Pool_Settler,FIPA_Pool_WastelanderGeneric		FCP_Pre_War_Apparel,FCP_Wastelander_Apparel		D:\Steam\steamapps\common\RimWorld\Mods\FCP-Wastelanders\1.6\Defs\ThingDefs_Apparel\ThingDefs_Wastelander_Apparel.xml
FCP	Rick.FCP.Wastelanders	FCP - Wastelanders	apparel	FCP_Apparel_Field_Hand_Female_Outfit	Field Hand Female Outfit	assigned	generic wastelanders; raiders; settlements	FIPA_Pool_Raider,FIPA_Pool_Settler,FIPA_Pool_WastelanderGeneric		FCP_Wastelander_Apparel		D:\Steam\steamapps\common\RimWorld\Mods\FCP-Wastelanders\1.6\Defs\ThingDefs_Apparel\ThingDefs_Wastelander_Apparel.xml
FCP	Rick.FCP.Wastelanders	FCP - Wastelanders	apparel	FCP_Apparel_Field_Hand_Male_Outfit	Field Hand Male Outfit	assigned	generic wastelanders; raiders; settlements	FIPA_Pool_Raider,FIPA_Pool_Settler,FIPA_Pool_WastelanderGeneric		FCP_Wastelander_Apparel		D:\Steam\steamapps\common\RimWorld\Mods\FCP-Wastelanders\1.6\Defs\ThingDefs_Apparel\ThingDefs_Wastelander_Apparel.xml
FCP	Rick.FCP.Wastelanders	FCP - Wastelanders	apparel	FCP_Apparel_Gas_Ranger	Gas Ranger Outfit	assigned	ghoul settlements; wasteland rangers	FIPA_Pool_Ghoul,FIPA_Pool_SettlerGuard				D:\Steam\steamapps\common\RimWorld\Mods\FCP-Wastelanders\1.6\Defs\ThingDefs_Apparel\ThingDefs_Wastelander_Apparel.xml
FCP	Rick.FCP.Wastelanders	FCP - Wastelanders	apparel	FCP_Apparel_Gas_Ranger_Gas_Mask	Ranger Gas Mask	assigned	ghoul settlements; wasteland rangers	FIPA_Pool_Ghoul,FIPA_Pool_SettlerGuard		FCP_Wastelander_Rangers_Rick		D:\Steam\steamapps\common\RimWorld\Mods\FCP-Wastelanders\1.6\Defs\ThingDefs_Apparel\ThingDefs_Wastelander_Headgear.xml
FCP	Rick.FCP.Wastelanders	FCP - Wastelanders	apparel	FCP_Apparel_Gasmask_Goggles	Gas Mask with Goggles	assigned	generic wastelanders; raiders; settlements	FIPA_Pool_Raider,FIPA_Pool_Settler,FIPA_Pool_WastelanderGeneric		FCP_Raider_Armor,FCP_Wastelander_Apparel		D:\Steam\steamapps\common\RimWorld\Mods\FCP-Wastelanders\1.6\Defs\ThingDefs_Apparel\ThingDefs_Wastelander_Headgear.xml
FCP	Rick.FCP.Wastelanders	FCP - Wastelanders	apparel	FCP_Apparel_Grognak_Female	Grognak Female	unique_or_quest_only		FIPA_Special_Costume		FCP_Pre_War_Costume	Collectible or named pre-war costume; excluded from random pawns.	D:\Steam\steamapps\common\RimWorld\Mods\FCP-Wastelanders\1.6\Defs\ThingDefs_Apparel\ThingDefs_Wastelander_Apparel.xml
FCP	Rick.FCP.Wastelanders	FCP - Wastelanders	apparel	FCP_Apparel_Grognak_Male	Grognak Male	unique_or_quest_only		FIPA_Special_Costume		FCP_Pre_War_Costume	Collectible or named pre-war costume; excluded from random pawns.	D:\Steam\steamapps\common\RimWorld\Mods\FCP-Wastelanders\1.6\Defs\ThingDefs_Apparel\ThingDefs_Wastelander_Apparel.xml
FCP	Rick.FCP.Wastelanders	FCP - Wastelanders	apparel	FCP_Apparel_Jason_Bright	Jason Bright Costume	assigned	ghoul settlements; wasteland cults	FIPA_Pool_Cult,FIPA_Pool_Ghoul		FCP_Ghoul_Apparel		D:\Steam\steamapps\common\RimWorld\Mods\FCP-Wastelanders\1.6\Defs\ThingDefs_Apparel\ThingDefs_Wastelander_Apparel.xml
FCP	Rick.FCP.Wastelanders	FCP - Wastelanders	apparel	FCP_Apparel_Lab_Coat_Capital	Lab Coat Capital	assigned	generic wastelanders; raiders; settlements	FIPA_Pool_Raider,FIPA_Pool_Settler,FIPA_Pool_WastelanderGeneric		FCP_Pre_War_Apparel,FCP_Wastelander_Apparel		D:\Steam\steamapps\common\RimWorld\Mods\FCP-Wastelanders\1.6\Defs\ThingDefs_Apparel\ThingDefs_Wastelander_Apparel.xml
FCP	Rick.FCP.Wastelanders	FCP - Wastelanders	apparel	FCP_Apparel_Lab_Coat_Commonwealth	Lab Coat Commonwealth	assigned	generic wastelanders; raiders; settlements	FIPA_Pool_Raider,FIPA_Pool_Settler,FIPA_Pool_WastelanderGeneric		FCP_Pre_War_Apparel,FCP_Wastelander_Apparel		D:\Steam\steamapps\common\RimWorld\Mods\FCP-Wastelanders\1.6\Defs\ThingDefs_Apparel\ThingDefs_Wastelander_Apparel.xml
FCP	Rick.FCP.Wastelanders	FCP - Wastelanders	apparel	FCP_Apparel_Leather_Armor	Leather Armor	assigned	generic wastelanders; raiders; settlements	FIPA_Pool_Raider,FIPA_Pool_Settler,FIPA_Pool_WastelanderGeneric		FCP_Raider_Apparel,FCP_Wastelander_Apparel		D:\Steam\steamapps\common\RimWorld\Mods\FCP-Wastelanders\1.6\Defs\ThingDefs_Apparel\ThingDefs_Wastelander_Apparel.xml
FCP	Rick.FCP.Wastelanders	FCP - Wastelanders	apparel	FCP_Apparel_Leather_Coat	Leather Coat	assigned	slavers and forced laborers	FIPA_Pool_Slave		FCP_Raider_Apparel,FCP_Slaver_Apparel,FCP_Wastelander_Apparel		D:\Steam\steamapps\common\RimWorld\Mods\FCP-Wastelanders\1.6\Defs\ThingDefs_Apparel\ThingDefs_Wastelander_Apparel.xml
FCP	Rick.FCP.Wastelanders	FCP - Wastelanders	apparel	FCP_Apparel_Manta_Man	Manta Man Costume	unique_or_quest_only		FIPA_Special_Costume		FCP_Pre_War_Costume	Collectible or named pre-war costume; excluded from random pawns.	D:\Steam\steamapps\common\RimWorld\Mods\FCP-Wastelanders\1.6\Defs\ThingDefs_Apparel\ThingDefs_Wastelander_Apparel.xml
FCP	Rick.FCP.Wastelanders	FCP - Wastelanders	apparel	FCP_Apparel_Merc_Adventurer_Outfit	Merc Adventurer Outfit	assigned	slavers and forced laborers	FIPA_Pool_Slave		FCP_Raider_Apparel,FCP_Slaver_Apparel,FCP_Wastelander_Apparel		D:\Steam\steamapps\common\RimWorld\Mods\FCP-Wastelanders\1.6\Defs\ThingDefs_Apparel\ThingDefs_Wastelander_Apparel.xml
FCP	Rick.FCP.Wastelanders	FCP - Wastelanders	apparel	FCP_Apparel_Merc_Charmer_Dress	Merc Charmer Dress	assigned	slavers and forced laborers	FIPA_Pool_Slave		FCP_Raider_Apparel,FCP_Slaver_Apparel,FCP_Wastelander_Apparel		D:\Steam\steamapps\common\RimWorld\Mods\FCP-Wastelanders\1.6\Defs\ThingDefs_Apparel\ThingDefs_Wastelander_Apparel.xml
FCP	Rick.FCP.Wastelanders	FCP - Wastelanders	apparel	FCP_Apparel_Merc_Charmer_Suit	Merc Charmer Suit	assigned	slavers and forced laborers	FIPA_Pool_Slave		FCP_Raider_Apparel,FCP_Slaver_Apparel,FCP_Wastelander_Apparel		D:\Steam\steamapps\common\RimWorld\Mods\FCP-Wastelanders\1.6\Defs\ThingDefs_Apparel\ThingDefs_Wastelander_Apparel.xml
FCP	Rick.FCP.Wastelanders	FCP - Wastelanders	apparel	FCP_Apparel_Merc_Cruiser_Outfit	Merc Cruiser Outfit	assigned	slavers and forced laborers	FIPA_Pool_Slave		FCP_Raider_Apparel,FCP_Slaver_Apparel,FCP_Wastelander_Apparel		D:\Steam\steamapps\common\RimWorld\Mods\FCP-Wastelanders\1.6\Defs\ThingDefs_Apparel\ThingDefs_Wastelander_Apparel.xml
FCP	Rick.FCP.Wastelanders	FCP - Wastelanders	apparel	FCP_Apparel_Metal_Armor	Metal Armor	assigned	generic wastelanders; raiders; settlements	FIPA_Pool_Raider,FIPA_Pool_Settler,FIPA_Pool_WastelanderGeneric		FCP_Wastelander_Apparel		D:\Steam\steamapps\common\RimWorld\Mods\FCP-Wastelanders\1.6\Defs\ThingDefs_Apparel\ThingDefs_Wastelander_Apparel.xml
FCP	Rick.FCP.Wastelanders	FCP - Wastelanders	apparel	FCP_Apparel_Military_Fatigues	Military Fatigues	assigned	US Army-equipped forces; Whitespring non-power-armored soldiers; generic wastelanders; raiders; settlements	FIPA_Pool_EnclaveTrooper,FIPA_Pool_Raider,FIPA_Pool_Settler,FIPA_Pool_USArmy,FIPA_Pool_WastelanderGeneric		FCP_Pre_War_Apparel,FCP_Wastelander_Apparel		D:\Steam\steamapps\common\RimWorld\Mods\FCP-Wastelanders\1.6\Defs\ThingDefs_Apparel\ThingDefs_Wastelander_Apparel.xml
FCP	Rick.FCP.Wastelanders	FCP - Wastelanders	apparel	FCP_Apparel_Mistress_Mystery	Mistress of Mystery Costume	unique_or_quest_only		FIPA_Special_Costume		FCP_Pre_War_Costume	Collectible or named pre-war costume; excluded from random pawns.	D:\Steam\steamapps\common\RimWorld\Mods\FCP-Wastelanders\1.6\Defs\ThingDefs_Apparel\ThingDefs_Wastelander_Apparel.xml
FCP	Rick.FCP.Wastelanders	FCP - Wastelanders	apparel	FCP_Apparel_Naughty_Nightgown	Naughty Nightgown	assigned	generic wastelanders; raiders; settlements	FIPA_Pool_Raider,FIPA_Pool_Settler,FIPA_Pool_WastelanderGeneric		FCP_Pre_War_Apparel,FCP_Wastelander_Apparel		D:\Steam\steamapps\common\RimWorld\Mods\FCP-Wastelanders\1.6\Defs\ThingDefs_Apparel\ThingDefs_Wastelander_Apparel.xml
FCP	Rick.FCP.Wastelanders	FCP - Wastelanders	apparel	FCP_Apparel_Naughty_Nightwear	Naughty Nightwear	assigned	generic wastelanders; raiders; settlements	FIPA_Pool_Raider,FIPA_Pool_Settler,FIPA_Pool_WastelanderGeneric		FCP_Pre_War_Apparel,FCP_Wastelander_Apparel		D:\Steam\steamapps\common\RimWorld\Mods\FCP-Wastelanders\1.6\Defs\ThingDefs_Apparel\ThingDefs_Wastelander_Apparel.xml
FCP	Rick.FCP.Wastelanders	FCP - Wastelanders	apparel	FCP_Apparel_Prospector_Outfit	Prospector Outfit	assigned	generic wastelanders; raiders; settlements	FIPA_Pool_Raider,FIPA_Pool_Settler,FIPA_Pool_WastelanderGeneric		FCP_Wastelander_Apparel		D:\Steam\steamapps\common\RimWorld\Mods\FCP-Wastelanders\1.6\Defs\ThingDefs_Apparel\ThingDefs_Wastelander_Apparel.xml
FCP	Rick.FCP.Wastelanders	FCP - Wastelanders	apparel	FCP_Apparel_Prostitute_Outfit_Female	Prostitute Outfit Female	assigned	slavers and forced laborers	FIPA_Pool_Slave		FCP_Slaves_New_Vegas_Apparel		D:\Steam\steamapps\common\RimWorld\Mods\FCP-Wastelanders\1.6\Defs\ThingDefs_Apparel\ThingDefs_Wastelander_Apparel.xml
FCP	Rick.FCP.Wastelanders	FCP - Wastelanders	apparel	FCP_Apparel_Prostitute_Outfit_Male	Prostitute Outfit Male	assigned	slavers and forced laborers	FIPA_Pool_Slave		FCP_Slaves_New_Vegas_Apparel		D:\Steam\steamapps\common\RimWorld\Mods\FCP-Wastelanders\1.6\Defs\ThingDefs_Apparel\ThingDefs_Wastelander_Apparel.xml
FCP	Rick.FCP.Wastelanders	FCP - Wastelanders	apparel	FCP_Apparel_Radiation_Suit	Radiations Suit	assigned	Whitespring scientists; controlled and crazed vaults	FIPA_Pool_EnclaveScientist,FIPA_Pool_VaultHighTech		FCP_Radiation_Apparel		D:\Steam\steamapps\common\RimWorld\Mods\FCP-Wastelanders\1.6\Defs\ThingDefs_Apparel\ThingDefs_Wastelander_Apparel.xml
FCP	Rick.FCP.Wastelanders	FCP - Wastelanders	apparel	FCP_Apparel_Radiations_Suit_Helmet	Radiation Suit Helmet	assigned	Whitespring scientists; controlled and crazed vaults	FIPA_Pool_EnclaveScientist,FIPA_Pool_VaultHighTech		FCP_Radiation_Apparel		D:\Steam\steamapps\common\RimWorld\Mods\FCP-Wastelanders\1.6\Defs\ThingDefs_Apparel\ThingDefs_Wastelander_Headgear.xml
FCP	Rick.FCP.Wastelanders	FCP - Wastelanders	apparel	FCP_Apparel_Red_Rocket_Overalls	Red Rocket Overalls	assigned	generic wastelanders; raiders; settlements	FIPA_Pool_Raider,FIPA_Pool_Settler,FIPA_Pool_WastelanderGeneric		FCP_Pre_War_Apparel,FCP_Wastelander_Apparel		D:\Steam\steamapps\common\RimWorld\Mods\FCP-Wastelanders\1.6\Defs\ThingDefs_Apparel\ThingDefs_Wastelander_Apparel.xml
FCP	Rick.FCP.Wastelanders	FCP - Wastelanders	apparel	FCP_Apparel_Reinforced_Combat_Armor	Reinforced Combat Armor	assigned	US Army-equipped forces; controlled and crazed vaults; raider fighters; settlement guards	FIPA_Pool_Raider,FIPA_Pool_SettlerGuard,FIPA_Pool_USArmy,FIPA_Pool_VaultHighTech		FCP_Combat_Armor,FCP_Combat_Armor_Reinforced		D:\Steam\steamapps\common\RimWorld\Mods\FCP-Wastelanders\1.6\Defs\ThingDefs_Apparel\ThingDefs_Wastelander_Apparel.xml
FCP	Rick.FCP.Wastelanders	FCP - Wastelanders	apparel	FCP_Apparel_Reinforced_Combat_Armor_Helmet	Reinforced Combat Armor Helmet	assigned	US Army-equipped forces; controlled and crazed vaults; raider fighters; settlement guards	FIPA_Pool_Raider,FIPA_Pool_SettlerGuard,FIPA_Pool_USArmy,FIPA_Pool_VaultHighTech		FCP_Combat_Armor_Reinforced		D:\Steam\steamapps\common\RimWorld\Mods\FCP-Wastelanders\1.6\Defs\ThingDefs_Apparel\ThingDefs_Wastelander_Headgear.xml
FCP	Rick.FCP.Wastelanders	FCP - Wastelanders	apparel	FCP_Apparel_Reinforced_Combat_Armor_Helmet_Mk_II	Reinforced Combat Armor Helmet	assigned	US Army-equipped forces; controlled and crazed vaults; raider fighters; settlement guards	FIPA_Pool_Raider,FIPA_Pool_SettlerGuard,FIPA_Pool_USArmy,FIPA_Pool_VaultHighTech		FCP_Combat_Armor_Reinforced_MK_II		D:\Steam\steamapps\common\RimWorld\Mods\FCP-Wastelanders\1.6\Defs\ThingDefs_Apparel\ThingDefs_Wastelander_Headgear.xml
FCP	Rick.FCP.Wastelanders	FCP - Wastelanders	apparel	FCP_Apparel_Reinforced_Combat_Armor_II	Reinforced Combat Armor II	assigned	US Army-equipped forces; controlled and crazed vaults; raider fighters; settlement guards	FIPA_Pool_Raider,FIPA_Pool_SettlerGuard,FIPA_Pool_USArmy,FIPA_Pool_VaultHighTech		FCP_Apparel,FCP_Combat_Armor,FCP_Combat_Armor_Reinforced_MK_II		D:\Steam\steamapps\common\RimWorld\Mods\FCP-Wastelanders\1.6\Defs\ThingDefs_Apparel\ThingDefs_Wastelander_Apparel.xml
FCP	Rick.FCP.Wastelanders	FCP - Wastelanders	apparel	FCP_Apparel_Rivet_City_Security_Armor	Rivet City Security Armor	assigned	US Army-equipped forces; controlled and crazed vaults; raider fighters; settlement guards	FIPA_Pool_Raider,FIPA_Pool_SettlerGuard,FIPA_Pool_USArmy,FIPA_Pool_VaultHighTech		FCP_Combat_Armor,FCP_Combat_Armors		D:\Steam\steamapps\common\RimWorld\Mods\FCP-Wastelanders\1.6\Defs\ThingDefs_Apparel\ThingDefs_Wastelander_Apparel.xml
FCP	Rick.FCP.Wastelanders	FCP - Wastelanders	apparel	FCP_Apparel_Rivet_City_Security_Helmet	Rivet City Security Helmet	assigned	US Army-equipped forces; controlled and crazed vaults; raider fighters; settlement guards	FIPA_Pool_Raider,FIPA_Pool_SettlerGuard,FIPA_Pool_USArmy,FIPA_Pool_VaultHighTech		FCP_Combat_Armors		D:\Steam\steamapps\common\RimWorld\Mods\FCP-Wastelanders\1.6\Defs\ThingDefs_Apparel\ThingDefs_Wastelander_Headgear.xml
FCP	Rick.FCP.Wastelanders	FCP - Wastelanders	apparel	FCP_Apparel_Settler_Female_Outfit	Settler Female Outfit	assigned	generic wastelanders; raiders; settlements	FIPA_Pool_Raider,FIPA_Pool_Settler,FIPA_Pool_WastelanderGeneric		FCP_Wastelander_Apparel		D:\Steam\steamapps\common\RimWorld\Mods\FCP-Wastelanders\1.6\Defs\ThingDefs_Apparel\ThingDefs_Wastelander_Apparel.xml
FCP	Rick.FCP.Wastelanders	FCP - Wastelanders	apparel	FCP_Apparel_Settler_Male_Outfit	Settler Male Outfit	assigned	generic wastelanders; raiders; settlements	FIPA_Pool_Raider,FIPA_Pool_Settler,FIPA_Pool_WastelanderGeneric		FCP_Wastelander_Apparel		D:\Steam\steamapps\common\RimWorld\Mods\FCP-Wastelanders\1.6\Defs\ThingDefs_Apparel\ThingDefs_Wastelander_Apparel.xml
FCP	Rick.FCP.Wastelanders	FCP - Wastelanders	apparel	FCP_Apparel_Sheriff_Duster	Sheriff Duster	assigned	Nova Arizona lawmen; settlement leaders and guards	FIPA_Pool_ArizonaCowboy,FIPA_Pool_Settler,FIPA_Pool_SettlerGuard		FCP_Wastelander_Apparel_Sheriff		D:\Steam\steamapps\common\RimWorld\Mods\FCP-Wastelanders\1.6\Defs\ThingDefs_Apparel\ThingDefs_Wastelander_Apparel.xml
FCP	Rick.FCP.Wastelanders	FCP - Wastelanders	apparel	FCP_Apparel_Sheriff_Hat	Sheriff Hat	assigned	Nova Arizona lawmen; settlement leaders and guards	FIPA_Pool_ArizonaCowboy,FIPA_Pool_Settler,FIPA_Pool_SettlerGuard		FCP_Wastelander_Sheriff		D:\Steam\steamapps\common\RimWorld\Mods\FCP-Wastelanders\1.6\Defs\ThingDefs_Apparel\ThingDefs_Wastelander_Headgear.xml
FCP	Rick.FCP.Wastelanders	FCP - Wastelanders	apparel	FCP_Apparel_Silver_Shroud	Silver Shroud Costume	unique_or_quest_only		FIPA_Special_Costume		FCP_Pre_War_Costume	Collectible or named pre-war costume; excluded from random pawns.	D:\Steam\steamapps\common\RimWorld\Mods\FCP-Wastelanders\1.6\Defs\ThingDefs_Apparel\ThingDefs_Wastelander_Apparel.xml
FCP	Rick.FCP.Wastelanders	FCP - Wastelanders	apparel	FCP_Apparel_Slave_Bandana	Slave Bandana	assigned	slavers and forced laborers	FIPA_Pool_Slave		FCP_Slave_Apparel		D:\Steam\steamapps\common\RimWorld\Mods\FCP-Wastelanders\1.6\Defs\ThingDefs_Apparel\ThingDefs_Wastelander_Headgear.xml
FCP	Rick.FCP.Wastelanders	FCP - Wastelanders	apparel	FCP_Apparel_Slave_Rag_Hood	Slave Rag Hood	assigned	slavers and forced laborers	FIPA_Pool_Slave		FCP_Slave_Apparel		D:\Steam\steamapps\common\RimWorld\Mods\FCP-Wastelanders\1.6\Defs\ThingDefs_Apparel\ThingDefs_Wastelander_Headgear.xml
FCP	Rick.FCP.Wastelanders	FCP - Wastelanders	apparel	FCP_Apparel_Slave_Rags	Slave Rags	assigned	slavers and forced laborers	FIPA_Pool_Slave		FCP_Slave_Apparel		D:\Steam\steamapps\common\RimWorld\Mods\FCP-Wastelanders\1.6\Defs\ThingDefs_Apparel\ThingDefs_Wastelander_Apparel.xml
FCP	Rick.FCP.Wastelanders	FCP - Wastelanders	apparel	FCP_Apparel_Slave_Scarf_Hat	Slave Scarf Hat	assigned	slavers and forced laborers	FIPA_Pool_Slave		FCP_Slave_Apparel		D:\Steam\steamapps\common\RimWorld\Mods\FCP-Wastelanders\1.6\Defs\ThingDefs_Apparel\ThingDefs_Wastelander_Headgear.xml
FCP	Rick.FCP.Wastelanders	FCP - Wastelanders	apparel	FCP_Apparel_Spring_Pre_War_Dress	Spring Pre War Dress	assigned	generic wastelanders; raiders; settlements	FIPA_Pool_Raider,FIPA_Pool_Settler,FIPA_Pool_WastelanderGeneric		FCP_Pre_War_Apparel,FCP_Wastelander_Apparel		D:\Steam\steamapps\common\RimWorld\Mods\FCP-Wastelanders\1.6\Defs\ThingDefs_Apparel\ThingDefs_Wastelander_Apparel.xml
FCP	Rick.FCP.Wastelanders	FCP - Wastelanders	apparel	FCP_Apparel_Spring_Pre_War_Shirt	Spring Pre War Shirt	assigned	generic wastelanders; raiders; settlements	FIPA_Pool_Raider,FIPA_Pool_Settler,FIPA_Pool_WastelanderGeneric		FCP_Pre_War_Apparel,FCP_Wastelander_Apparel		D:\Steam\steamapps\common\RimWorld\Mods\FCP-Wastelanders\1.6\Defs\ThingDefs_Apparel\ThingDefs_Wastelander_Apparel.xml
FCP	Rick.FCP.Wastelanders	FCP - Wastelanders	apparel	FCP_Apparel_Surveyor_Outfit	Surveyor Outfit	assigned	generic wastelanders; raiders; settlements	FIPA_Pool_Raider,FIPA_Pool_Settler,FIPA_Pool_WastelanderGeneric		FCP_Wastelander_Apparel		D:\Steam\steamapps\common\RimWorld\Mods\FCP-Wastelanders\1.6\Defs\ThingDefs_Apparel\ThingDefs_Wastelander_Apparel.xml
FCP	Rick.FCP.Wastelanders	FCP - Wastelanders	apparel	FCP_Apparel_The_Inspector	The Inspector Costume	unique_or_quest_only		FIPA_Special_Costume		FCP_Pre_War_Costume	Collectible or named pre-war costume; excluded from random pawns.	D:\Steam\steamapps\common\RimWorld\Mods\FCP-Wastelanders\1.6\Defs\ThingDefs_Apparel\ThingDefs_Wastelander_Apparel.xml
FCP	Rick.FCP.Wastelanders	FCP - Wastelanders	apparel	FCP_Apparel_Wasteland_Doctor_Outfit	Wasteland Doctor Outfit	assigned	generic wastelanders; raiders; settlements	FIPA_Pool_Raider,FIPA_Pool_Settler,FIPA_Pool_WastelanderGeneric		FCP_Wastelander_Apparel		D:\Steam\steamapps\common\RimWorld\Mods\FCP-Wastelanders\1.6\Defs\ThingDefs_Apparel\ThingDefs_Wastelander_Apparel.xml
FCP	Rick.FCP.Wastelanders	FCP - Wastelanders	apparel	FCP_Apparel_Wasteland_Wanderer_Outfit	Wasteland Wanderer Outfit	assigned	generic wastelanders; raiders; settlements	FIPA_Pool_Raider,FIPA_Pool_Settler,FIPA_Pool_WastelanderGeneric		FCP_Raider_Apparel,FCP_Wastelander_Apparel		D:\Steam\steamapps\common\RimWorld\Mods\FCP-Wastelanders\1.6\Defs\ThingDefs_Apparel\ThingDefs_Wastelander_Apparel.xml
FCP	Rick.FCP.Wastelanders	FCP - Wastelanders	apparel	FCP_Apparel_Wrapped_Cap	Wrapped Cap	assigned	generic wastelanders; raiders; settlements	FIPA_Pool_Raider,FIPA_Pool_Settler,FIPA_Pool_WastelanderGeneric		FCP_Wastelander_Apparel		D:\Steam\steamapps\common\RimWorld\Mods\FCP-Wastelanders\1.6\Defs\ThingDefs_Apparel\ThingDefs_Wastelander_Headgear.xml
Vanilla	Ludeon.RimWorld	RimWorld Core	apparel	Apparel_AdvancedHelmet	flak helmet	assigned	US Army-equipped forces; Whitespring Enclave fallback; controlled and crazed vaults; raider fighters; settlement guards	FIPA_Pool_EnclaveFallback,FIPA_Pool_Raider,FIPA_Pool_SettlerGuard,FIPA_Pool_USArmy,FIPA_Pool_VaultHighTech		IndustrialMilitaryAdvanced		D:\Steam\steamapps\common\RimWorld\Data\Core\Defs\ThingDefs_Misc\Apparel_Headgear.xml
Vanilla	Ludeon.RimWorld	RimWorld Core	apparel	Apparel_ArmorHelmetRecon	recon helmet	assigned	controlled and crazed vaults	FIPA_Pool_VaultHighTech		SpacerMilitary		D:\Steam\steamapps\common\RimWorld\Data\Core\Defs\ThingDefs_Misc\Apparel_Headgear.xml
Vanilla	Ludeon.RimWorld	RimWorld Core	apparel	Apparel_ArmorRecon	recon armor	assigned	controlled and crazed vaults	FIPA_Pool_VaultHighTech		SpacerMilitary		D:\Steam\steamapps\common\RimWorld\Data\Core\Defs\ThingDefs_Misc\Apparel_Various.xml
Vanilla	Ludeon.RimWorld	RimWorld Core	apparel	Apparel_BasicShirt	T-shirt	assigned	generic wastelanders; raiders; settlements	FIPA_Pool_Raider,FIPA_Pool_Settler,FIPA_Pool_WastelanderGeneric		IndustrialBasic		D:\Steam\steamapps\common\RimWorld\Data\Core\Defs\ThingDefs_Misc\Apparel_Various.xml
Vanilla	Ludeon.RimWorld	RimWorld Core	apparel	Apparel_BowlerHat	bowler hat	assigned	generic wastelanders; raiders; settlements	FIPA_Pool_Raider,FIPA_Pool_Settler,FIPA_Pool_WastelanderGeneric		IndustrialBasic,Western		D:\Steam\steamapps\common\RimWorld\Data\Core\Defs\ThingDefs_Misc\Apparel_Headgear.xml
Vanilla	Ludeon.RimWorld	RimWorld Core	apparel	Apparel_Cape	cape	assigned	generic wastelanders; raiders; settlements	FIPA_Pool_Raider,FIPA_Pool_Settler,FIPA_Pool_WastelanderGeneric		Cape,Royal,RoyalTier2,RoyalTier5		D:\Steam\steamapps\common\RimWorld\Data\Core\Defs\ThingDefs_Misc\Apparel_Various.xml
Vanilla	Ludeon.RimWorld	RimWorld Core	apparel	Apparel_ClothMask	face mask	assigned	generic wastelanders; raiders; settlements	FIPA_Pool_Raider,FIPA_Pool_Settler,FIPA_Pool_WastelanderGeneric				D:\Steam\steamapps\common\RimWorld\Data\Core\Defs\ThingDefs_Misc\Apparel_Headgear.xml
Vanilla	Ludeon.RimWorld	RimWorld Core	apparel	Apparel_CollarShirt	button-down shirt	assigned	generic wastelanders; raiders; settlements	FIPA_Pool_Raider,FIPA_Pool_Settler,FIPA_Pool_WastelanderGeneric		IndustrialBasic		D:\Steam\steamapps\common\RimWorld\Data\Core\Defs\ThingDefs_Misc\Apparel_Various.xml
Vanilla	Ludeon.RimWorld	RimWorld Core	apparel	Apparel_CowboyHat	cowboy hat	assigned	generic wastelanders; raiders; settlements	FIPA_Pool_Raider,FIPA_Pool_Settler,FIPA_Pool_WastelanderGeneric		IndustrialBasic,Western		D:\Steam\steamapps\common\RimWorld\Data\Core\Defs\ThingDefs_Misc\Apparel_Headgear.xml
Vanilla	Ludeon.RimWorld	RimWorld Core	apparel	Apparel_Duster	duster	assigned	generic wastelanders; raiders; settlements	FIPA_Pool_Raider,FIPA_Pool_Settler,FIPA_Pool_WastelanderGeneric		IndustrialAdvanced		D:\Steam\steamapps\common\RimWorld\Data\Core\Defs\ThingDefs_Misc\Apparel_Various.xml
Vanilla	Ludeon.RimWorld	RimWorld Core	apparel	Apparel_FirefoampopPack	firefoam pop pack	assigned	US Army-equipped forces; Whitespring Enclave fallback; controlled and crazed vaults; raider fighters; settlement guards	FIPA_Pool_EnclaveFallback,FIPA_Pool_Raider,FIPA_Pool_SettlerGuard,FIPA_Pool_USArmy,FIPA_Pool_VaultHighTech		BeltDefensePop		D:\Steam\steamapps\common\RimWorld\Data\Core\Defs\ThingDefs_Misc\Apparel_Packs.xml
Vanilla	Ludeon.RimWorld	RimWorld Core	apparel	Apparel_FlakJacket	flak jacket	assigned	generic wastelanders; raiders; settlements	FIPA_Pool_Raider,FIPA_Pool_Settler,FIPA_Pool_WastelanderGeneric		IndustrialAdvanced		D:\Steam\steamapps\common\RimWorld\Data\Core\Defs\ThingDefs_Misc\Apparel_Various.xml
Vanilla	Ludeon.RimWorld	RimWorld Core	apparel	Apparel_FlakPants	flak pants	assigned	US Army-equipped forces; Whitespring Enclave fallback; controlled and crazed vaults; raider fighters; settlement guards	FIPA_Pool_EnclaveFallback,FIPA_Pool_Raider,FIPA_Pool_SettlerGuard,FIPA_Pool_USArmy,FIPA_Pool_VaultHighTech		IndustrialMilitaryBasic		D:\Steam\steamapps\common\RimWorld\Data\Core\Defs\ThingDefs_Misc\Apparel_Various.xml
Vanilla	Ludeon.RimWorld	RimWorld Core	apparel	Apparel_FlakVest	flak vest	assigned	US Army-equipped forces; Whitespring Enclave fallback; controlled and crazed vaults; raider fighters; settlement guards	FIPA_Pool_EnclaveFallback,FIPA_Pool_Raider,FIPA_Pool_SettlerGuard,FIPA_Pool_USArmy,FIPA_Pool_VaultHighTech		IndustrialMilitaryBasic		D:\Steam\steamapps\common\RimWorld\Data\Core\Defs\ThingDefs_Misc\Apparel_Various.xml
Vanilla	Ludeon.RimWorld	RimWorld Core	apparel	Apparel_HatHood	hood	assigned	generic wastelanders; raiders; settlements	FIPA_Pool_Raider,FIPA_Pool_Settler,FIPA_Pool_WastelanderGeneric		BestowerHood		D:\Steam\steamapps\common\RimWorld\Data\Core\Defs\ThingDefs_Misc\Apparel_Headgear.xml
Vanilla	Ludeon.RimWorld	RimWorld Core	apparel	Apparel_Jacket	jacket	assigned	generic wastelanders; raiders; settlements	FIPA_Pool_Raider,FIPA_Pool_Settler,FIPA_Pool_WastelanderGeneric		IndustrialAdvanced		D:\Steam\steamapps\common\RimWorld\Data\Core\Defs\ThingDefs_Misc\Apparel_Various.xml
Vanilla	Ludeon.RimWorld	RimWorld Core	apparel	Apparel_Pants	pants	assigned	generic wastelanders; raiders; settlements	FIPA_Pool_Raider,FIPA_Pool_Settler,FIPA_Pool_WastelanderGeneric		IndustrialBasic		D:\Steam\steamapps\common\RimWorld\Data\Core\Defs\ThingDefs_Misc\Apparel_Various.xml
Vanilla	Ludeon.RimWorld	RimWorld Core	apparel	Apparel_Parka	parka	assigned	Numen; S'Lanters; raiders; regional tribes	FIPA_Pool_Numen,FIPA_Pool_Raider,FIPA_Pool_Slanter,FIPA_Pool_Tribal		IndustrialBasic,Neolithic		D:\Steam\steamapps\common\RimWorld\Data\Core\Defs\ThingDefs_Misc\Apparel_Various.xml
Vanilla	Ludeon.RimWorld	RimWorld Core	apparel	Apparel_PlateArmor	plate armor	unassigned_candidate				MedievalMilitary	Medieval/royal visual language has no retained Fallout faction; candidate for trader removal.	D:\Steam\steamapps\common\RimWorld\Data\Core\Defs\ThingDefs_Misc\Apparel_Various.xml
Vanilla	Ludeon.RimWorld	RimWorld Core	apparel	Apparel_PowerArmor	marine armor	assigned	controlled and crazed vaults	FIPA_Pool_VaultHighTech		SpacerMilitary		D:\Steam\steamapps\common\RimWorld\Data\Core\Defs\ThingDefs_Misc\Apparel_Various.xml
Vanilla	Ludeon.RimWorld	RimWorld Core	apparel	Apparel_PowerArmorHelmet	marine helmet	assigned	controlled and crazed vaults	FIPA_Pool_VaultHighTech		SpacerMilitary		D:\Steam\steamapps\common\RimWorld\Data\Core\Defs\ThingDefs_Misc\Apparel_Headgear.xml
Vanilla	Ludeon.RimWorld	RimWorld Core	apparel	Apparel_PsychicFoilHelmet	psychic foil helmet	assigned	US Army-equipped forces; Whitespring Enclave fallback; controlled and crazed vaults; raider fighters; settlement guards	FIPA_Pool_EnclaveFallback,FIPA_Pool_Raider,FIPA_Pool_SettlerGuard,FIPA_Pool_USArmy,FIPA_Pool_VaultHighTech		IndustrialMilitaryAdvanced,IndustrialMilitaryBasic,SpacerMilitary		D:\Steam\steamapps\common\RimWorld\Data\Core\Defs\ThingDefs_Misc\Apparel_Headgear.xml
Vanilla	Ludeon.RimWorld	RimWorld Core	apparel	Apparel_PsychicInsanityLance	psychic insanity lance	utility_not_pawn_gear					Targeter, lance, or one-use utility; not random clothing.	D:\Steam\steamapps\common\RimWorld\Data\Core\Defs\ThingDefs_Misc\Apparel_Utility.xml
Vanilla	Ludeon.RimWorld	RimWorld Core	apparel	Apparel_PsychicShockLance	psychic shock lance	utility_not_pawn_gear					Targeter, lance, or one-use utility; not random clothing.	D:\Steam\steamapps\common\RimWorld\Data\Core\Defs\ThingDefs_Misc\Apparel_Utility.xml
Vanilla	Ludeon.RimWorld	RimWorld Core	apparel	Apparel_Robe	robe	assigned	generic wastelanders; raiders; settlements	FIPA_Pool_Raider,FIPA_Pool_Settler,FIPA_Pool_WastelanderGeneric		Robe		D:\Steam\steamapps\common\RimWorld\Data\Core\Defs\ThingDefs_Misc\Apparel_Various.xml
Vanilla	Ludeon.RimWorld	RimWorld Core	apparel	Apparel_ShieldBelt	shield belt	assigned	US Army-equipped forces; Whitespring Enclave fallback; controlled and crazed vaults; raider fighters; settlement guards	FIPA_Pool_EnclaveFallback,FIPA_Pool_Raider,FIPA_Pool_SettlerGuard,FIPA_Pool_USArmy,FIPA_Pool_VaultHighTech		BeltDefense		D:\Steam\steamapps\common\RimWorld\Data\Core\Defs\ThingDefs_Misc\Apparel_Belts.xml
Vanilla	Ludeon.RimWorld	RimWorld Core	apparel	Apparel_SimpleHelmet	simple helmet	assigned	US Army-equipped forces; Whitespring Enclave fallback; controlled and crazed vaults; raider fighters; settlement guards	FIPA_Pool_EnclaveFallback,FIPA_Pool_Raider,FIPA_Pool_SettlerGuard,FIPA_Pool_USArmy,FIPA_Pool_VaultHighTech		IndustrialMilitaryBasic		D:\Steam\steamapps\common\RimWorld\Data\Core\Defs\ThingDefs_Misc\Apparel_Headgear.xml
Vanilla	Ludeon.RimWorld	RimWorld Core	apparel	Apparel_SmokepopBelt	smokepop pack	assigned	US Army-equipped forces; Whitespring Enclave fallback; controlled and crazed vaults; raider fighters; settlement guards	FIPA_Pool_EnclaveFallback,FIPA_Pool_Raider,FIPA_Pool_SettlerGuard,FIPA_Pool_USArmy,FIPA_Pool_VaultHighTech		BeltDefensePop		D:\Steam\steamapps\common\RimWorld\Data\Core\Defs\ThingDefs_Misc\Apparel_Packs.xml
Vanilla	Ludeon.RimWorld	RimWorld Core	apparel	Apparel_TribalA	tribalwear	assigned	Numen; S'Lanters; raiders; regional tribes	FIPA_Pool_Numen,FIPA_Pool_Raider,FIPA_Pool_Slanter,FIPA_Pool_Tribal		Neolithic		D:\Steam\steamapps\common\RimWorld\Data\Core\Defs\ThingDefs_Misc\Apparel_Various.xml
Vanilla	Ludeon.RimWorld	RimWorld Core	apparel	Apparel_TribalHeaddress	tribal headdress	assigned	Numen; S'Lanters; raiders; regional tribes	FIPA_Pool_Numen,FIPA_Pool_Raider,FIPA_Pool_Slanter,FIPA_Pool_Tribal				D:\Steam\steamapps\common\RimWorld\Data\Core\Defs\ThingDefs_Misc\Apparel_Headgear.xml
Vanilla	Ludeon.RimWorld	RimWorld Core	apparel	Apparel_Tuque	tuque	assigned	generic wastelanders; raiders; settlements	FIPA_Pool_Raider,FIPA_Pool_Settler,FIPA_Pool_WastelanderGeneric		IndustrialBasic		D:\Steam\steamapps\common\RimWorld\Data\Core\Defs\ThingDefs_Misc\Apparel_Headgear.xml
Vanilla	Ludeon.RimWorld	RimWorld Core	apparel	Apparel_WarMask	war mask	assigned	Numen; S'Lanters; raiders; regional tribes	FIPA_Pool_Numen,FIPA_Pool_Raider,FIPA_Pool_Slanter,FIPA_Pool_Tribal				D:\Steam\steamapps\common\RimWorld\Data\Core\Defs\ThingDefs_Misc\Apparel_Headgear.xml
Vanilla	Ludeon.RimWorld	RimWorld Core	apparel	Apparel_WarVeil	veil	assigned	Numen; S'Lanters; raiders; regional tribes	FIPA_Pool_Numen,FIPA_Pool_Raider,FIPA_Pool_Slanter,FIPA_Pool_Tribal				D:\Steam\steamapps\common\RimWorld\Data\Core\Defs\ThingDefs_Misc\Apparel_Headgear.xml
Vanilla	Ludeon.RimWorld	RimWorld Core	apparel	OrbitalTargeterBombardment	orbital bombardment targeter	utility_not_pawn_gear					Targeter, lance, or one-use utility; not random clothing.	D:\Steam\steamapps\common\RimWorld\Data\Core\Defs\ThingDefs_Misc\Weapons\RangedSpecial.xml
Vanilla	Ludeon.RimWorld	RimWorld Core	apparel	OrbitalTargeterPowerBeam	orbital power beam targeter	utility_not_pawn_gear					Targeter, lance, or one-use utility; not random clothing.	D:\Steam\steamapps\common\RimWorld\Data\Core\Defs\ThingDefs_Misc\Weapons\RangedSpecial.xml
Vanilla	Ludeon.RimWorld	RimWorld Core	apparel	TornadoGenerator	tornado generator	utility_not_pawn_gear					Targeter, lance, or one-use utility; not random clothing.	D:\Steam\steamapps\common\RimWorld\Data\Core\Defs\ThingDefs_Misc\Weapons\RangedSpecial.xml
Vanilla	Ludeon.RimWorld	RimWorld Core	weapon	Artillery_AutoMortar	auto-mortar	internal_not_trade_item			Artillery,Artillery_BaseDestroyer		Internal turret, artillery, mechanoid, or destroy-on-drop weapon.	D:\Steam\steamapps\common\RimWorld\Data\Core\Defs\ThingDefs_Buildings\Buildings_Mech_Turrets.xml
Vanilla	Ludeon.RimWorld	RimWorld Core	weapon	Artillery_Mortar	mortar	internal_not_trade_item			Artillery,Artillery_BaseDestroyer		Internal turret, artillery, mechanoid, or destroy-on-drop weapon.	D:\Steam\steamapps\common\RimWorld\Data\Core\Defs\ThingDefs_Buildings\Buildings_Security_Turrets.xml
Vanilla	Ludeon.RimWorld	RimWorld Core	weapon	Beer	beer	utility_not_pawn_gear					Equippable resource, drink, or utility object; not a PawnKind weapon.	D:\Steam\steamapps\common\RimWorld\Data\Core\Defs\Drugs\Alcohol_Beer.xml
Vanilla	Ludeon.RimWorld	RimWorld Core	weapon	Bow_Great	greatbow	assigned	Mothman and Wendigo cults; Numen; S'Lanters; all regional raiders; caravan companies; escaped slaves and beggars; generic wastelanders; ghoul settlements; raiders; regional tribes; settlements	FIPW_Pool_Caravan,FIPW_Pool_CultPrimitive,FIPW_Pool_Ghoul,FIPW_Pool_Numen,FIPW_Pool_Raider,FIPW_Pool_RegionalRaider,FIPW_Pool_Settler,FIPW_Pool_Slanter,FIPW_Pool_SlaveLowTech,FIPW_Pool_Tribal,FIPW_Pool_Wastelander,FIPW_Role_Heavy,FIPW_T0_Improvised	Neolithic,NeolithicRangedChief,NeolithicRangedHeavy			D:\Steam\steamapps\common\RimWorld\Data\Core\Defs\ThingDefs_Misc\Weapons\RangedNeolithic.xml
Vanilla	Ludeon.RimWorld	RimWorld Core	weapon	Bow_Recurve	recurve bow	assigned	Mothman and Wendigo cults; Numen; S'Lanters; all regional raiders; caravan companies; escaped slaves and beggars; generic wastelanders; ghoul settlements; raiders; regional tribes; settlements	FIPW_Pool_Caravan,FIPW_Pool_CultPrimitive,FIPW_Pool_Ghoul,FIPW_Pool_Numen,FIPW_Pool_Raider,FIPW_Pool_RegionalRaider,FIPW_Pool_Settler,FIPW_Pool_Slanter,FIPW_Pool_SlaveLowTech,FIPW_Pool_Tribal,FIPW_Pool_Wastelander,FIPW_Role_Rifle,FIPW_T0_Improvised	Neolithic,NeolithicRangedDecent			D:\Steam\steamapps\common\RimWorld\Data\Core\Defs\ThingDefs_Misc\Weapons\RangedNeolithic.xml
Vanilla	Ludeon.RimWorld	RimWorld Core	weapon	Bow_Short	short bow	assigned	Mothman and Wendigo cults; Numen; S'Lanters; all regional raiders; caravan companies; escaped slaves and beggars; generic wastelanders; ghoul settlements; raiders; regional tribes; settlements	FIPW_Pool_Caravan,FIPW_Pool_CultPrimitive,FIPW_Pool_Ghoul,FIPW_Pool_Numen,FIPW_Pool_Raider,FIPW_Pool_RegionalRaider,FIPW_Pool_Settler,FIPW_Pool_Slanter,FIPW_Pool_SlaveLowTech,FIPW_Pool_Tribal,FIPW_Pool_Wastelander,FIPW_Role_Rifle,FIPW_T0_Improvised	Neolithic,NeolithicRangedBasic			D:\Steam\steamapps\common\RimWorld\Data\Core\Defs\ThingDefs_Misc\Weapons\RangedNeolithic.xml
Vanilla	Ludeon.RimWorld	RimWorld Core	weapon	ElephantTusk	elephant tusk	assigned	Mothman and Wendigo cults; Numen; S'Lanters; all regional raiders; caravan companies; escaped slaves and beggars; generic wastelanders; ghoul settlements; raiders; regional tribes; settlements	FIPW_Pool_Caravan,FIPW_Pool_CultPrimitive,FIPW_Pool_Ghoul,FIPW_Pool_Numen,FIPW_Pool_Raider,FIPW_Pool_RegionalRaider,FIPW_Pool_Settler,FIPW_Pool_Slanter,FIPW_Pool_SlaveLowTech,FIPW_Pool_Tribal,FIPW_Pool_Wastelander,FIPW_Role_Other,FIPW_T0_Improvised				D:\Steam\steamapps\common\RimWorld\Data\Core\Defs\ThingDefs_Items\Items_Exotic.xml
Vanilla	Ludeon.RimWorld	RimWorld Core	weapon	Gun_AssaultRifle	assault rifle	assigned	Circle of Steel; Enclave remnants; US Army-equipped forces; Whitespring Enclave; caravan companies; controlled and crazed vaults; escaped slaves and beggars; generic wastelanders; ghoul settlements; raiders; rough settlements; settlement guards; settlements; super mutant forces	FIPW_Pool_Caravan,FIPW_Pool_CircleOfSteel,FIPW_Pool_Enclave,FIPW_Pool_EnclaveRemnant,FIPW_Pool_Ghoul,FIPW_Pool_Raider,FIPW_Pool_RoughSettler,FIPW_Pool_Settler,FIPW_Pool_SettlerGuard,FIPW_Pool_SlaveLowTech,FIPW_Pool_SuperMutant,FIPW_Pool_USArmy,FIPW_Pool_VaultHighTech,FIPW_Pool_Wastelander,FIPW_Role_Assault,FIPW_T2_Service	AssaultRifle,Gun,IndustrialGunAdvanced			D:\Steam\steamapps\common\RimWorld\Data\Core\Defs\ThingDefs_Misc\Weapons\RangedIndustrial.xml
Vanilla	Ludeon.RimWorld	RimWorld Core	weapon	Gun_AutocannonTurret	autocannon	internal_not_trade_item			TurretGun		Internal turret, artillery, mechanoid, or destroy-on-drop weapon.	D:\Steam\steamapps\common\RimWorld\Data\Core\Defs\ThingDefs_Buildings\Buildings_Security_Turrets.xml
Vanilla	Ludeon.RimWorld	RimWorld Core	weapon	Gun_Autopistol	autopistol	assigned	caravan companies; escaped slaves and beggars; generic wastelanders; ghoul settlements; raiders; settlements	FIPW_Pool_Caravan,FIPW_Pool_Ghoul,FIPW_Pool_Raider,FIPW_Pool_Settler,FIPW_Pool_SlaveLowTech,FIPW_Pool_Wastelander,FIPW_Role_Sidearm,FIPW_T1_Wasteland	Autopistol,Gun,SimpleGun			D:\Steam\steamapps\common\RimWorld\Data\Core\Defs\ThingDefs_Misc\Weapons\RangedIndustrial.xml
Vanilla	Ludeon.RimWorld	RimWorld Core	weapon	Gun_BoltActionRifle	bolt-action rifle	assigned	caravan companies; escaped slaves and beggars; generic wastelanders; ghoul settlements; raiders; settlements	FIPW_Pool_Caravan,FIPW_Pool_Ghoul,FIPW_Pool_Raider,FIPW_Pool_Settler,FIPW_Pool_SlaveLowTech,FIPW_Pool_Wastelander,FIPW_Role_Rifle,FIPW_T1_Wasteland	Gun			D:\Steam\steamapps\common\RimWorld\Data\Core\Defs\ThingDefs_Misc\Weapons\RangedIndustrial.xml
Vanilla	Ludeon.RimWorld	RimWorld Core	weapon	Gun_ChainShotgun	chain shotgun	assigned	Circle of Steel; Enclave remnants; US Army-equipped forces; Whitespring Enclave; caravan companies; controlled and crazed vaults; escaped slaves and beggars; generic wastelanders; ghoul settlements; raiders; rough settlements; settlement guards; settlements; super mutant forces	FIPW_Pool_Caravan,FIPW_Pool_CircleOfSteel,FIPW_Pool_Enclave,FIPW_Pool_EnclaveRemnant,FIPW_Pool_Ghoul,FIPW_Pool_Raider,FIPW_Pool_RoughSettler,FIPW_Pool_Settler,FIPW_Pool_SettlerGuard,FIPW_Pool_SlaveLowTech,FIPW_Pool_SuperMutant,FIPW_Pool_USArmy,FIPW_Pool_VaultHighTech,FIPW_Pool_Wastelander,FIPW_Role_Shotgun,FIPW_T2_Service	Gun,IndustrialGunAdvanced,ShortShots			D:\Steam\steamapps\common\RimWorld\Data\Core\Defs\ThingDefs_Misc\Weapons\RangedIndustrial.xml
Vanilla	Ludeon.RimWorld	RimWorld Core	weapon	Gun_ChargeBlasterHeavy	Gun_ChargeBlasterHeavy	internal_not_trade_item			ChargeBlasterHeavyGun,MechanoidGunHeavy		Internal turret, artillery, mechanoid, or destroy-on-drop weapon.	D:\Steam\steamapps\common\RimWorld\Data\Core\Defs\ThingDefs_Misc\Weapons\RangedMechanoid.xml
Vanilla	Ludeon.RimWorld	RimWorld Core	weapon	Gun_ChargeBlasterHeavyTurret	light charge blaster	internal_not_trade_item					Internal turret, artillery, mechanoid, or destroy-on-drop weapon.	D:\Steam\steamapps\common\RimWorld\Data\Core\Defs\ThingDefs_Buildings\Buildings_Mech_Turrets.xml
Vanilla	Ludeon.RimWorld	RimWorld Core	weapon	Gun_ChargeLance	charge lance	assigned	Circle of Steel; Whitespring Enclave; controlled and crazed vaults	FIPW_Pool_CircleOfSteel,FIPW_Pool_Enclave,FIPW_Pool_VaultHighTech,FIPW_Role_Laser,FIPW_T4_Elite	Gun,MechanoidGunMedium,SpacerGun			D:\Steam\steamapps\common\RimWorld\Data\Core\Defs\ThingDefs_Misc\Weapons\RangedSpacer.xml
Vanilla	Ludeon.RimWorld	RimWorld Core	weapon	Gun_ChargeRifle	charge rifle	assigned	Circle of Steel; Whitespring Enclave; controlled and crazed vaults	FIPW_Pool_CircleOfSteel,FIPW_Pool_Enclave,FIPW_Pool_VaultHighTech,FIPW_Role_Laser,FIPW_T4_Elite	Gun,SpacerGun			D:\Steam\steamapps\common\RimWorld\Data\Core\Defs\ThingDefs_Misc\Weapons\RangedSpacer.xml
Vanilla	Ludeon.RimWorld	RimWorld Core	weapon	Gun_DoomsdayRocket	doomsday rocket launcher	assigned	Circle of Steel; Whitespring Enclave; controlled and crazed vaults	FIPW_Pool_CircleOfSteel,FIPW_Pool_Enclave,FIPW_Pool_VaultHighTech,FIPW_Role_Heavy,FIPW_T4_Elite	Gun,GunSingleUse			D:\Steam\steamapps\common\RimWorld\Data\Core\Defs\ThingDefs_Misc\Weapons\RangedIndustrialConsumable.xml
Vanilla	Ludeon.RimWorld	RimWorld Core	weapon	Gun_EmpLauncher	EMP launcher	assigned	caravan companies; escaped slaves and beggars; generic wastelanders; ghoul settlements; raiders; settlements	FIPW_Pool_Caravan,FIPW_Pool_Ghoul,FIPW_Pool_Raider,FIPW_Pool_Settler,FIPW_Pool_SlaveLowTech,FIPW_Pool_Wastelander,FIPW_Role_Other,FIPW_T1_Wasteland	GrenadeEMP,Gun			D:\Steam\steamapps\common\RimWorld\Data\Core\Defs\ThingDefs_Misc\Weapons\RangedIndustrial.xml
Vanilla	Ludeon.RimWorld	RimWorld Core	weapon	Gun_HeavySMG	heavy SMG	assigned	Circle of Steel; Enclave remnants; US Army-equipped forces; Whitespring Enclave; caravan companies; controlled and crazed vaults; escaped slaves and beggars; generic wastelanders; ghoul settlements; raiders; rough settlements; settlement guards; settlements; super mutant forces	FIPW_Pool_Caravan,FIPW_Pool_CircleOfSteel,FIPW_Pool_Enclave,FIPW_Pool_EnclaveRemnant,FIPW_Pool_Ghoul,FIPW_Pool_Raider,FIPW_Pool_RoughSettler,FIPW_Pool_Settler,FIPW_Pool_SettlerGuard,FIPW_Pool_SlaveLowTech,FIPW_Pool_SuperMutant,FIPW_Pool_USArmy,FIPW_Pool_VaultHighTech,FIPW_Pool_Wastelander,FIPW_Role_Heavy,FIPW_T2_Service	Gun,IndustrialGunAdvanced,ShortShots			D:\Steam\steamapps\common\RimWorld\Data\Core\Defs\ThingDefs_Misc\Weapons\RangedIndustrial.xml
Vanilla	Ludeon.RimWorld	RimWorld Core	weapon	Gun_IncendiaryLauncher	incendiary launcher	assigned	caravan companies; escaped slaves and beggars; generic wastelanders; ghoul settlements; raiders; settlements	FIPW_Pool_Caravan,FIPW_Pool_Ghoul,FIPW_Pool_Raider,FIPW_Pool_Settler,FIPW_Pool_SlaveLowTech,FIPW_Pool_Wastelander,FIPW_Role_Other,FIPW_T1_Wasteland	Gun			D:\Steam\steamapps\common\RimWorld\Data\Core\Defs\ThingDefs_Misc\Weapons\RangedIndustrial.xml
Vanilla	Ludeon.RimWorld	RimWorld Core	weapon	Gun_InfernoCannon	Gun_InfernoCannon	internal_not_trade_item			InfernoCannonGun,MechanoidGunHeavy		Internal turret, artillery, mechanoid, or destroy-on-drop weapon.	D:\Steam\steamapps\common\RimWorld\Data\Core\Defs\ThingDefs_Misc\Weapons\RangedMechanoid.xml
Vanilla	Ludeon.RimWorld	RimWorld Core	weapon	Gun_InfernoCannonTurret	Gun_InfernoCannonTurret	internal_not_trade_item			TurretGun		Internal turret, artillery, mechanoid, or destroy-on-drop weapon.	D:\Steam\steamapps\common\RimWorld\Data\Core\Defs\ThingDefs_Buildings\Buildings_Mech_Turrets.xml
Vanilla	Ludeon.RimWorld	RimWorld Core	weapon	Gun_LMG	LMG	assigned	Circle of Steel; Enclave remnants; US Army-equipped forces; Whitespring Enclave; caravan companies; controlled and crazed vaults; escaped slaves and beggars; generic wastelanders; ghoul settlements; raiders; rough settlements; settlement guards; settlements; super mutant forces	FIPW_Pool_Caravan,FIPW_Pool_CircleOfSteel,FIPW_Pool_Enclave,FIPW_Pool_EnclaveRemnant,FIPW_Pool_Ghoul,FIPW_Pool_Raider,FIPW_Pool_RoughSettler,FIPW_Pool_Settler,FIPW_Pool_SettlerGuard,FIPW_Pool_SlaveLowTech,FIPW_Pool_SuperMutant,FIPW_Pool_USArmy,FIPW_Pool_VaultHighTech,FIPW_Pool_Wastelander,FIPW_Role_Heavy,FIPW_T2_Service	Gun,IndustrialGunAdvanced			D:\Steam\steamapps\common\RimWorld\Data\Core\Defs\ThingDefs_Misc\Weapons\RangedIndustrial.xml
Vanilla	Ludeon.RimWorld	RimWorld Core	weapon	Gun_MachinePistol	machine pistol	assigned	caravan companies; escaped slaves and beggars; generic wastelanders; ghoul settlements; raiders; settlements	FIPW_Pool_Caravan,FIPW_Pool_Ghoul,FIPW_Pool_Raider,FIPW_Pool_Settler,FIPW_Pool_SlaveLowTech,FIPW_Pool_Wastelander,FIPW_Role_SMG,FIPW_T1_Wasteland	Gun,ShortShots			D:\Steam\steamapps\common\RimWorld\Data\Core\Defs\ThingDefs_Misc\Weapons\RangedIndustrial.xml
Vanilla	Ludeon.RimWorld	RimWorld Core	weapon	Gun_Minigun	minigun	assigned	Circle of Steel; Enclave remnants; US Army-equipped forces; Whitespring Enclave; caravan companies; controlled and crazed vaults; escaped slaves and beggars; generic wastelanders; ghoul settlements; raiders; rough settlements; settlement guards; settlements; super mutant forces	FIPW_Pool_Caravan,FIPW_Pool_CircleOfSteel,FIPW_Pool_Enclave,FIPW_Pool_EnclaveRemnant,FIPW_Pool_Ghoul,FIPW_Pool_Raider,FIPW_Pool_RoughSettler,FIPW_Pool_Settler,FIPW_Pool_SettlerGuard,FIPW_Pool_SlaveLowTech,FIPW_Pool_SuperMutant,FIPW_Pool_USArmy,FIPW_Pool_VaultHighTech,FIPW_Pool_Wastelander,FIPW_Role_Heavy,FIPW_T2_Service	Gun,GunHeavy,Minigun			D:\Steam\steamapps\common\RimWorld\Data\Core\Defs\ThingDefs_Misc\Weapons\RangedIndustrial.xml
Vanilla	Ludeon.RimWorld	RimWorld Core	weapon	Gun_MiniTurret	mini-turret gun	internal_not_trade_item			TurretGun		Internal turret, artillery, mechanoid, or destroy-on-drop weapon.	D:\Steam\steamapps\common\RimWorld\Data\Core\Defs\ThingDefs_Buildings\Buildings_Security_Turrets.xml
Vanilla	Ludeon.RimWorld	RimWorld Core	weapon	Gun_MiniTurretMech	mini-slugger	internal_not_trade_item			TurretGun		Internal turret, artillery, mechanoid, or destroy-on-drop weapon.	D:\Steam\steamapps\common\RimWorld\Data\Core\Defs\ThingDefs_Buildings\Buildings_Mech.xml
Vanilla	Ludeon.RimWorld	RimWorld Core	weapon	Gun_Needle	needle gun	internal_not_trade_item			MechanoidGunLongRange		Internal turret, artillery, mechanoid, or destroy-on-drop weapon.	D:\Steam\steamapps\common\RimWorld\Data\Core\Defs\ThingDefs_Misc\Weapons\RangedMechanoid.xml
Vanilla	Ludeon.RimWorld	RimWorld Core	weapon	Gun_PumpShotgun	pump shotgun	assigned	caravan companies; escaped slaves and beggars; generic wastelanders; ghoul settlements; raiders; settlements	FIPW_Pool_Caravan,FIPW_Pool_Ghoul,FIPW_Pool_Raider,FIPW_Pool_Settler,FIPW_Pool_SlaveLowTech,FIPW_Pool_Wastelander,FIPW_Role_Shotgun,FIPW_T1_Wasteland	Gun,PumpShotgun,ShortShots			D:\Steam\steamapps\common\RimWorld\Data\Core\Defs\ThingDefs_Misc\Weapons\RangedIndustrial.xml
Vanilla	Ludeon.RimWorld	RimWorld Core	weapon	Gun_Revolver	revolver	assigned	Nova Arizona frontier; Nuevo Texico frontier; caravan companies; escaped slaves and beggars; generic wastelanders; ghoul settlements; raiders; settlements	FIPW_Pool_ArizonaCowboy,FIPW_Pool_Caravan,FIPW_Pool_Ghoul,FIPW_Pool_NuevoTexicoFrontier,FIPW_Pool_Raider,FIPW_Pool_Settler,FIPW_Pool_SlaveLowTech,FIPW_Pool_Wastelander,FIPW_Role_Sidearm,FIPW_T1_Wasteland	Gun,Revolver,SimpleGun			D:\Steam\steamapps\common\RimWorld\Data\Core\Defs\ThingDefs_Misc\Weapons\RangedIndustrial.xml
Vanilla	Ludeon.RimWorld	RimWorld Core	weapon	Gun_RocketswarmLauncher	rocketswarm tube	internal_not_trade_item			TurretGun		Internal turret, artillery, mechanoid, or destroy-on-drop weapon.	D:\Steam\steamapps\common\RimWorld\Data\Core\Defs\ThingDefs_Buildings\Buildings_Security_Turrets.xml
Vanilla	Ludeon.RimWorld	RimWorld Core	weapon	Gun_SmokeLauncher	smoke launcher	assigned	caravan companies; escaped slaves and beggars; generic wastelanders; ghoul settlements; raiders; settlements	FIPW_Pool_Caravan,FIPW_Pool_Ghoul,FIPW_Pool_Raider,FIPW_Pool_Settler,FIPW_Pool_SlaveLowTech,FIPW_Pool_Wastelander,FIPW_Role_Other,FIPW_T1_Wasteland	GrenadeSmoke			D:\Steam\steamapps\common\RimWorld\Data\Core\Defs\ThingDefs_Misc\Weapons\RangedIndustrial.xml
Vanilla	Ludeon.RimWorld	RimWorld Core	weapon	Gun_SniperRifle	sniper rifle	assigned	Circle of Steel; Enclave remnants; US Army-equipped forces; Whitespring Enclave; caravan companies; controlled and crazed vaults; escaped slaves and beggars; generic wastelanders; ghoul settlements; raiders; rough settlements; settlement guards; settlements; super mutant forces	FIPW_Pool_Caravan,FIPW_Pool_CircleOfSteel,FIPW_Pool_Enclave,FIPW_Pool_EnclaveRemnant,FIPW_Pool_Ghoul,FIPW_Pool_Raider,FIPW_Pool_RoughSettler,FIPW_Pool_Settler,FIPW_Pool_SettlerGuard,FIPW_Pool_SlaveLowTech,FIPW_Pool_SuperMutant,FIPW_Pool_USArmy,FIPW_Pool_VaultHighTech,FIPW_Pool_Wastelander,FIPW_Role_Sniper,FIPW_T2_Service	SniperRifle			D:\Steam\steamapps\common\RimWorld\Data\Core\Defs\ThingDefs_Misc\Weapons\RangedIndustrial.xml
Vanilla	Ludeon.RimWorld	RimWorld Core	weapon	Gun_ThumpCannon	thump cannon	internal_not_trade_item			MechanoidGunBreach		Internal turret, artillery, mechanoid, or destroy-on-drop weapon.	D:\Steam\steamapps\common\RimWorld\Data\Core\Defs\ThingDefs_Misc\Weapons\Weapons_Breach.xml
Vanilla	Ludeon.RimWorld	RimWorld Core	weapon	Gun_TripleRocket	triple rocket launcher	assigned	Circle of Steel; Whitespring Enclave; controlled and crazed vaults	FIPW_Pool_CircleOfSteel,FIPW_Pool_Enclave,FIPW_Pool_VaultHighTech,FIPW_Role_Heavy,FIPW_T4_Elite	Gun,GunSingleUse			D:\Steam\steamapps\common\RimWorld\Data\Core\Defs\ThingDefs_Misc\Weapons\RangedIndustrialConsumable.xml
Vanilla	Ludeon.RimWorld	RimWorld Core	weapon	Gun_TurretFoam	foam sprayer	internal_not_trade_item			TurretGun		Internal turret, artillery, mechanoid, or destroy-on-drop weapon.	D:\Steam\steamapps\common\RimWorld\Data\Core\Defs\ThingDefs_Buildings\Buildings_Security_Turrets.xml
Vanilla	Ludeon.RimWorld	RimWorld Core	weapon	Gun_TurretSniper	uranium slug cannon	internal_not_trade_item			TurretGun		Internal turret, artillery, mechanoid, or destroy-on-drop weapon.	D:\Steam\steamapps\common\RimWorld\Data\Core\Defs\ThingDefs_Buildings\Buildings_Security_Turrets.xml
Vanilla	Ludeon.RimWorld	RimWorld Core	weapon	MeleeWeapon_BreachAxe	breach axe	assigned	Mothman and Wendigo cults; Numen; S'Lanters; all regional raiders; caravan companies; escaped slaves and beggars; generic wastelanders; ghoul settlements; raiders; regional tribes; settlements; super mutant improvised weapons	FIPW_Pool_Caravan,FIPW_Pool_CultPrimitive,FIPW_Pool_Ghoul,FIPW_Pool_Numen,FIPW_Pool_Raider,FIPW_Pool_RegionalRaider,FIPW_Pool_Settler,FIPW_Pool_Slanter,FIPW_Pool_SlaveLowTech,FIPW_Pool_SuperMutant,FIPW_Pool_Tribal,FIPW_Pool_Wastelander,FIPW_Role_Melee,FIPW_T0_Improvised	NeolithicMeleeDestructive			D:\Steam\steamapps\common\RimWorld\Data\Core\Defs\ThingDefs_Misc\Weapons\Breach.xml
Vanilla	Ludeon.RimWorld	RimWorld Core	weapon	MeleeWeapon_Club	club	assigned	Mothman and Wendigo cults; Numen; S'Lanters; all regional raiders; caravan companies; escaped slaves and beggars; generic wastelanders; ghoul settlements; raiders; regional tribes; settlements; super mutant improvised weapons	FIPW_Pool_Caravan,FIPW_Pool_CultPrimitive,FIPW_Pool_Ghoul,FIPW_Pool_Numen,FIPW_Pool_Raider,FIPW_Pool_RegionalRaider,FIPW_Pool_Settler,FIPW_Pool_Slanter,FIPW_Pool_SlaveLowTech,FIPW_Pool_SuperMutant,FIPW_Pool_Tribal,FIPW_Pool_Wastelander,FIPW_Role_Melee,FIPW_T0_Improvised	NeolithicMeleeBasic			D:\Steam\steamapps\common\RimWorld\Data\Core\Defs\ThingDefs_Misc\Weapons\MeleeNeolithic.xml
Vanilla	Ludeon.RimWorld	RimWorld Core	weapon	MeleeWeapon_Gladius	gladius	assigned	Mothman and Wendigo cults; Numen; S'Lanters; all regional raiders; caravan companies; escaped slaves and beggars; generic wastelanders; ghoul settlements; raiders; regional tribes; settlements	FIPW_Pool_Caravan,FIPW_Pool_CultPrimitive,FIPW_Pool_Ghoul,FIPW_Pool_Numen,FIPW_Pool_Raider,FIPW_Pool_RegionalRaider,FIPW_Pool_Settler,FIPW_Pool_Slanter,FIPW_Pool_SlaveLowTech,FIPW_Pool_Tribal,FIPW_Pool_Wastelander,FIPW_Role_Melee,FIPW_T0_Improvised	MedievalMeleeDecent			D:\Steam\steamapps\common\RimWorld\Data\Core\Defs\ThingDefs_Misc\Weapons\MeleeMedieval.xml
Vanilla	Ludeon.RimWorld	RimWorld Core	weapon	MeleeWeapon_Ikwa	ikwa	assigned	Mothman and Wendigo cults; Numen; S'Lanters; all regional raiders; caravan companies; escaped slaves and beggars; generic wastelanders; ghoul settlements; raiders; regional tribes; settlements	FIPW_Pool_Caravan,FIPW_Pool_CultPrimitive,FIPW_Pool_Ghoul,FIPW_Pool_Numen,FIPW_Pool_Raider,FIPW_Pool_RegionalRaider,FIPW_Pool_Settler,FIPW_Pool_Slanter,FIPW_Pool_SlaveLowTech,FIPW_Pool_Tribal,FIPW_Pool_Wastelander,FIPW_Role_Melee,FIPW_T0_Improvised	NeolithicMeleeDecent			D:\Steam\steamapps\common\RimWorld\Data\Core\Defs\ThingDefs_Misc\Weapons\MeleeNeolithic.xml
Vanilla	Ludeon.RimWorld	RimWorld Core	weapon	MeleeWeapon_Knife	knife	assigned	Enclave emergency sidearms; Mothman and Wendigo cults; Numen; S'Lanters; all regional raiders; caravan companies; escaped slaves and beggars; generic wastelanders; ghoul settlements; raiders; regional tribes; settlements; super mutant improvised weapons	FIPW_Pool_Caravan,FIPW_Pool_CultPrimitive,FIPW_Pool_EnclaveFallback,FIPW_Pool_Ghoul,FIPW_Pool_Numen,FIPW_Pool_Raider,FIPW_Pool_RegionalRaider,FIPW_Pool_Settler,FIPW_Pool_Slanter,FIPW_Pool_SlaveLowTech,FIPW_Pool_SuperMutant,FIPW_Pool_Tribal,FIPW_Pool_Wastelander,FIPW_Role_Melee,FIPW_T0_Improvised	MedievalMeleeBasic,NeolithicMeleeBasic			D:\Steam\steamapps\common\RimWorld\Data\Core\Defs\ThingDefs_Misc\Weapons\MeleeNeolithic.xml
Vanilla	Ludeon.RimWorld	RimWorld Core	weapon	MeleeWeapon_LongSword	longsword	assigned	Mothman and Wendigo cults; Numen; S'Lanters; all regional raiders; caravan companies; escaped slaves and beggars; generic wastelanders; ghoul settlements; raiders; regional tribes; settlements	FIPW_Pool_Caravan,FIPW_Pool_CultPrimitive,FIPW_Pool_Ghoul,FIPW_Pool_Numen,FIPW_Pool_Raider,FIPW_Pool_RegionalRaider,FIPW_Pool_Settler,FIPW_Pool_Slanter,FIPW_Pool_SlaveLowTech,FIPW_Pool_Tribal,FIPW_Pool_Wastelander,FIPW_Role_Melee,FIPW_T0_Improvised	LongSword,MedievalMeleeAdvanced			D:\Steam\steamapps\common\RimWorld\Data\Core\Defs\ThingDefs_Misc\Weapons\MeleeMedieval.xml
Vanilla	Ludeon.RimWorld	RimWorld Core	weapon	MeleeWeapon_Mace	mace	assigned	Mothman and Wendigo cults; Numen; S'Lanters; all regional raiders; caravan companies; escaped slaves and beggars; generic wastelanders; ghoul settlements; raiders; regional tribes; settlements	FIPW_Pool_Caravan,FIPW_Pool_CultPrimitive,FIPW_Pool_Ghoul,FIPW_Pool_Numen,FIPW_Pool_Raider,FIPW_Pool_RegionalRaider,FIPW_Pool_Settler,FIPW_Pool_Slanter,FIPW_Pool_SlaveLowTech,FIPW_Pool_Tribal,FIPW_Pool_Wastelander,FIPW_Role_Melee,FIPW_T0_Improvised	MedievalMeleeDecent			D:\Steam\steamapps\common\RimWorld\Data\Core\Defs\ThingDefs_Misc\Weapons\MeleeMedieval.xml
Vanilla	Ludeon.RimWorld	RimWorld Core	weapon	MeleeWeapon_Spear	spear	assigned	Mothman and Wendigo cults; Numen; S'Lanters; all regional raiders; caravan companies; escaped slaves and beggars; generic wastelanders; ghoul settlements; raiders; regional tribes; settlements; super mutant improvised weapons	FIPW_Pool_Caravan,FIPW_Pool_CultPrimitive,FIPW_Pool_Ghoul,FIPW_Pool_Numen,FIPW_Pool_Raider,FIPW_Pool_RegionalRaider,FIPW_Pool_Settler,FIPW_Pool_Slanter,FIPW_Pool_SlaveLowTech,FIPW_Pool_SuperMutant,FIPW_Pool_Tribal,FIPW_Pool_Wastelander,FIPW_Role_Melee,FIPW_T0_Improvised	MedievalMeleeAdvanced,NeolithicMeleeAdvanced,Spear			D:\Steam\steamapps\common\RimWorld\Data\Core\Defs\ThingDefs_Misc\Weapons\MeleeNeolithic.xml
Vanilla	Ludeon.RimWorld	RimWorld Core	weapon	Pila	pila	assigned	Mothman and Wendigo cults; Numen; S'Lanters; all regional raiders; caravan companies; escaped slaves and beggars; generic wastelanders; ghoul settlements; raiders; regional tribes; settlements	FIPW_Pool_Caravan,FIPW_Pool_CultPrimitive,FIPW_Pool_Ghoul,FIPW_Pool_Numen,FIPW_Pool_Raider,FIPW_Pool_RegionalRaider,FIPW_Pool_Settler,FIPW_Pool_Slanter,FIPW_Pool_SlaveLowTech,FIPW_Pool_Tribal,FIPW_Pool_Wastelander,FIPW_Role_Heavy,FIPW_T0_Improvised	Neolithic,NeolithicRangedHeavy,NoRelic			D:\Steam\steamapps\common\RimWorld\Data\Core\Defs\ThingDefs_Misc\Weapons\RangedNeolithic.xml
Vanilla	Ludeon.RimWorld	RimWorld Core	weapon	ThrumboHorn	thrumbo horn	assigned	Mothman and Wendigo cults; Numen; S'Lanters; all regional raiders; caravan companies; escaped slaves and beggars; generic wastelanders; ghoul settlements; raiders; regional tribes; settlements	FIPW_Pool_Caravan,FIPW_Pool_CultPrimitive,FIPW_Pool_Ghoul,FIPW_Pool_Numen,FIPW_Pool_Raider,FIPW_Pool_RegionalRaider,FIPW_Pool_Settler,FIPW_Pool_Slanter,FIPW_Pool_SlaveLowTech,FIPW_Pool_Tribal,FIPW_Pool_Wastelander,FIPW_Role_Other,FIPW_T0_Improvised				D:\Steam\steamapps\common\RimWorld\Data\Core\Defs\ThingDefs_Items\Items_Exotic.xml
Vanilla	Ludeon.RimWorld	RimWorld Core	weapon	Weapon_GrenadeEMP	EMP grenades	assigned	caravan companies; escaped slaves and beggars; generic wastelanders; ghoul settlements; raiders; settlements	FIPW_Pool_Caravan,FIPW_Pool_Ghoul,FIPW_Pool_Raider,FIPW_Pool_Settler,FIPW_Pool_SlaveLowTech,FIPW_Pool_Wastelander,FIPW_Role_Other,FIPW_T1_Wasteland	GrenadeEMP			D:\Steam\steamapps\common\RimWorld\Data\Core\Defs\ThingDefs_Misc\Weapons\RangedIndustrialGrenades.xml
Vanilla	Ludeon.RimWorld	RimWorld Core	weapon	Weapon_GrenadeFrag	frag grenades	assigned	caravan companies; escaped slaves and beggars; generic wastelanders; ghoul settlements; raiders; settlements	FIPW_Pool_Caravan,FIPW_Pool_Ghoul,FIPW_Pool_Raider,FIPW_Pool_Settler,FIPW_Pool_SlaveLowTech,FIPW_Pool_Wastelander,FIPW_Role_Other,FIPW_T1_Wasteland	EmpireGrenadeDestructive,GrenadeDestructive			D:\Steam\steamapps\common\RimWorld\Data\Core\Defs\ThingDefs_Misc\Weapons\RangedIndustrialGrenades.xml
Vanilla	Ludeon.RimWorld	RimWorld Core	weapon	Weapon_GrenadeMolotov	molotov cocktails	assigned	caravan companies; escaped slaves and beggars; generic wastelanders; ghoul settlements; raiders; settlements	FIPW_Pool_Caravan,FIPW_Pool_Ghoul,FIPW_Pool_Raider,FIPW_Pool_Settler,FIPW_Pool_SlaveLowTech,FIPW_Pool_Wastelander,FIPW_Role_Flame,FIPW_T1_Wasteland	GrenadeDestructive,GrenadeFlame			D:\Steam\steamapps\common\RimWorld\Data\Core\Defs\ThingDefs_Misc\Weapons\RangedIndustrialGrenades.xml
Vanilla	Ludeon.RimWorld	RimWorld Core	weapon	WoodLog	wood	utility_not_pawn_gear					Equippable resource, drink, or utility object; not a PawnKind weapon.	D:\Steam\steamapps\common\RimWorld\Data\Core\Defs\ThingDefs_Items\Items_Resource_Stuff.xml
Vanilla	Ludeon.RimWorld.Anomaly	RimWorld Anomaly	apparel	Apparel_BiomutationLance	biomutation lance	utility_not_pawn_gear					Targeter, lance, or one-use utility; not random clothing.	D:\Steam\steamapps\common\RimWorld\Data\Anomaly\Defs\ThingDefs_Misc\Apparel_Utility.xml
Vanilla	Ludeon.RimWorld.Anomaly	RimWorld Anomaly	apparel	Apparel_CeremonialCultistMask	ceremonial hood	assigned	Mothman and Wendigo cults	FIPA_Pool_Cult		HoraxianCeremonial		D:\Steam\steamapps\common\RimWorld\Data\Anomaly\Defs\ThingDefs_Misc\Apparel_Cult.xml
Vanilla	Ludeon.RimWorld.Anomaly	RimWorld Anomaly	apparel	Apparel_CultistMask	ritual mask	assigned	Mothman and Wendigo cults	FIPA_Pool_Cult		Horaxian		D:\Steam\steamapps\common\RimWorld\Data\Anomaly\Defs\ThingDefs_Misc\Apparel_Cult.xml
Vanilla	Ludeon.RimWorld.Anomaly	RimWorld Anomaly	apparel	Apparel_DeadlifePack	deadlife pack	assigned	raiders; settlement guards	FIPA_Pool_Raider,FIPA_Pool_SettlerGuard				D:\Steam\steamapps\common\RimWorld\Data\Anomaly\Defs\ThingDefs_Misc\Apparel_Packs.xml
Vanilla	Ludeon.RimWorld.Anomaly	RimWorld Anomaly	apparel	Apparel_DisruptorFlarePack	disruptor flare pack	assigned	raiders; settlement guards	FIPA_Pool_Raider,FIPA_Pool_SettlerGuard				D:\Steam\steamapps\common\RimWorld\Data\Anomaly\Defs\ThingDefs_Misc\Apparel_Packs.xml
Vanilla	Ludeon.RimWorld.Anomaly	RimWorld Anomaly	apparel	Apparel_LabCoat	lab coat	assigned	Whitespring scientists; controlled and crazed vaults	FIPA_Pool_EnclaveScientist,FIPA_Pool_VaultHighTech				D:\Steam\steamapps\common\RimWorld\Data\Anomaly\Defs\ThingDefs_Misc\Apparel_Various.xml
Vanilla	Ludeon.RimWorld.Anomaly	RimWorld Anomaly	apparel	Apparel_PackTurret	turret pack	assigned	raiders; settlement guards	FIPA_Pool_Raider,FIPA_Pool_SettlerGuard				D:\Steam\steamapps\common\RimWorld\Data\Anomaly\Defs\ThingDefs_Misc\Apparel_Packs.xml
Vanilla	Ludeon.RimWorld.Anomaly	RimWorld Anomaly	apparel	Apparel_ShardPsychicInsanityLance	shard insanity lance	utility_not_pawn_gear					Targeter, lance, or one-use utility; not random clothing.	D:\Steam\steamapps\common\RimWorld\Data\Anomaly\Defs\ThingDefs_Misc\Apparel_Utility.xml
Vanilla	Ludeon.RimWorld.Anomaly	RimWorld Anomaly	apparel	Apparel_ShardPsychicShockLance	shard shock lance	utility_not_pawn_gear					Targeter, lance, or one-use utility; not random clothing.	D:\Steam\steamapps\common\RimWorld\Data\Anomaly\Defs\ThingDefs_Misc\Apparel_Utility.xml
Vanilla	Ludeon.RimWorld.Anomaly	RimWorld Anomaly	weapon	Gun_HellcatRifle	hellcat rifle	assigned	Circle of Steel; Enclave remnants; US Army-equipped forces; Whitespring Enclave; caravan companies; controlled and crazed vaults; escaped slaves and beggars; generic wastelanders; ghoul settlements; raiders; rough settlements; settlement guards; settlements; super mutant forces	FIPW_Pool_Caravan,FIPW_Pool_CircleOfSteel,FIPW_Pool_Enclave,FIPW_Pool_EnclaveRemnant,FIPW_Pool_Ghoul,FIPW_Pool_Raider,FIPW_Pool_RoughSettler,FIPW_Pool_Settler,FIPW_Pool_SettlerGuard,FIPW_Pool_SlaveLowTech,FIPW_Pool_SuperMutant,FIPW_Pool_USArmy,FIPW_Pool_VaultHighTech,FIPW_Pool_Wastelander,FIPW_Role_Assault,FIPW_T2_Service	AssaultRifle,Gun,IndustrialGunAdvanced			D:\Steam\steamapps\common\RimWorld\Data\Anomaly\Defs\ThingDefs_Misc\Weapons\Weapons_Ranged.xml
Vanilla	Ludeon.RimWorld.Anomaly	RimWorld Anomaly	weapon	Gun_Incinerator	incinerator	assigned	Circle of Steel; Enclave remnants; US Army-equipped forces; Whitespring Enclave; caravan companies; controlled and crazed vaults; escaped slaves and beggars; generic wastelanders; ghoul settlements; raiders; rough settlements; settlement guards; settlements; super mutant forces	FIPW_Pool_Caravan,FIPW_Pool_CircleOfSteel,FIPW_Pool_Enclave,FIPW_Pool_EnclaveRemnant,FIPW_Pool_Ghoul,FIPW_Pool_Raider,FIPW_Pool_RoughSettler,FIPW_Pool_Settler,FIPW_Pool_SettlerGuard,FIPW_Pool_SlaveLowTech,FIPW_Pool_SuperMutant,FIPW_Pool_USArmy,FIPW_Pool_VaultHighTech,FIPW_Pool_Wastelander,FIPW_Role_Flame,FIPW_T2_Service	Flamethrower,Gun			D:\Steam\steamapps\common\RimWorld\Data\Anomaly\Defs\ThingDefs_Misc\Weapons\Weapons_Ranged.xml
Vanilla	Ludeon.RimWorld.Anomaly	RimWorld Anomaly	weapon	Gun_TacticalTurret	tactical turret gun	internal_not_trade_item			TurretGun		Internal turret, artillery, mechanoid, or destroy-on-drop weapon.	D:\Steam\steamapps\common\RimWorld\Data\Anomaly\Defs\ThingDefs_Buildings\Buildings_Misc.xml
Vanilla	Ludeon.RimWorld.Anomaly	RimWorld Anomaly	weapon	NerveSpiker	nerve spiker	assigned	Mothman and Wendigo cults; Numen; S'Lanters; all regional raiders; caravan companies; escaped slaves and beggars; generic wastelanders; ghoul settlements; raiders; regional tribes; settlements	FIPW_Pool_Caravan,FIPW_Pool_CultPrimitive,FIPW_Pool_Ghoul,FIPW_Pool_Numen,FIPW_Pool_Raider,FIPW_Pool_RegionalRaider,FIPW_Pool_Settler,FIPW_Pool_Slanter,FIPW_Pool_SlaveLowTech,FIPW_Pool_Tribal,FIPW_Pool_Wastelander,FIPW_Role_Melee,FIPW_T0_Improvised	NerveSpiker			D:\Steam\steamapps\common\RimWorld\Data\Anomaly\Defs\ThingDefs_Misc\Weapons\Weapons_RangedHoraxian.xml
Vanilla	Ludeon.RimWorld.Biotech	RimWorld Biotech	apparel	Apparel_AirwireHeadset	airwire headset	assigned	controlled and crazed vaults	FIPA_Pool_VaultHighTech				D:\Steam\steamapps\common\RimWorld\Data\Biotech\Defs\ThingDefs_Misc\Apparel_Headgear.xml
Vanilla	Ludeon.RimWorld.Biotech	RimWorld Biotech	apparel	Apparel_ArmorHelmetMechCommander	mechcommander helmet	assigned	controlled and crazed vaults	FIPA_Pool_VaultHighTech				D:\Steam\steamapps\common\RimWorld\Data\Biotech\Defs\ThingDefs_Misc\Apparel_Headgear.xml
Vanilla	Ludeon.RimWorld.Biotech	RimWorld Biotech	apparel	Apparel_ArmorHelmetMechlordHelmet	mechlord helmet	assigned	controlled and crazed vaults	FIPA_Pool_VaultHighTech		Mechlord,RoyalTier7		D:\Steam\steamapps\common\RimWorld\Data\Biotech\Defs\ThingDefs_Misc\Apparel_Headgear.xml
Vanilla	Ludeon.RimWorld.Biotech	RimWorld Biotech	apparel	Apparel_ArrayHeadset	array headset	assigned	controlled and crazed vaults	FIPA_Pool_VaultHighTech				D:\Steam\steamapps\common\RimWorld\Data\Biotech\Defs\ThingDefs_Misc\Apparel_Headgear.xml
Vanilla	Ludeon.RimWorld.Biotech	RimWorld Biotech	apparel	Apparel_Bandolier	heavy bandolier	assigned	raiders; settlement guards	FIPA_Pool_Raider,FIPA_Pool_SettlerGuard		Apparel_Yttakin		D:\Steam\steamapps\common\RimWorld\Data\Biotech\Defs\ThingDefs_Misc\Apparel_Various.xml
Vanilla	Ludeon.RimWorld.Biotech	RimWorld Biotech	apparel	Apparel_GasMask	gas mask	assigned	raiders; settlement guards	FIPA_Pool_Raider,FIPA_Pool_SettlerGuard		IndustrialBasic		D:\Steam\steamapps\common\RimWorld\Data\Biotech\Defs\ThingDefs_Misc\Apparel_Headgear.xml
Vanilla	Ludeon.RimWorld.Biotech	RimWorld Biotech	apparel	Apparel_HeavyShield	heavy shield unit	internal_not_trade_item					Internal/destroy-on-drop apparel helper.	D:\Steam\steamapps\common\RimWorld\Data\Biotech\Defs\ThingDefs_Misc\Apparel_Mech.xml
Vanilla	Ludeon.RimWorld.Biotech	RimWorld Biotech	apparel	Apparel_IntegratorHeadset	integrator headset	assigned	controlled and crazed vaults	FIPA_Pool_VaultHighTech				D:\Steam\steamapps\common\RimWorld\Data\Biotech\Defs\ThingDefs_Misc\Apparel_Headgear.xml
Vanilla	Ludeon.RimWorld.Biotech	RimWorld Biotech	apparel	Apparel_KidHelmet	kid helmet	assigned	US Army-equipped forces; Whitespring Enclave fallback; controlled and crazed vaults; raider fighters; settlement guards	FIPA_Pool_EnclaveFallback,FIPA_Pool_Raider,FIPA_Pool_SettlerGuard,FIPA_Pool_USArmy,FIPA_Pool_VaultHighTech		IndustrialMilitaryBasic		D:\Steam\steamapps\common\RimWorld\Data\Biotech\Defs\ThingDefs_Misc\Apparel_Child.xml
Vanilla	Ludeon.RimWorld.Biotech	RimWorld Biotech	apparel	Apparel_KidPants	kid pants	assigned	generic wastelanders; raiders; settlements	FIPA_Pool_Raider,FIPA_Pool_Settler,FIPA_Pool_WastelanderGeneric		IndustrialBasic		D:\Steam\steamapps\common\RimWorld\Data\Biotech\Defs\ThingDefs_Misc\Apparel_Child.xml
Vanilla	Ludeon.RimWorld.Biotech	RimWorld Biotech	apparel	Apparel_KidParka	kid parka	assigned	Numen; S'Lanters; raiders; regional tribes	FIPA_Pool_Numen,FIPA_Pool_Raider,FIPA_Pool_Slanter,FIPA_Pool_Tribal		IndustrialBasic,Neolithic		D:\Steam\steamapps\common\RimWorld\Data\Biotech\Defs\ThingDefs_Misc\Apparel_Child.xml
Vanilla	Ludeon.RimWorld.Biotech	RimWorld Biotech	apparel	Apparel_KidRomper	kid romper	assigned	generic wastelanders; raiders; settlements	FIPA_Pool_Raider,FIPA_Pool_Settler,FIPA_Pool_WastelanderGeneric		IndustrialBasic		D:\Steam\steamapps\common\RimWorld\Data\Biotech\Defs\ThingDefs_Misc\Apparel_Child.xml
Vanilla	Ludeon.RimWorld.Biotech	RimWorld Biotech	apparel	Apparel_KidShirt	kid shirt	assigned	generic wastelanders; raiders; settlements	FIPA_Pool_Raider,FIPA_Pool_Settler,FIPA_Pool_WastelanderGeneric		IndustrialBasic		D:\Steam\steamapps\common\RimWorld\Data\Biotech\Defs\ThingDefs_Misc\Apparel_Child.xml
Vanilla	Ludeon.RimWorld.Biotech	RimWorld Biotech	apparel	Apparel_KidTribal	kid tribalwear	assigned	Numen; S'Lanters; raiders; regional tribes	FIPA_Pool_Numen,FIPA_Pool_Raider,FIPA_Pool_Slanter,FIPA_Pool_Tribal		Neolithic		D:\Steam\steamapps\common\RimWorld\Data\Biotech\Defs\ThingDefs_Misc\Apparel_Child.xml
Vanilla	Ludeon.RimWorld.Biotech	RimWorld Biotech	apparel	Apparel_MechlordSuit	mechlord suit	assigned	controlled and crazed vaults	FIPA_Pool_VaultHighTech		Mechlord,RoyalTier7		D:\Steam\steamapps\common\RimWorld\Data\Biotech\Defs\ThingDefs_Misc\Apparel_Various.xml
Vanilla	Ludeon.RimWorld.Biotech	RimWorld Biotech	apparel	Apparel_PackBandwidth	bandwidth pack	assigned	controlled and crazed vaults	FIPA_Pool_VaultHighTech				D:\Steam\steamapps\common\RimWorld\Data\Biotech\Defs\ThingDefs_Misc\Apparel_Packs.xml
Vanilla	Ludeon.RimWorld.Biotech	RimWorld Biotech	apparel	Apparel_PackControl	control pack	assigned	controlled and crazed vaults	FIPA_Pool_VaultHighTech				D:\Steam\steamapps\common\RimWorld\Data\Biotech\Defs\ThingDefs_Misc\Apparel_Packs.xml
Vanilla	Ludeon.RimWorld.Biotech	RimWorld Biotech	apparel	Apparel_PackTox	tox pack	assigned	raiders; settlement guards	FIPA_Pool_Raider,FIPA_Pool_SettlerGuard		BeltDefenseTox		D:\Steam\steamapps\common\RimWorld\Data\Biotech\Defs\ThingDefs_Misc\Apparel_Packs.xml
Vanilla	Ludeon.RimWorld.Biotech	RimWorld Biotech	apparel	Apparel_Sash	sash	assigned	generic wastelanders; raiders; settlements	FIPA_Pool_Raider,FIPA_Pool_Settler,FIPA_Pool_WastelanderGeneric		Apparel_Yttakin		D:\Steam\steamapps\common\RimWorld\Data\Biotech\Defs\ThingDefs_Misc\Apparel_Various.xml
Vanilla	Ludeon.RimWorld.Biotech	RimWorld Biotech	weapon	Flamebow	flamebow	assigned	Mothman and Wendigo cults; Numen; S'Lanters; all regional raiders; caravan companies; escaped slaves and beggars; generic wastelanders; ghoul settlements; raiders; regional tribes; settlements	FIPW_Pool_Caravan,FIPW_Pool_CultPrimitive,FIPW_Pool_Ghoul,FIPW_Pool_Numen,FIPW_Pool_Raider,FIPW_Pool_RegionalRaider,FIPW_Pool_Settler,FIPW_Pool_Slanter,FIPW_Pool_SlaveLowTech,FIPW_Pool_Tribal,FIPW_Pool_Wastelander,FIPW_Role_Flame,FIPW_T0_Improvised	Neolithic,NeolithicRangedFlame			D:\Steam\steamapps\common\RimWorld\Data\Biotech\Defs\ThingDefs_Misc\Weapons\RangedIndustrial.xml
Vanilla	Ludeon.RimWorld.Biotech	RimWorld Biotech	weapon	Gun_BeamGraser	beam graser	assigned	Circle of Steel; Whitespring Enclave; controlled and crazed vaults	FIPW_Pool_CircleOfSteel,FIPW_Pool_Enclave,FIPW_Pool_VaultHighTech,FIPW_Role_Laser,FIPW_T4_Elite	BeamGraserGun			D:\Steam\steamapps\common\RimWorld\Data\Biotech\Defs\ThingDefs_Misc\Weapons\RangedMechanoid_Medium.xml
Vanilla	Ludeon.RimWorld.Biotech	RimWorld Biotech	weapon	Gun_ChargeBlasterTurret	charge blaster turret	internal_not_trade_item			TurretGun		Internal turret, artillery, mechanoid, or destroy-on-drop weapon.	D:\Steam\steamapps\common\RimWorld\Data\Biotech\Defs\ThingDefs_Races\Races_Mechanoids_SuperHeavy.xml
Vanilla	Ludeon.RimWorld.Biotech	RimWorld Biotech	weapon	Gun_HellsphereCannon	hellsphere cannon	internal_not_trade_item			HellsphereCannonGun		Internal turret, artillery, mechanoid, or destroy-on-drop weapon.	D:\Steam\steamapps\common\RimWorld\Data\Biotech\Defs\ThingDefs_Misc\Weapons\RangedMechanoid_Heavy.xml
Vanilla	Ludeon.RimWorld.Biotech	RimWorld Biotech	weapon	Gun_MiniFlameblaster	mini-flameblaster	internal_not_trade_item			MechanoidGunMiniFlameblaster		Internal turret, artillery, mechanoid, or destroy-on-drop weapon.	D:\Steam\steamapps\common\RimWorld\Data\Biotech\Defs\ThingDefs_Misc\Weapons\RangedMechanoid_Light.xml
Vanilla	Ludeon.RimWorld.Biotech	RimWorld Biotech	weapon	Gun_MiniShotgun	mini-shotgun	internal_not_trade_item			MechanoidGunShortRange		Internal turret, artillery, mechanoid, or destroy-on-drop weapon.	D:\Steam\steamapps\common\RimWorld\Data\Biotech\Defs\ThingDefs_Misc\Weapons\RangedMechanoid_Light.xml
Vanilla	Ludeon.RimWorld.Biotech	RimWorld Biotech	weapon	Gun_NeedleLauncher	needle launcher	internal_not_trade_item			MechanoidGunNeedleLauncher		Internal turret, artillery, mechanoid, or destroy-on-drop weapon.	D:\Steam\steamapps\common\RimWorld\Data\Biotech\Defs\ThingDefs_Misc\Weapons\RangedMechanoid_Medium.xml
Vanilla	Ludeon.RimWorld.Biotech	RimWorld Biotech	weapon	Gun_Slugthrower	slugthrower	internal_not_trade_item			MechanoidGunSlugthrower		Internal turret, artillery, mechanoid, or destroy-on-drop weapon.	D:\Steam\steamapps\common\RimWorld\Data\Biotech\Defs\ThingDefs_Misc\Weapons\RangedMechanoid_Light.xml
Vanilla	Ludeon.RimWorld.Biotech	RimWorld Biotech	weapon	Gun_Spiner	spiner	internal_not_trade_item			MechanoidGunSpiner		Internal turret, artillery, mechanoid, or destroy-on-drop weapon.	D:\Steam\steamapps\common\RimWorld\Data\Biotech\Defs\ThingDefs_Misc\Weapons\RangedMechanoid_Light.xml
Vanilla	Ludeon.RimWorld.Biotech	RimWorld Biotech	weapon	Gun_ToxbombLauncher	toxbomb launcher	assigned	caravan companies; escaped slaves and beggars; generic wastelanders; ghoul settlements; raiders; settlements	FIPW_Pool_Caravan,FIPW_Pool_Ghoul,FIPW_Pool_Raider,FIPW_Pool_Settler,FIPW_Pool_SlaveLowTech,FIPW_Pool_Wastelander,FIPW_Role_Heavy,FIPW_T1_Wasteland	HeavyTox			D:\Steam\steamapps\common\RimWorld\Data\Biotech\Defs\ThingDefs_Misc\Weapons\RangedIndustrial.xml
Vanilla	Ludeon.RimWorld.Biotech	RimWorld Biotech	weapon	Gun_ToxicNeedle	toxic needle gun	internal_not_trade_item			MechanoidGunToxicNeedle		Internal turret, artillery, mechanoid, or destroy-on-drop weapon.	D:\Steam\steamapps\common\RimWorld\Data\Biotech\Defs\ThingDefs_Misc\Weapons\RangedMechanoid_Medium.xml
Vanilla	Ludeon.RimWorld.Biotech	RimWorld Biotech	weapon	Weapon_GrenadeTox	tox grenades	assigned	caravan companies; escaped slaves and beggars; generic wastelanders; ghoul settlements; raiders; settlements	FIPW_Pool_Caravan,FIPW_Pool_Ghoul,FIPW_Pool_Raider,FIPW_Pool_Settler,FIPW_Pool_SlaveLowTech,FIPW_Pool_Wastelander,FIPW_Role_Other,FIPW_T1_Wasteland	GrenadeTox			D:\Steam\steamapps\common\RimWorld\Data\Biotech\Defs\ThingDefs_Misc\Weapons\RangedIndustrial.xml
Vanilla	Ludeon.RimWorld.Ideology	RimWorld Ideology	apparel	Apparel_AuthorityCap	authority cap	assigned	generic wastelanders; raiders; settlements	FIPA_Pool_Raider,FIPA_Pool_Settler,FIPA_Pool_WastelanderGeneric				D:\Steam\steamapps\common\RimWorld\Data\Ideology\Defs\ThingDefs_Misc\Apparel_Headgear.xml
Vanilla	Ludeon.RimWorld.Ideology	RimWorld Ideology	apparel	Apparel_Blindfold	blindfold	assigned	raiders; slavers and forced laborers	FIPA_Pool_Raider,FIPA_Pool_Slave				D:\Steam\steamapps\common\RimWorld\Data\Ideology\Defs\ThingDefs_Misc\Apparel_Various.xml
Vanilla	Ludeon.RimWorld.Ideology	RimWorld Ideology	apparel	Apparel_BodyStrap	slave body strap	assigned	raiders; slavers and forced laborers	FIPA_Pool_Raider,FIPA_Pool_Slave				D:\Steam\steamapps\common\RimWorld\Data\Ideology\Defs\ThingDefs_Misc\Apparel_Various.xml
Vanilla	Ludeon.RimWorld.Ideology	RimWorld Ideology	apparel	Apparel_Broadwrap	broadwrap	assigned	Numen; S'Lanters; raiders; regional tribes	FIPA_Pool_Numen,FIPA_Pool_Raider,FIPA_Pool_Slanter,FIPA_Pool_Tribal				D:\Steam\steamapps\common\RimWorld\Data\Ideology\Defs\ThingDefs_Misc\Apparel_Headgear.xml
Vanilla	Ludeon.RimWorld.Ideology	RimWorld Ideology	apparel	Apparel_Burka	burka	assigned	generic wastelanders; raiders; settlements	FIPA_Pool_Raider,FIPA_Pool_Settler,FIPA_Pool_WastelanderGeneric				D:\Steam\steamapps\common\RimWorld\Data\Ideology\Defs\ThingDefs_Misc\Apparel_Various.xml
Vanilla	Ludeon.RimWorld.Ideology	RimWorld Ideology	apparel	Apparel_Collar	slave collar	assigned	raiders; slavers and forced laborers	FIPA_Pool_Raider,FIPA_Pool_Slave				D:\Steam\steamapps\common\RimWorld\Data\Ideology\Defs\ThingDefs_Misc\Apparel_Headgear.xml
Vanilla	Ludeon.RimWorld.Ideology	RimWorld Ideology	apparel	Apparel_Flophat	flophat	assigned	generic wastelanders; raiders; settlements	FIPA_Pool_Raider,FIPA_Pool_Settler,FIPA_Pool_WastelanderGeneric				D:\Steam\steamapps\common\RimWorld\Data\Ideology\Defs\ThingDefs_Misc\Apparel_Headgear.xml
Vanilla	Ludeon.RimWorld.Ideology	RimWorld Ideology	apparel	Apparel_Headwrap	headwrap	assigned	Numen; S'Lanters; raiders; regional tribes	FIPA_Pool_Numen,FIPA_Pool_Raider,FIPA_Pool_Slanter,FIPA_Pool_Tribal				D:\Steam\steamapps\common\RimWorld\Data\Ideology\Defs\ThingDefs_Misc\Apparel_Headgear.xml
Vanilla	Ludeon.RimWorld.Ideology	RimWorld Ideology	apparel	Apparel_Shadecone	shadecone	assigned	generic wastelanders; regional tribes; settlements	FIPA_Pool_Settler,FIPA_Pool_Tribal,FIPA_Pool_WastelanderGeneric				D:\Steam\steamapps\common\RimWorld\Data\Ideology\Defs\ThingDefs_Misc\Apparel_Headgear.xml
Vanilla	Ludeon.RimWorld.Ideology	RimWorld Ideology	apparel	Apparel_Slicecap	slicecap	assigned	generic wastelanders; raiders; settlements	FIPA_Pool_Raider,FIPA_Pool_Settler,FIPA_Pool_WastelanderGeneric				D:\Steam\steamapps\common\RimWorld\Data\Ideology\Defs\ThingDefs_Misc\Apparel_Headgear.xml
Vanilla	Ludeon.RimWorld.Ideology	RimWorld Ideology	apparel	Apparel_Tailcap	tailcap	assigned	generic wastelanders; raiders; settlements	FIPA_Pool_Raider,FIPA_Pool_Settler,FIPA_Pool_WastelanderGeneric				D:\Steam\steamapps\common\RimWorld\Data\Ideology\Defs\ThingDefs_Misc\Apparel_Headgear.xml
Vanilla	Ludeon.RimWorld.Ideology	RimWorld Ideology	apparel	Apparel_TortureCrown	torture crown	assigned	Wendigo cults; raiders	FIPA_Pool_Cult,FIPA_Pool_Raider				D:\Steam\steamapps\common\RimWorld\Data\Ideology\Defs\ThingDefs_Misc\Apparel_Various.xml
Vanilla	Ludeon.RimWorld.Ideology	RimWorld Ideology	apparel	Apparel_VisageMask	visage mask	assigned	Numen; S'Lanters; raiders; regional tribes	FIPA_Pool_Numen,FIPA_Pool_Raider,FIPA_Pool_Slanter,FIPA_Pool_Tribal				D:\Steam\steamapps\common\RimWorld\Data\Ideology\Defs\ThingDefs_Misc\Apparel_Headgear.xml
Vanilla	Ludeon.RimWorld.Odyssey	RimWorld Odyssey	apparel	Apparel_CerebrexNode	cerebrex node	utility_not_pawn_gear					Targeter, lance, or one-use utility; not random clothing.	D:\Steam\steamapps\common\RimWorld\Data\Odyssey\Defs\ThingDefs_Misc\Apparel_Packs.xml
Vanilla	Ludeon.RimWorld.Odyssey	RimWorld Odyssey	apparel	Apparel_PackHunter	hunter pack	assigned	generic wastelanders; raiders; settlement hunters	FIPA_Pool_Raider,FIPA_Pool_Settler,FIPA_Pool_WastelanderGeneric				D:\Steam\steamapps\common\RimWorld\Data\Odyssey\Defs\ThingDefs_Misc\Apparel_Packs.xml
Vanilla	Ludeon.RimWorld.Odyssey	RimWorld Odyssey	apparel	Apparel_Vacsuit	vacsuit	assigned	controlled and crazed vaults	FIPA_Pool_VaultHighTech		SpacerMilitary,Vacsuit		D:\Steam\steamapps\common\RimWorld\Data\Odyssey\Defs\ThingDefs_Misc\Apparel_Various.xml
Vanilla	Ludeon.RimWorld.Odyssey	RimWorld Odyssey	apparel	Apparel_VacsuitChildren	kid vacsuit	assigned	controlled and crazed vaults	FIPA_Pool_VaultHighTech		SpacerMilitary,Vacsuit		D:\Steam\steamapps\common\RimWorld\Data\Odyssey\Defs\ThingDefs_Misc\Apparel_Various.xml
Vanilla	Ludeon.RimWorld.Odyssey	RimWorld Odyssey	apparel	Apparel_VacsuitHelmet	vacsuit helmet	assigned	controlled and crazed vaults	FIPA_Pool_VaultHighTech		SpacerMilitary,Vacsuit		D:\Steam\steamapps\common\RimWorld\Data\Odyssey\Defs\ThingDefs_Misc\Apparel_Headgear.xml
Vanilla	Ludeon.RimWorld.Odyssey	RimWorld Odyssey	weapon	AlphaThrumboHorn	alpha thrumbo horn	assigned	Mothman and Wendigo cults; Numen; S'Lanters; all regional raiders; caravan companies; escaped slaves and beggars; generic wastelanders; ghoul settlements; raiders; regional tribes; settlements	FIPW_Pool_Caravan,FIPW_Pool_CultPrimitive,FIPW_Pool_Ghoul,FIPW_Pool_Numen,FIPW_Pool_Raider,FIPW_Pool_RegionalRaider,FIPW_Pool_Settler,FIPW_Pool_Slanter,FIPW_Pool_SlaveLowTech,FIPW_Pool_Tribal,FIPW_Pool_Wastelander,FIPW_Role_Other,FIPW_T0_Improvised				D:\Steam\steamapps\common\RimWorld\Data\Odyssey\Defs\ThingDefs_Items\Items_Exotic.xml
Vanilla	Ludeon.RimWorld.Odyssey	RimWorld Odyssey	weapon	Bow_Great_Unique	unique greatbow	unique_or_quest_only		FIPW_Role_Heavy,FIPW_Unique	Neolithic,NeolithicRangedChief,NeolithicRangedHeavy		Unique/persona weapon; not suitable for random faction generation.	D:\Steam\steamapps\common\RimWorld\Data\Odyssey\Defs\ThingDefs_Items\Weapons_Unique.xml
Vanilla	Ludeon.RimWorld.Odyssey	RimWorld Odyssey	weapon	Gun_AncientArmoredTurret	ancient defender turret gun	internal_not_trade_item			TurretGun		Internal turret, artillery, mechanoid, or destroy-on-drop weapon.	D:\Steam\steamapps\common\RimWorld\Data\Odyssey\Defs\ThingDefs_Buildings\Buildings_Security_Turrets.xml
Vanilla	Ludeon.RimWorld.Odyssey	RimWorld Odyssey	weapon	Gun_AssaultRifle_Unique	unique assault rifle	unique_or_quest_only		FIPW_Role_Assault,FIPW_Unique	AssaultRifle,Gun,IndustrialGunAdvanced		Unique/persona weapon; not suitable for random faction generation.	D:\Steam\steamapps\common\RimWorld\Data\Odyssey\Defs\ThingDefs_Items\Weapons_Unique.xml
Vanilla	Ludeon.RimWorld.Odyssey	RimWorld Odyssey	weapon	Gun_BeamRepeater	beam repeater	assigned	Circle of Steel; Whitespring Enclave; controlled and crazed vaults	FIPW_Pool_CircleOfSteel,FIPW_Pool_Enclave,FIPW_Pool_VaultHighTech,FIPW_Role_Laser,FIPW_T4_Elite	Gun,GunHeavy,WeaponBeamRepeater			D:\Steam\steamapps\common\RimWorld\Data\Odyssey\Defs\ThingDefs_Misc\Weapons\Ranged_Spacer.xml
Vanilla	Ludeon.RimWorld.Odyssey	RimWorld Odyssey	weapon	Gun_BeamRepeater_Unique	unique beam repeater	unique_or_quest_only		FIPW_Role_Laser,FIPW_Unique	Gun,GunHeavy,WeaponBeamRepeater		Unique/persona weapon; not suitable for random faction generation.	D:\Steam\steamapps\common\RimWorld\Data\Odyssey\Defs\ThingDefs_Items\Weapons_Unique.xml
Vanilla	Ludeon.RimWorld.Odyssey	RimWorld Odyssey	weapon	Gun_BoltActionRifle_Unique	unique bolt-action rifle	unique_or_quest_only		FIPW_Role_Rifle,FIPW_Unique	Gun		Unique/persona weapon; not suitable for random faction generation.	D:\Steam\steamapps\common\RimWorld\Data\Odyssey\Defs\ThingDefs_Items\Weapons_Unique.xml
Vanilla	Ludeon.RimWorld.Odyssey	RimWorld Odyssey	weapon	Gun_ChainShotgun_Unique	unique chain shotgun	unique_or_quest_only		FIPW_Role_Shotgun,FIPW_Unique	Gun,IndustrialGunAdvanced,ShortShots		Unique/persona weapon; not suitable for random faction generation.	D:\Steam\steamapps\common\RimWorld\Data\Odyssey\Defs\ThingDefs_Items\Weapons_Unique.xml
Vanilla	Ludeon.RimWorld.Odyssey	RimWorld Odyssey	weapon	Gun_ChargeLance_Unique	unique charge lance	unique_or_quest_only		FIPW_Role_Laser,FIPW_Unique	Gun,MechanoidGunMedium,SpacerGun		Unique/persona weapon; not suitable for random faction generation.	D:\Steam\steamapps\common\RimWorld\Data\Odyssey\Defs\ThingDefs_Items\Weapons_Unique.xml
Vanilla	Ludeon.RimWorld.Odyssey	RimWorld Odyssey	weapon	Gun_ChargeRifle_Unique	unique charge rifle	unique_or_quest_only		FIPW_Role_Laser,FIPW_Unique	Gun,SpacerGun		Unique/persona weapon; not suitable for random faction generation.	D:\Steam\steamapps\common\RimWorld\Data\Odyssey\Defs\ThingDefs_Items\Weapons_Unique.xml
Vanilla	Ludeon.RimWorld.Odyssey	RimWorld Odyssey	weapon	Gun_HeavySMG_Unique	unique heavy SMG	unique_or_quest_only		FIPW_Role_Heavy,FIPW_Unique	Gun,IndustrialGunAdvanced,ShortShots		Unique/persona weapon; not suitable for random faction generation.	D:\Steam\steamapps\common\RimWorld\Data\Odyssey\Defs\ThingDefs_Items\Weapons_Unique.xml
Vanilla	Ludeon.RimWorld.Odyssey	RimWorld Odyssey	weapon	Gun_HellcatRifle_Unique	unique hellcat rifle	unique_or_quest_only		FIPW_Role_Assault,FIPW_Unique	AssaultRifle,Gun,IndustrialGunAdvanced		Unique/persona weapon; not suitable for random faction generation.	D:\Steam\steamapps\common\RimWorld\Data\Odyssey\Defs\ThingDefs_Items\Weapons_Unique.xml
Vanilla	Ludeon.RimWorld.Odyssey	RimWorld Odyssey	weapon	Gun_LMG_Unique	unique LMG	unique_or_quest_only		FIPW_Role_Heavy,FIPW_Unique	Gun,IndustrialGunAdvanced		Unique/persona weapon; not suitable for random faction generation.	D:\Steam\steamapps\common\RimWorld\Data\Odyssey\Defs\ThingDefs_Items\Weapons_Unique.xml
Vanilla	Ludeon.RimWorld.Odyssey	RimWorld Odyssey	weapon	Gun_Minigun_Unique	unique minigun	unique_or_quest_only		FIPW_Role_Heavy,FIPW_Unique	Gun,GunHeavy,Minigun		Unique/persona weapon; not suitable for random faction generation.	D:\Steam\steamapps\common\RimWorld\Data\Odyssey\Defs\ThingDefs_Items\Weapons_Unique.xml
Vanilla	Ludeon.RimWorld.Odyssey	RimWorld Odyssey	weapon	Gun_Revolver_Unique	unique revolver	unique_or_quest_only		FIPW_Role_Sidearm,FIPW_Unique	Gun,Revolver,SimpleGun		Unique/persona weapon; not suitable for random faction generation.	D:\Steam\steamapps\common\RimWorld\Data\Odyssey\Defs\ThingDefs_Items\Weapons_Unique.xml
Vanilla	Ludeon.RimWorld.Odyssey	RimWorld Odyssey	weapon	Gun_Scattergun	scattergun	internal_not_trade_item			SentryDroneGunShortRange		Internal turret, artillery, mechanoid, or destroy-on-drop weapon.	D:\Steam\steamapps\common\RimWorld\Data\Odyssey\Defs\ThingDefs_Misc\Weapons\Ranged_Spacer.xml
Vanilla	Ludeon.RimWorld.Odyssey	RimWorld Odyssey	weapon	Gun_SniperRifle_Unique	unique sniper rifle	unique_or_quest_only		FIPW_Role_Sniper,FIPW_Unique	SniperRifle		Unique/persona weapon; not suitable for random faction generation.	D:\Steam\steamapps\common\RimWorld\Data\Odyssey\Defs\ThingDefs_Items\Weapons_Unique.xml
Vanilla	Ludeon.RimWorld.Odyssey	RimWorld Odyssey	weapon	MastodonTusk	mastodon tusk	assigned	Mothman and Wendigo cults; Numen; S'Lanters; all regional raiders; caravan companies; escaped slaves and beggars; generic wastelanders; ghoul settlements; raiders; regional tribes; settlements	FIPW_Pool_Caravan,FIPW_Pool_CultPrimitive,FIPW_Pool_Ghoul,FIPW_Pool_Numen,FIPW_Pool_Raider,FIPW_Pool_RegionalRaider,FIPW_Pool_Settler,FIPW_Pool_Slanter,FIPW_Pool_SlaveLowTech,FIPW_Pool_Tribal,FIPW_Pool_Wastelander,FIPW_Role_Other,FIPW_T0_Improvised				D:\Steam\steamapps\common\RimWorld\Data\Odyssey\Defs\ThingDefs_Items\Items_Exotic.xml
Vanilla	Ludeon.RimWorld.Royalty	RimWorld Royalty	apparel	Apparel_ArmorCataphract	cataphract armor	assigned	controlled and crazed vaults	FIPA_Pool_VaultHighTech				D:\Steam\steamapps\common\RimWorld\Data\Royalty\Defs\ThingDefs_Misc\Apparel_Various.xml
Vanilla	Ludeon.RimWorld.Royalty	RimWorld Royalty	apparel	Apparel_ArmorCataphractPhoenix	phoenix armor	assigned	controlled and crazed vaults	FIPA_Pool_VaultHighTech				D:\Steam\steamapps\common\RimWorld\Data\Royalty\Defs\ThingDefs_Misc\Apparel_Various.xml
Vanilla	Ludeon.RimWorld.Royalty	RimWorld Royalty	apparel	Apparel_ArmorCataphractPrestige	prestige cataphract armor	assigned	controlled and crazed vaults	FIPA_Pool_VaultHighTech		PrestigeCombatGear		D:\Steam\steamapps\common\RimWorld\Data\Royalty\Defs\ThingDefs_Misc\Apparel_Various.xml
Vanilla	Ludeon.RimWorld.Royalty	RimWorld Royalty	apparel	Apparel_ArmorHelmetCataphract	cataphract helmet	assigned	controlled and crazed vaults	FIPA_Pool_VaultHighTech				D:\Steam\steamapps\common\RimWorld\Data\Royalty\Defs\ThingDefs_Misc\Apparel_Various.xml
Vanilla	Ludeon.RimWorld.Royalty	RimWorld Royalty	apparel	Apparel_ArmorHelmetCataphractPrestige	prestige cataphract helmet	assigned	controlled and crazed vaults	FIPA_Pool_VaultHighTech		PrestigeCombatGear		D:\Steam\steamapps\common\RimWorld\Data\Royalty\Defs\ThingDefs_Misc\Apparel_Various.xml
Vanilla	Ludeon.RimWorld.Royalty	RimWorld Royalty	apparel	Apparel_ArmorHelmetReconPrestige	prestige recon helmet	assigned	controlled and crazed vaults	FIPA_Pool_VaultHighTech		PrestigeCombatGear		D:\Steam\steamapps\common\RimWorld\Data\Royalty\Defs\ThingDefs_Misc\Apparel_Various.xml
Vanilla	Ludeon.RimWorld.Royalty	RimWorld Royalty	apparel	Apparel_ArmorLocust	locust armor	assigned	controlled and crazed vaults	FIPA_Pool_VaultHighTech				D:\Steam\steamapps\common\RimWorld\Data\Royalty\Defs\ThingDefs_Misc\Apparel_Various.xml
Vanilla	Ludeon.RimWorld.Royalty	RimWorld Royalty	apparel	Apparel_ArmorMarineGrenadier	grenadier armor	assigned	controlled and crazed vaults	FIPA_Pool_VaultHighTech				D:\Steam\steamapps\common\RimWorld\Data\Royalty\Defs\ThingDefs_Misc\Apparel_Various.xml
Vanilla	Ludeon.RimWorld.Royalty	RimWorld Royalty	apparel	Apparel_ArmorMarineHelmetPrestige	prestige marine helmet	assigned	controlled and crazed vaults	FIPA_Pool_VaultHighTech		PrestigeCombatGear		D:\Steam\steamapps\common\RimWorld\Data\Royalty\Defs\ThingDefs_Misc\Apparel_Various.xml
Vanilla	Ludeon.RimWorld.Royalty	RimWorld Royalty	apparel	Apparel_ArmorMarinePrestige	prestige marine armor	assigned	controlled and crazed vaults	FIPA_Pool_VaultHighTech		PrestigeCombatGear		D:\Steam\steamapps\common\RimWorld\Data\Royalty\Defs\ThingDefs_Misc\Apparel_Various.xml
Vanilla	Ludeon.RimWorld.Royalty	RimWorld Royalty	apparel	Apparel_ArmorReconPrestige	prestige recon armor	assigned	controlled and crazed vaults	FIPA_Pool_VaultHighTech		PrestigeCombatGear		D:\Steam\steamapps\common\RimWorld\Data\Royalty\Defs\ThingDefs_Misc\Apparel_Various.xml
Vanilla	Ludeon.RimWorld.Royalty	RimWorld Royalty	apparel	Apparel_Beret	beret	assigned	US Army-equipped forces; Whitespring officers; settlement guards	FIPA_Pool_EnclaveOfficer,FIPA_Pool_SettlerGuard,FIPA_Pool_USArmy		Royal,RoyalTier2,RoyalTier3		D:\Steam\steamapps\common\RimWorld\Data\Royalty\Defs\ThingDefs_Misc\Apparel_Royal.xml
Vanilla	Ludeon.RimWorld.Royalty	RimWorld Royalty	apparel	Apparel_Coronet	coronet	assigned	Whitespring Enclave fallback; Whitespring officers	FIPA_Pool_EnclaveFallback,FIPA_Pool_EnclaveOfficer		Royal,RoyalTier5		D:\Steam\steamapps\common\RimWorld\Data\Royalty\Defs\ThingDefs_Misc\Apparel_Royal.xml
Vanilla	Ludeon.RimWorld.Royalty	RimWorld Royalty	apparel	Apparel_Corset	corset	assigned	Whitespring Enclave fallback	FIPA_Pool_EnclaveFallback		Royal,RoyalTier5		D:\Steam\steamapps\common\RimWorld\Data\Royalty\Defs\ThingDefs_Misc\Apparel_Royal.xml
Vanilla	Ludeon.RimWorld.Royalty	RimWorld Royalty	apparel	Apparel_Crown	crown	assigned	Whitespring Enclave fallback; Whitespring officers	FIPA_Pool_EnclaveFallback,FIPA_Pool_EnclaveOfficer		Royal,RoyalTier6		D:\Steam\steamapps\common\RimWorld\Data\Royalty\Defs\ThingDefs_Misc\Apparel_Royal.xml
Vanilla	Ludeon.RimWorld.Royalty	RimWorld Royalty	apparel	Apparel_CrownStellic	stellic crown	assigned	Whitespring Enclave fallback; Whitespring officers	FIPA_Pool_EnclaveFallback,FIPA_Pool_EnclaveOfficer		Royal,RoyalTier7		D:\Steam\steamapps\common\RimWorld\Data\Royalty\Defs\ThingDefs_Misc\Apparel_Royal.xml
Vanilla	Ludeon.RimWorld.Royalty	RimWorld Royalty	apparel	Apparel_EltexSkullcap	eltex skullcap	assigned	Mothman and Wendigo cults	FIPA_Pool_Cult		Psychic		D:\Steam\steamapps\common\RimWorld\Data\Royalty\Defs\ThingDefs_Misc\Apparel_Psychic.xml
Vanilla	Ludeon.RimWorld.Royalty	RimWorld Royalty	apparel	Apparel_Gunlink	gunlink	assigned	US Army-equipped forces; Whitespring Enclave fallback; controlled and crazed vaults; raider fighters; settlement guards	FIPA_Pool_EnclaveFallback,FIPA_Pool_Raider,FIPA_Pool_SettlerGuard,FIPA_Pool_USArmy,FIPA_Pool_VaultHighTech		Gunlink		D:\Steam\steamapps\common\RimWorld\Data\Royalty\Defs\ThingDefs_Misc\Apparel_Various.xml
Vanilla	Ludeon.RimWorld.Royalty	RimWorld Royalty	apparel	Apparel_HatLadies	ladies hat	assigned	generic wastelanders; raiders; settlements	FIPA_Pool_Raider,FIPA_Pool_Settler,FIPA_Pool_WastelanderGeneric		Royal,RoyalTier2		D:\Steam\steamapps\common\RimWorld\Data\Royalty\Defs\ThingDefs_Misc\Apparel_Royal.xml
Vanilla	Ludeon.RimWorld.Royalty	RimWorld Royalty	apparel	Apparel_HatTop	top hat	assigned	generic wastelanders; raiders; settlements	FIPA_Pool_Raider,FIPA_Pool_Settler,FIPA_Pool_WastelanderGeneric		Royal,RoyalTier2		D:\Steam\steamapps\common\RimWorld\Data\Royalty\Defs\ThingDefs_Misc\Apparel_Royal.xml
Vanilla	Ludeon.RimWorld.Royalty	RimWorld Royalty	apparel	Apparel_PackBroadshield	low-shield pack	assigned	US Army-equipped forces; Whitespring Enclave fallback; controlled and crazed vaults; raider fighters; settlement guards	FIPA_Pool_EnclaveFallback,FIPA_Pool_Raider,FIPA_Pool_SettlerGuard,FIPA_Pool_USArmy,FIPA_Pool_VaultHighTech		BeltDefensePop		D:\Steam\steamapps\common\RimWorld\Data\Royalty\Defs\ThingDefs_Misc\Apparel_Packs.xml
Vanilla	Ludeon.RimWorld.Royalty	RimWorld Royalty	apparel	Apparel_PackJump	jump pack	assigned	US Army-equipped forces; Whitespring Enclave fallback; controlled and crazed vaults; raider fighters; settlement guards	FIPA_Pool_EnclaveFallback,FIPA_Pool_Raider,FIPA_Pool_SettlerGuard,FIPA_Pool_USArmy,FIPA_Pool_VaultHighTech		PackJump		D:\Steam\steamapps\common\RimWorld\Data\Royalty\Defs\ThingDefs_Misc\Apparel_Packs.xml
Vanilla	Ludeon.RimWorld.Royalty	RimWorld Royalty	apparel	Apparel_PsyfocusHelmet	eltex helmet	assigned	Mothman and Wendigo cults	FIPA_Pool_Cult		Psychic		D:\Steam\steamapps\common\RimWorld\Data\Royalty\Defs\ThingDefs_Misc\Apparel_Psychic.xml
Vanilla	Ludeon.RimWorld.Royalty	RimWorld Royalty	apparel	Apparel_PsyfocusRobe	eltex robe	assigned	Mothman and Wendigo cults	FIPA_Pool_Cult		Psychic		D:\Steam\steamapps\common\RimWorld\Data\Royalty\Defs\ThingDefs_Misc\Apparel_Psychic.xml
Vanilla	Ludeon.RimWorld.Royalty	RimWorld Royalty	apparel	Apparel_PsyfocusShirt	eltex shirt	assigned	Mothman and Wendigo cults	FIPA_Pool_Cult		Psychic		D:\Steam\steamapps\common\RimWorld\Data\Royalty\Defs\ThingDefs_Misc\Apparel_Psychic.xml
Vanilla	Ludeon.RimWorld.Royalty	RimWorld Royalty	apparel	Apparel_PsyfocusVest	eltex vest	assigned	Mothman and Wendigo cults	FIPA_Pool_Cult		Psychic		D:\Steam\steamapps\common\RimWorld\Data\Royalty\Defs\ThingDefs_Misc\Apparel_Psychic.xml
Vanilla	Ludeon.RimWorld.Royalty	RimWorld Royalty	apparel	Apparel_RobeRoyal	prestige robe	assigned	Whitespring Enclave fallback; Whitespring officers	FIPA_Pool_EnclaveFallback,FIPA_Pool_EnclaveOfficer		Royal,RoyalRobe,RoyalTier6		D:\Steam\steamapps\common\RimWorld\Data\Royalty\Defs\ThingDefs_Misc\Apparel_Royal.xml
Vanilla	Ludeon.RimWorld.Royalty	RimWorld Royalty	apparel	Apparel_ShirtRuffle	formal shirt	assigned	generic wastelanders; raiders; settlements	FIPA_Pool_Raider,FIPA_Pool_Settler,FIPA_Pool_WastelanderGeneric		Royal,RoyalTier2		D:\Steam\steamapps\common\RimWorld\Data\Royalty\Defs\ThingDefs_Misc\Apparel_Royal.xml
Vanilla	Ludeon.RimWorld.Royalty	RimWorld Royalty	apparel	Apparel_VestRoyal	formal vest	assigned	generic wastelanders; raiders; settlements	FIPA_Pool_Raider,FIPA_Pool_Settler,FIPA_Pool_WastelanderGeneric		Royal,RoyalTier5		D:\Steam\steamapps\common\RimWorld\Data\Royalty\Defs\ThingDefs_Misc\Apparel_Royal.xml
Vanilla	Ludeon.RimWorld.Royalty	RimWorld Royalty	apparel	OrbitalTargeterMechCluster	orbital mech cluster targeter	utility_not_pawn_gear					Targeter, lance, or one-use utility; not random clothing.	D:\Steam\steamapps\common\RimWorld\Data\Royalty\Defs\ThingDefs_Misc\Weapons\OrbitalWeapons.xml
Vanilla	Ludeon.RimWorld.Royalty	RimWorld Royalty	weapon	MeleeWeapon_Axe	axe	assigned	Mothman and Wendigo cults; Numen; S'Lanters; all regional raiders; caravan companies; escaped slaves and beggars; generic wastelanders; ghoul settlements; raiders; regional tribes; settlements	FIPW_Pool_Caravan,FIPW_Pool_CultPrimitive,FIPW_Pool_Ghoul,FIPW_Pool_Numen,FIPW_Pool_Raider,FIPW_Pool_RegionalRaider,FIPW_Pool_Settler,FIPW_Pool_Slanter,FIPW_Pool_SlaveLowTech,FIPW_Pool_Tribal,FIPW_Pool_Wastelander,FIPW_Role_Melee,FIPW_T0_Improvised	Axe,MedievalMeleeDecent			D:\Steam\steamapps\common\RimWorld\Data\Royalty\Defs\ThingDefs_Misc\Weapons\MeleeMedieval.xml
Vanilla	Ludeon.RimWorld.Royalty	RimWorld Royalty	weapon	MeleeWeapon_MonoSword	monosword	assigned	Circle of Steel; Whitespring Enclave; controlled and crazed vaults	FIPW_Pool_CircleOfSteel,FIPW_Pool_Enclave,FIPW_Pool_VaultHighTech,FIPW_Role_Melee,FIPW_T4_Elite	UltratechMelee			D:\Steam\steamapps\common\RimWorld\Data\Royalty\Defs\ThingDefs_Misc\Weapons\MeleeUltratech.xml
Vanilla	Ludeon.RimWorld.Royalty	RimWorld Royalty	weapon	MeleeWeapon_MonoSwordBladelink	persona monosword	unique_or_quest_only		FIPW_Role_Melee,FIPW_Unique	Bladelink		Unique/persona weapon; not suitable for random faction generation.	D:\Steam\steamapps\common\RimWorld\Data\Royalty\Defs\ThingDefs_Misc\Weapons\MeleeBladelink.xml
Vanilla	Ludeon.RimWorld.Royalty	RimWorld Royalty	weapon	MeleeWeapon_PlasmaSword	plasmasword	assigned	Circle of Steel; Whitespring Enclave; controlled and crazed vaults	FIPW_Pool_CircleOfSteel,FIPW_Pool_Enclave,FIPW_Pool_VaultHighTech,FIPW_Role_Plasma,FIPW_T4_Elite	UltratechMelee			D:\Steam\steamapps\common\RimWorld\Data\Royalty\Defs\ThingDefs_Misc\Weapons\MeleeUltratech.xml
Vanilla	Ludeon.RimWorld.Royalty	RimWorld Royalty	weapon	MeleeWeapon_PlasmaSwordBladelink	persona plasmasword	unique_or_quest_only		FIPW_Role_Plasma,FIPW_Unique	Bladelink		Unique/persona weapon; not suitable for random faction generation.	D:\Steam\steamapps\common\RimWorld\Data\Royalty\Defs\ThingDefs_Misc\Weapons\MeleeBladelink.xml
Vanilla	Ludeon.RimWorld.Royalty	RimWorld Royalty	weapon	MeleeWeapon_PsyfocusStaff	eltex staff	assigned	Mothman and Wendigo cults	FIPW_Pool_CultPrimitive,FIPW_Role_Melee,FIPW_T2_Service	EltexStaff			D:\Steam\steamapps\common\RimWorld\Data\Royalty\Defs\ThingDefs_Misc\Weapons\PsychicWeapons.xml
Vanilla	Ludeon.RimWorld.Royalty	RimWorld Royalty	weapon	MeleeWeapon_Warhammer	warhammer	assigned	Mothman and Wendigo cults; Numen; S'Lanters; all regional raiders; caravan companies; escaped slaves and beggars; generic wastelanders; ghoul settlements; raiders; regional tribes; settlements	FIPW_Pool_Caravan,FIPW_Pool_CultPrimitive,FIPW_Pool_Ghoul,FIPW_Pool_Numen,FIPW_Pool_Raider,FIPW_Pool_RegionalRaider,FIPW_Pool_Settler,FIPW_Pool_Slanter,FIPW_Pool_SlaveLowTech,FIPW_Pool_Tribal,FIPW_Pool_Wastelander,FIPW_Role_Melee,FIPW_T0_Improvised	MedievalMeleeDecent			D:\Steam\steamapps\common\RimWorld\Data\Royalty\Defs\ThingDefs_Misc\Weapons\MeleeMedieval.xml
Vanilla	Ludeon.RimWorld.Royalty	RimWorld Royalty	weapon	MeleeWeapon_Zeushammer	zeushammer	assigned	Circle of Steel; Whitespring Enclave; controlled and crazed vaults	FIPW_Pool_CircleOfSteel,FIPW_Pool_Enclave,FIPW_Pool_VaultHighTech,FIPW_Role_Melee,FIPW_T4_Elite	UltratechMelee			D:\Steam\steamapps\common\RimWorld\Data\Royalty\Defs\ThingDefs_Misc\Weapons\MeleeUltratech.xml
Vanilla	Ludeon.RimWorld.Royalty	RimWorld Royalty	weapon	MeleeWeapon_ZeusHammerBladelink	persona zeushammer	unique_or_quest_only		FIPW_Role_Melee,FIPW_Unique	Bladelink		Unique/persona weapon; not suitable for random faction generation.	D:\Steam\steamapps\common\RimWorld\Data\Royalty\Defs\ThingDefs_Misc\Weapons\MeleeBladelink.xml
Vanilla Expanded	OskarPotocki.VanillaFactionsExpanded.SettlersModule	Vanilla Factions Expanded - Settlers	apparel	Apparel_GreatDress	great dress	assigned	generic wastelanders; raiders; settlements	FIPA_Pool_Raider,FIPA_Pool_Settler,FIPA_Pool_WastelanderGeneric		IndustrialAdvanced,Outlander		D:\Steam\steamapps\workshop\content\294100\2052918119\1.6\Defs\ThingDefs_Misc\Apparel_Various.xml
Vanilla Expanded	OskarPotocki.VanillaFactionsExpanded.SettlersModule	Vanilla Factions Expanded - Settlers	apparel	Apparel_Vest	vest	assigned	generic wastelanders; raiders; settlements	FIPA_Pool_Raider,FIPA_Pool_Settler,FIPA_Pool_WastelanderGeneric		Outlander		D:\Steam\steamapps\workshop\content\294100\2052918119\1.6\Defs\ThingDefs_Misc\Apparel_Various.xml
Vanilla Expanded	OskarPotocki.VanillaFactionsExpanded.SettlersModule	Vanilla Factions Expanded - Settlers	apparel	VFES_Headgear_Bandana	bandana	assigned	generic wastelanders; raiders; settlements	FIPA_Pool_Raider,FIPA_Pool_Settler,FIPA_Pool_WastelanderGeneric		Outlander		D:\Steam\steamapps\workshop\content\294100\2052918119\1.6\Defs\ThingDefs_Misc\Apparel_Headgear.xml
Vanilla Expanded	OskarPotocki.VanillaFactionsExpanded.SettlersModule	Vanilla Factions Expanded - Settlers	apparel	VFES_Headgear_FlatCap	flat cap	assigned	generic wastelanders; raiders; settlements	FIPA_Pool_Raider,FIPA_Pool_Settler,FIPA_Pool_WastelanderGeneric		IndustrialBasic		D:\Steam\steamapps\workshop\content\294100\2052918119\1.6\Defs\ThingDefs_Misc\Apparel_Headgear.xml
Vanilla Expanded	OskarPotocki.VanillaFactionsExpanded.SettlersModule	Vanilla Factions Expanded - Settlers	apparel	VFES_Headgear_Sombrero	sombrero	assigned	generic wastelanders; raiders; settlements	FIPA_Pool_Raider,FIPA_Pool_Settler,FIPA_Pool_WastelanderGeneric		Outlander		D:\Steam\steamapps\workshop\content\294100\2052918119\1.6\Defs\ThingDefs_Misc\Apparel_Headgear.xml
Vanilla Expanded	OskarPotocki.VanillaFactionsExpanded.SettlersModule	Vanilla Factions Expanded - Settlers	weapon	Gun_GatlingGun	gatling gun	internal_not_trade_item			TurretGun		Internal turret, artillery, mechanoid, or destroy-on-drop weapon.	D:\Steam\steamapps\workshop\content\294100\2052918119\1.6\Defs\ThingDefs_Buildings\TurretGatlingGun.xml
Vanilla Expanded	OskarPotocki.VanillaFactionsExpanded.SettlersModule	Vanilla Factions Expanded - Settlers	weapon	VFES_Gun_DoubleActionRevolver	double-action revolver	assigned	Nova Arizona frontier; Nuevo Texico frontier; caravan companies; escaped slaves and beggars; generic wastelanders; ghoul settlements; raiders; settlements	FIPW_Pool_ArizonaCowboy,FIPW_Pool_Caravan,FIPW_Pool_Ghoul,FIPW_Pool_NuevoTexicoFrontier,FIPW_Pool_Raider,FIPW_Pool_Settler,FIPW_Pool_SlaveLowTech,FIPW_Pool_Wastelander,FIPW_Role_Sidearm,FIPW_T1_Wasteland	Gun,Revolver,SimpleGun			D:\Steam\steamapps\workshop\content\294100\2052918119\1.6\Defs\ThingDefs_Misc\Weapons\RangedIndustrial.xml
Vanilla Expanded	OskarPotocki.VanillaFactionsExpanded.SettlersModule	Vanilla Factions Expanded - Settlers	weapon	VFES_Gun_DoubleBarreledShotgun	double-barreled shotgun	assigned	caravan companies; escaped slaves and beggars; generic wastelanders; ghoul settlements; raiders; settlements	FIPW_Pool_Caravan,FIPW_Pool_Ghoul,FIPW_Pool_Raider,FIPW_Pool_Settler,FIPW_Pool_SlaveLowTech,FIPW_Pool_Wastelander,FIPW_Role_Shotgun,FIPW_T1_Wasteland	Gun,SimpleGun			D:\Steam\steamapps\workshop\content\294100\2052918119\1.6\Defs\ThingDefs_Misc\Weapons\RangedIndustrial.xml
Vanilla Expanded	OskarPotocki.VanillaFactionsExpanded.SettlersModule	Vanilla Factions Expanded - Settlers	weapon	VFES_Gun_HuntingRifle	hunting rifle	assigned	Nova Arizona frontier; Nuevo Texico frontier; caravan companies; escaped slaves and beggars; generic wastelanders; ghoul settlements; raiders; settlements	FIPW_Pool_ArizonaCowboy,FIPW_Pool_Caravan,FIPW_Pool_Ghoul,FIPW_Pool_NuevoTexicoFrontier,FIPW_Pool_Raider,FIPW_Pool_Settler,FIPW_Pool_SlaveLowTech,FIPW_Pool_Wastelander,FIPW_Role_Rifle,FIPW_T1_Wasteland	Gun,SimpleGun			D:\Steam\steamapps\workshop\content\294100\2052918119\1.6\Defs\ThingDefs_Misc\Weapons\RangedIndustrial.xml
Vanilla Expanded	OskarPotocki.VanillaFactionsExpanded.SettlersModule	Vanilla Factions Expanded - Settlers	weapon	VFES_Tomahawk	tomahawk	assigned	Mothman and Wendigo cults; Numen; S'Lanters; all regional raiders; caravan companies; escaped slaves and beggars; generic wastelanders; ghoul settlements; raiders; regional tribes; settlements	FIPW_Pool_Caravan,FIPW_Pool_CultPrimitive,FIPW_Pool_Ghoul,FIPW_Pool_Numen,FIPW_Pool_Raider,FIPW_Pool_RegionalRaider,FIPW_Pool_Settler,FIPW_Pool_Slanter,FIPW_Pool_SlaveLowTech,FIPW_Pool_Tribal,FIPW_Pool_Wastelander,FIPW_Role_Other,FIPW_T0_Improvised	Neolithic,NeolithicRangedBasic			D:\Steam\steamapps\workshop\content\294100\2052918119\1.6\Defs\ThingDefs_Misc\Weapons\RangedMedieval.xml
Vanilla Expanded	OskarPotocki.VanillaFactionsExpanded.SettlersModule	Vanilla Factions Expanded - Settlers	weapon	VFES_Weapon_GrenadeDynamite	dynamite	assigned	caravan companies; escaped slaves and beggars; generic wastelanders; ghoul settlements; raiders; settlements	FIPW_Pool_Caravan,FIPW_Pool_Ghoul,FIPW_Pool_Raider,FIPW_Pool_Settler,FIPW_Pool_SlaveLowTech,FIPW_Pool_Wastelander,FIPW_Role_Other,FIPW_T1_Wasteland	GrenadeDestructive			D:\Steam\steamapps\workshop\content\294100\2052918119\1.6\Defs\ThingDefs_Misc\Weapons\RangedIndustrialGrenades.xml
Vanilla Expanded	OskarPotocki.VFE.Deserters	Vanilla Factions Expanded - Deserters	apparel	VFED_Apparel_BombPack	bomb pack	assigned	Circle of Steel	FIPA_Pool_CircleOfSteel		BeltExplosive		D:\Steam\steamapps\workshop\content\294100\3025493377\1.6\Defs\ThingDefs_Misc\Apparel_Belts.xml
Vanilla Expanded	OskarPotocki.VFE.Deserters	Vanilla Factions Expanded - Deserters	apparel	VFED_Apparel_InvisibilityEngulfer	invisibility engulfer	assigned	Circle of Steel	FIPA_Pool_CircleOfSteel		BeltInvisibility		D:\Steam\steamapps\workshop\content\294100\3025493377\1.6\Defs\ThingDefs_Misc\Apparel_Belts.xml
Vanilla Expanded	OskarPotocki.VFE.Deserters	Vanilla Factions Expanded - Deserters	apparel	VFED_DeserterDeclassifier	deserter declassifier	utility_not_pawn_gear					Targeter, lance, or one-use utility; not random clothing.	D:\Steam\steamapps\workshop\content\294100\3025493377\1.6\Defs\ThingDefs_Misc\Apparel_Belts.xml
Vanilla Expanded	OskarPotocki.VFE.Deserters	Vanilla Factions Expanded - Deserters	weapon	VFED_Gun_ChargeCycler	charge cycler	assigned	Circle of Steel; Whitespring Enclave; controlled and crazed vaults	FIPW_Pool_CircleOfSteel,FIPW_Pool_Enclave,FIPW_Pool_VaultHighTech,FIPW_Role_Laser,FIPW_T4_Elite	Gun,SpacerGun			D:\Steam\steamapps\workshop\content\294100\3025493377\1.6\Defs\ThingDefs_Misc\RangedSpacer.xml
Vanilla Expanded	OskarPotocki.VFE.Deserters	Vanilla Factions Expanded - Deserters	weapon	VFED_Gun_Fletchling	fletchling	assigned	Circle of Steel; Whitespring Enclave; controlled and crazed vaults	FIPW_Pool_CircleOfSteel,FIPW_Pool_Enclave,FIPW_Pool_VaultHighTech,FIPW_Role_Laser,FIPW_T4_Elite	VFEE_Fletchling			D:\Steam\steamapps\workshop\content\294100\3025493377\1.6\Defs\ThingDefs_Misc\RangedSpacer.xml
Vanilla Expanded	OskarPotocki.VFE.Deserters	Vanilla Factions Expanded - Deserters	weapon	VFED_Gun_Kontarion	kontarion cannon	internal_not_trade_item			TurretGun		Internal turret, artillery, mechanoid, or destroy-on-drop weapon.	D:\Steam\steamapps\workshop\content\294100\3025493377\1.6\Defs\ThingDefs_Buildings\Buildings_Security_Turrets.xml
Vanilla Expanded	OskarPotocki.VFE.Deserters	Vanilla Factions Expanded - Deserters	weapon	VFED_Gun_Onager	onager cannon	internal_not_trade_item			TurretGun		Internal turret, artillery, mechanoid, or destroy-on-drop weapon.	D:\Steam\steamapps\workshop\content\294100\3025493377\1.6\Defs\ThingDefs_Buildings\Buildings_Security_Turrets.xml
Vanilla Expanded	OskarPotocki.VFE.Deserters	Vanilla Factions Expanded - Deserters	weapon	VFED_Gun_Palintone	palintone cannon	internal_not_trade_item			TurretGun		Internal turret, artillery, mechanoid, or destroy-on-drop weapon.	D:\Steam\steamapps\workshop\content\294100\3025493377\1.6\Defs\ThingDefs_Buildings\Buildings_Security_Turrets.xml
Vanilla Expanded	OskarPotocki.VFE.Empire	Vanilla Factions Expanded - Empire	apparel	VFE_Apparel_StellicRobe	stellic robe	assigned	Whitespring Enclave fallback	FIPA_Pool_EnclaveFallback		Royal,RoyalTier6,RoyalTier7,StellicRobe		D:\Steam\steamapps\workshop\content\294100\2938820380\1.6\Defs\ThingDefs_Misc\Apparel_Royal.xml
Vanilla Expanded	OskarPotocki.VFE.Empire	Vanilla Factions Expanded - Empire	apparel	VFEE_Apparel_AbsolverHelmet	absolver helmet	assigned	Whitespring Enclave fallback	FIPA_Pool_EnclaveFallback		VFEE_Absolver		D:\Steam\steamapps\workshop\content\294100\2938820380\1.6\Defs\ThingDefs_Misc\Apparel_Headgear.xml
Vanilla Expanded	OskarPotocki.VFE.Empire	Vanilla Factions Expanded - Empire	apparel	VFEE_Apparel_ArmorAbsolver	absolver armor	assigned	Whitespring Enclave fallback	FIPA_Pool_EnclaveFallback		VFEE_Absolver		D:\Steam\steamapps\workshop\content\294100\2938820380\1.6\Defs\ThingDefs_Misc\Apparel_Various.xml
Vanilla Expanded	OskarPotocki.VFE.Empire	Vanilla Factions Expanded - Empire	apparel	VFEE_Apparel_ArmorDeserter	deserter armor	assigned	Circle of Steel	FIPA_Pool_CircleOfSteel		VFEE_Deserter		D:\Steam\steamapps\workshop\content\294100\2938820380\1.6\Defs\ThingDefs_Misc\Apparel_Various.xml
Vanilla Expanded	OskarPotocki.VFE.Empire	Vanilla Factions Expanded - Empire	apparel	VFEE_Apparel_DeserterHelmet	deserter helmet	assigned	Circle of Steel	FIPA_Pool_CircleOfSteel		VFEE_Deserter		D:\Steam\steamapps\workshop\content\294100\2938820380\1.6\Defs\ThingDefs_Misc\Apparel_Headgear.xml
Vanilla Expanded	OskarPotocki.VFE.Empire	Vanilla Factions Expanded - Empire	apparel	VFEE_Apparel_JanissaryCuirass	janissary cuirass	assigned	Whitespring Enclave fallback	FIPA_Pool_EnclaveFallback		VFEE_Janissary		D:\Steam\steamapps\workshop\content\294100\2938820380\1.6\Defs\ThingDefs_Misc\Apparel_Various.xml
Vanilla Expanded	OskarPotocki.VFE.Empire	Vanilla Factions Expanded - Empire	apparel	VFEE_Apparel_JanissaryHelmet	janissary helmet	assigned	Whitespring Enclave fallback	FIPA_Pool_EnclaveFallback		VFEE_Janissary		D:\Steam\steamapps\workshop\content\294100\2938820380\1.6\Defs\ThingDefs_Misc\Apparel_Headgear.xml
Vanilla Expanded	OskarPotocki.VFE.Empire	Vanilla Factions Expanded - Empire	apparel	VFEE_Apparel_TechfriarCrown	techfriar crown	assigned	Whitespring scientists	FIPA_Pool_EnclaveScientist		VFEE_Techfriar		D:\Steam\steamapps\workshop\content\294100\2938820380\1.6\Defs\ThingDefs_Misc\Apparel_Headgear.xml
Vanilla Expanded	OskarPotocki.VFE.Empire	Vanilla Factions Expanded - Empire	weapon	VEE_Gun_Fletcher	fletcher	assigned	Circle of Steel; Whitespring Enclave; controlled and crazed vaults	FIPW_Pool_CircleOfSteel,FIPW_Pool_Enclave,FIPW_Pool_VaultHighTech,FIPW_Role_Laser,FIPW_T4_Elite	VFEE_Absolver			D:\Steam\steamapps\workshop\content\294100\2938820380\1.6\Defs\ThingDefs_Misc\Weapons\RangedSpacer.xml
Vanilla Expanded	OskarPotocki.VFE.Empire	Vanilla Factions Expanded - Empire	weapon	VFEE_Gun_ChargeThumper	charge thumper	assigned	Circle of Steel; Whitespring Enclave; controlled and crazed vaults	FIPW_Pool_CircleOfSteel,FIPW_Pool_Enclave,FIPW_Pool_VaultHighTech,FIPW_Role_Laser,FIPW_T4_Elite	Gun,VFEE_SpacerGunBreach			D:\Steam\steamapps\workshop\content\294100\2938820380\1.6\Defs\ThingDefs_Misc\Weapons\RangedSpacer.xml
Vanilla Expanded	OskarPotocki.VFE.Empire	Vanilla Factions Expanded - Empire	weapon	VFEE_Gun_StrikerTurret	striker gun	internal_not_trade_item			TurretGun		Internal turret, artillery, mechanoid, or destroy-on-drop weapon.	D:\Steam\steamapps\workshop\content\294100\2938820380\1.6\Defs\ThingDefs_Buildings\Buildings_Security_Turrets.xml
Vanilla Expanded	OskarPotocki.VFE.Empire	Vanilla Factions Expanded - Empire	weapon	VFEE_MeleeWeapon_Toxblade	toxblade	assigned	Circle of Steel; Whitespring Enclave; controlled and crazed vaults	FIPW_Pool_CircleOfSteel,FIPW_Pool_Enclave,FIPW_Pool_VaultHighTech,FIPW_Role_Melee,FIPW_T4_Elite	UltratechMelee			D:\Steam\steamapps\workshop\content\294100\2938820380\1.6\Defs\ThingDefs_Misc\Weapons\MeleeUltratech.xml
Vanilla Expanded	OskarPotocki.VFE.Empire	Vanilla Factions Expanded - Empire	weapon	VFEE_MeleeWeapon_ToxbladeBladelink	persona toxblade	unique_or_quest_only		FIPW_Role_Melee,FIPW_Unique	Bladelink		Unique/persona weapon; not suitable for random faction generation.	D:\Steam\steamapps\workshop\content\294100\2938820380\1.6\Defs\ThingDefs_Misc\Weapons\MeleeBladelink.xml
Vanilla Expanded	OskarPotocki.VFE.Empire	Vanilla Factions Expanded - Empire	weapon	VFEI_TurretArmoredShuttle	double autocannon	internal_not_trade_item			TurretGun		Internal turret, artillery, mechanoid, or destroy-on-drop weapon.	D:\Steam\steamapps\workshop\content\294100\2938820380\1.6\Defs\ThingDefs_Buildings\Buildings_Exotic.xml
Vanilla Expanded	OskarPotocki.VFE.Medieval2	Vanilla Factions Expanded - Medieval 2	apparel	VFEM2_Apparel_Cap	cap	assigned	generic wastelanders; raiders; settlements	FIPA_Pool_Raider,FIPA_Pool_Settler,FIPA_Pool_WastelanderGeneric		VFEM2_Cap		D:\Steam\steamapps\workshop\content\294100\3444347874\1.6\Defs\ThingDefs_Misc\Apparel_Headgear.xml
Vanilla Expanded	OskarPotocki.VFE.Medieval2	Vanilla Factions Expanded - Medieval 2	apparel	VFEM2_Apparel_Chaperon	chaperon	unassigned_candidate				Aristocrat,VFEM2_Trader	Medieval/royal visual language has no retained Fallout faction; candidate for trader removal.	D:\Steam\steamapps\workshop\content\294100\3444347874\1.6\Defs\ThingDefs_Misc\Apparel_Headgear.xml
Vanilla Expanded	OskarPotocki.VFE.Medieval2	Vanilla Factions Expanded - Medieval 2	apparel	VFEM2_Apparel_DameDress	dame dress	unassigned_candidate				Aristocrat,Dame,MedievalApparelNoble	Medieval/royal visual language has no retained Fallout faction; candidate for trader removal.	D:\Steam\steamapps\workshop\content\294100\3444347874\1.6\Defs\ThingDefs_Misc\Apparel_Various.xml
Vanilla Expanded	OskarPotocki.VFE.Medieval2	Vanilla Factions Expanded - Medieval 2	apparel	VFEM2_Apparel_DameHat	dame hat	unassigned_candidate				Aristocrat,Dame,MedievalApparelNoble	Medieval/royal visual language has no retained Fallout faction; candidate for trader removal.	D:\Steam\steamapps\workshop\content\294100\3444347874\1.6\Defs\ThingDefs_Misc\Apparel_Headgear.xml
Vanilla Expanded	OskarPotocki.VFE.Medieval2	Vanilla Factions Expanded - Medieval 2	apparel	VFEM2_Apparel_HeavyLeatherArmor	heavy leather armor	assigned	Numen; raiders; regional tribes	FIPA_Pool_Numen,FIPA_Pool_Raider,FIPA_Pool_Tribal		Apparel_Viking,Apparel_VikingGuardian		D:\Steam\steamapps\workshop\content\294100\3444347874\1.6\Defs\ThingDefs_Misc\Apparel_Various.xml
Vanilla Expanded	OskarPotocki.VFE.Medieval2	Vanilla Factions Expanded - Medieval 2	apparel	VFEM2_Apparel_HeavyLeatherHelmet	heavy leather helmet	assigned	Numen; raiders; regional tribes	FIPA_Pool_Numen,FIPA_Pool_Raider,FIPA_Pool_Tribal		Apparel_VikingGuardian		D:\Steam\steamapps\workshop\content\294100\3444347874\1.6\Defs\ThingDefs_Misc\Apparel_Headgear.xml
Vanilla Expanded	OskarPotocki.VFE.Medieval2	Vanilla Factions Expanded - Medieval 2	apparel	VFEM2_Apparel_JesterHat	jester hat	unassigned_candidate				Jester	Medieval/royal visual language has no retained Fallout faction; candidate for trader removal.	D:\Steam\steamapps\workshop\content\294100\3444347874\1.6\Defs\ThingDefs_Misc\Apparel_Headgear.xml
Vanilla Expanded	OskarPotocki.VFE.Medieval2	Vanilla Factions Expanded - Medieval 2	apparel	VFEM2_Apparel_JesterOutfit	jester outfit	unassigned_candidate				Jester	Medieval/royal visual language has no retained Fallout faction; candidate for trader removal.	D:\Steam\steamapps\workshop\content\294100\3444347874\1.6\Defs\ThingDefs_Misc\Apparel_Various.xml
Vanilla Expanded	OskarPotocki.VFE.Medieval2	Vanilla Factions Expanded - Medieval 2	apparel	VFEM2_Apparel_KingsCrown	king's crown	unassigned_candidate				King,RoyalTier6	Medieval/royal visual language has no retained Fallout faction; candidate for trader removal.	D:\Steam\steamapps\workshop\content\294100\3444347874\1.6\Defs\ThingDefs_Misc\Apparel_Headgear.xml
Vanilla Expanded	OskarPotocki.VFE.Medieval2	Vanilla Factions Expanded - Medieval 2	apparel	VFEM2_Apparel_KingsRobes	king’s robes	unassigned_candidate				King,MedievalApparelNoble,RoyalTier6	Medieval/royal visual language has no retained Fallout faction; candidate for trader removal.	D:\Steam\steamapps\workshop\content\294100\3444347874\1.6\Defs\ThingDefs_Misc\Apparel_Various.xml
Vanilla Expanded	OskarPotocki.VFE.Medieval2	Vanilla Factions Expanded - Medieval 2	apparel	VFEM2_Apparel_LeatherArmor	leather armor	assigned	Numen; raiders; regional tribes	FIPA_Pool_Numen,FIPA_Pool_Raider,FIPA_Pool_Tribal		Apparel_VikingRavager		D:\Steam\steamapps\workshop\content\294100\3444347874\1.6\Defs\ThingDefs_Misc\Apparel_Various.xml
Vanilla Expanded	OskarPotocki.VFE.Medieval2	Vanilla Factions Expanded - Medieval 2	apparel	VFEM2_Apparel_LeatherHelmet	leather helmet	assigned	Numen; raiders; regional tribes	FIPA_Pool_Numen,FIPA_Pool_Raider,FIPA_Pool_Tribal		Apparel_VikingRavager		D:\Steam\steamapps\workshop\content\294100\3444347874\1.6\Defs\ThingDefs_Misc\Apparel_Headgear.xml
Vanilla Expanded	OskarPotocki.VFE.Medieval2	Vanilla Factions Expanded - Medieval 2	apparel	VFEM2_Apparel_Mantle	mantle	unassigned_candidate				MedievalWorker,VFEM2_Medieval	Remaining VFE Medieval apparel has no Fallout faction role.	D:\Steam\steamapps\workshop\content\294100\3444347874\1.6\Defs\ThingDefs_Misc\Apparel_Various.xml
Vanilla Expanded	OskarPotocki.VFE.Medieval2	Vanilla Factions Expanded - Medieval 2	apparel	VFEM2_Apparel_PaddedArmor	padded armor	unassigned_candidate				MedievalMilitary	Medieval/royal visual language has no retained Fallout faction; candidate for trader removal.	D:\Steam\steamapps\workshop\content\294100\3444347874\1.6\Defs\ThingDefs_Misc\Apparel_Various.xml
Vanilla Expanded	OskarPotocki.VFE.Medieval2	Vanilla Factions Expanded - Medieval 2	apparel	VFEM2_Apparel_PaddedHelmet	padded helmet	unassigned_candidate				MedievalLevy,MedievalMilitary	Medieval/royal visual language has no retained Fallout faction; candidate for trader removal.	D:\Steam\steamapps\workshop\content\294100\3444347874\1.6\Defs\ThingDefs_Misc\Apparel_Headgear.xml
Vanilla Expanded	OskarPotocki.VFE.Medieval2	Vanilla Factions Expanded - Medieval 2	apparel	VFEM2_Apparel_PlagueMask	plague mask	unassigned_candidate				MedievalApparelPlague	Medieval/royal visual language has no retained Fallout faction; candidate for trader removal.	D:\Steam\steamapps\workshop\content\294100\3444347874\1.6\Defs\ThingDefs_Misc\Apparel_Headgear.xml
Vanilla Expanded	OskarPotocki.VFE.Medieval2	Vanilla Factions Expanded - Medieval 2	apparel	VFEM2_Apparel_PlateArmorHeavy	heavy plate armor	unassigned_candidate				MedievalArmorElite	Medieval/royal visual language has no retained Fallout faction; candidate for trader removal.	D:\Steam\steamapps\workshop\content\294100\3444347874\1.6\Defs\ThingDefs_Misc\Apparel_Various.xml
Vanilla Expanded	OskarPotocki.VFE.Medieval2	Vanilla Factions Expanded - Medieval 2	apparel	VFEM2_Apparel_PlateHelmetHeavy	heavy plate helmet	unassigned_candidate				MedievalArmorElite	Medieval/royal visual language has no retained Fallout faction; candidate for trader removal.	D:\Steam\steamapps\workshop\content\294100\3444347874\1.6\Defs\ThingDefs_Misc\Apparel_Headgear.xml
Vanilla Expanded	OskarPotocki.VFE.Medieval2	Vanilla Factions Expanded - Medieval 2	apparel	VFEM2_Apparel_Tabard	tabard	unassigned_candidate				VFEM2_Tabard	Medieval/royal visual language has no retained Fallout faction; candidate for trader removal.	D:\Steam\steamapps\workshop\content\294100\3444347874\1.6\Defs\ThingDefs_Misc\Apparel_Various.xml
Vanilla Expanded	OskarPotocki.VFE.Medieval2	Vanilla Factions Expanded - Medieval 2	apparel	VFEM2_Apparel_TorchBelt	torch belt	assigned	raiders; regional tribes	FIPA_Pool_Raider,FIPA_Pool_Tribal		VFEM2_GrenadeDestructiveBelt		D:\Steam\steamapps\workshop\content\294100\3444347874\1.6\Defs\ThingDefs_Misc\Apparel_TorchPack.xml
Vanilla Expanded	OskarPotocki.VFE.Medieval2	Vanilla Factions Expanded - Medieval 2	weapon	VFEM2_Arbalest	arbalest	assigned	Mothman and Wendigo cults; Numen; S'Lanters; all regional raiders; caravan companies; escaped slaves and beggars; generic wastelanders; ghoul settlements; raiders; regional tribes; settlements	FIPW_Pool_Caravan,FIPW_Pool_CultPrimitive,FIPW_Pool_Ghoul,FIPW_Pool_Numen,FIPW_Pool_Raider,FIPW_Pool_RegionalRaider,FIPW_Pool_Settler,FIPW_Pool_Slanter,FIPW_Pool_SlaveLowTech,FIPW_Pool_Tribal,FIPW_Pool_Wastelander,FIPW_Role_Rifle,FIPW_T0_Improvised	Neolithic,VFEM2_Arbalest			D:\Steam\steamapps\workshop\content\294100\3444347874\1.6\Defs\ThingDefs_Misc\Weapons\RangedMedieval.xml
Vanilla Expanded	OskarPotocki.VFE.Medieval2	Vanilla Factions Expanded - Medieval 2	weapon	VFEM2_Gun_ArbalestTurret	arbalest	internal_not_trade_item			ArtilleryMedieval		Internal turret, artillery, mechanoid, or destroy-on-drop weapon.	D:\Steam\steamapps\workshop\content\294100\3444347874\1.6\Defs\ThingDefs_Buildings\Buildings_Security_Turrets.xml
Vanilla Expanded	OskarPotocki.VFE.Medieval2	Vanilla Factions Expanded - Medieval 2	weapon	VFEM2_Gun_Arquebus	arquebus	assigned	Nova Arizona frontier; Nuevo Texico frontier; caravan companies; escaped slaves and beggars; generic wastelanders; ghoul settlements; raiders; settlements	FIPW_Pool_ArizonaCowboy,FIPW_Pool_Caravan,FIPW_Pool_Ghoul,FIPW_Pool_NuevoTexicoFrontier,FIPW_Pool_Raider,FIPW_Pool_Settler,FIPW_Pool_SlaveLowTech,FIPW_Pool_Wastelander,FIPW_Role_Rifle,FIPW_T1_Wasteland	Gun,VFEM2_MedievalRangedChempowder			D:\Steam\steamapps\workshop\content\294100\3444347874\1.6\Defs\ThingDefs_Misc\Weapons\RangedMedieval.xml
Vanilla Expanded	OskarPotocki.VFE.Medieval2	Vanilla Factions Expanded - Medieval 2	weapon	VFEM2_Gun_ArquebusTurret	arquebus	internal_not_trade_item			ArtilleryMedieval		Internal turret, artillery, mechanoid, or destroy-on-drop weapon.	D:\Steam\steamapps\workshop\content\294100\3444347874\1.6\Defs\ThingDefs_Buildings\Buildings_Security_Turrets.xml
Vanilla Expanded	OskarPotocki.VFE.Medieval2	Vanilla Factions Expanded - Medieval 2	weapon	VFEM2_Gun_Flintlock	flintlock	assigned	Nova Arizona frontier; Nuevo Texico frontier; caravan companies; escaped slaves and beggars; generic wastelanders; ghoul settlements; raiders; settlements	FIPW_Pool_ArizonaCowboy,FIPW_Pool_Caravan,FIPW_Pool_Ghoul,FIPW_Pool_NuevoTexicoFrontier,FIPW_Pool_Raider,FIPW_Pool_Settler,FIPW_Pool_SlaveLowTech,FIPW_Pool_Wastelander,FIPW_Role_Other,FIPW_T1_Wasteland	Gun			D:\Steam\steamapps\workshop\content\294100\3444347874\1.6\Defs\ThingDefs_Misc\Weapons\RangedMedieval.xml
Vanilla Expanded	OskarPotocki.VFE.Medieval2	Vanilla Factions Expanded - Medieval 2	weapon	VFEM2_Gun_HandCannon	hand cannon	assigned	Nova Arizona frontier; Nuevo Texico frontier; caravan companies; escaped slaves and beggars; generic wastelanders; ghoul settlements; raiders; settlements	FIPW_Pool_ArizonaCowboy,FIPW_Pool_Caravan,FIPW_Pool_Ghoul,FIPW_Pool_NuevoTexicoFrontier,FIPW_Pool_Raider,FIPW_Pool_Settler,FIPW_Pool_SlaveLowTech,FIPW_Pool_Wastelander,FIPW_Role_Heavy,FIPW_T1_Wasteland	Gun,VFEM2_MedievalRangedChempowder			D:\Steam\steamapps\workshop\content\294100\3444347874\1.6\Defs\ThingDefs_Misc\Weapons\RangedMedieval.xml
Vanilla Expanded	OskarPotocki.VFE.Medieval2	Vanilla Factions Expanded - Medieval 2	weapon	VFEM2_Gun_Musket	musket	assigned	Nova Arizona frontier; Nuevo Texico frontier; caravan companies; escaped slaves and beggars; generic wastelanders; ghoul settlements; raiders; settlements	FIPW_Pool_ArizonaCowboy,FIPW_Pool_Caravan,FIPW_Pool_Ghoul,FIPW_Pool_NuevoTexicoFrontier,FIPW_Pool_Raider,FIPW_Pool_Settler,FIPW_Pool_SlaveLowTech,FIPW_Pool_Wastelander,FIPW_Role_Rifle,FIPW_T1_Wasteland	Gun			D:\Steam\steamapps\workshop\content\294100\3444347874\1.6\Defs\ThingDefs_Misc\Weapons\RangedMedieval.xml
Vanilla Expanded	OskarPotocki.VFE.Medieval2	Vanilla Factions Expanded - Medieval 2	weapon	VFEM2_MeleeWeapon_Claymore	claymore	assigned	Mothman and Wendigo cults; Numen; S'Lanters; all regional raiders; caravan companies; escaped slaves and beggars; generic wastelanders; ghoul settlements; raiders; regional tribes; settlements	FIPW_Pool_Caravan,FIPW_Pool_CultPrimitive,FIPW_Pool_Ghoul,FIPW_Pool_Numen,FIPW_Pool_Raider,FIPW_Pool_RegionalRaider,FIPW_Pool_Settler,FIPW_Pool_Slanter,FIPW_Pool_SlaveLowTech,FIPW_Pool_Tribal,FIPW_Pool_Wastelander,FIPW_Role_Melee,FIPW_T0_Improvised	MedievalMeleeAdvanced,VFEM2_Claymore			D:\Steam\steamapps\workshop\content\294100\3444347874\1.6\Defs\ThingDefs_Misc\Weapons\MeleeMedieval.xml
Vanilla Expanded	OskarPotocki.VFE.Medieval2	Vanilla Factions Expanded - Medieval 2	weapon	VFEM2_MeleeWeapon_DaneAxe	dane axe	assigned	Mothman and Wendigo cults; Numen; S'Lanters; all regional raiders; caravan companies; escaped slaves and beggars; generic wastelanders; ghoul settlements; raiders; regional tribes; settlements	FIPW_Pool_Caravan,FIPW_Pool_CultPrimitive,FIPW_Pool_Ghoul,FIPW_Pool_Numen,FIPW_Pool_Raider,FIPW_Pool_RegionalRaider,FIPW_Pool_Settler,FIPW_Pool_Slanter,FIPW_Pool_SlaveLowTech,FIPW_Pool_Tribal,FIPW_Pool_Wastelander,FIPW_Role_Melee,FIPW_T0_Improvised	VikingMeleeAdvanced			D:\Steam\steamapps\workshop\content\294100\3444347874\1.6\Defs\ThingDefs_Misc\Weapons\MeleeMedieval.xml
Vanilla Expanded	OskarPotocki.VFE.Medieval2	Vanilla Factions Expanded - Medieval 2	weapon	VFEM2_MeleeWeapon_Flail	flail	assigned	Mothman and Wendigo cults; Numen; S'Lanters; all regional raiders; caravan companies; escaped slaves and beggars; generic wastelanders; ghoul settlements; raiders; regional tribes; settlements	FIPW_Pool_Caravan,FIPW_Pool_CultPrimitive,FIPW_Pool_Ghoul,FIPW_Pool_Numen,FIPW_Pool_Raider,FIPW_Pool_RegionalRaider,FIPW_Pool_Settler,FIPW_Pool_Slanter,FIPW_Pool_SlaveLowTech,FIPW_Pool_Tribal,FIPW_Pool_Wastelander,FIPW_Role_Melee,FIPW_T0_Improvised	MedievalMeleeDecent			D:\Steam\steamapps\workshop\content\294100\3444347874\1.6\Defs\ThingDefs_Misc\Weapons\MeleeMedieval.xml
Vanilla Expanded	OskarPotocki.VFE.Medieval2	Vanilla Factions Expanded - Medieval 2	weapon	VFEM2_MeleeWeapon_Halberd	halberd	assigned	Mothman and Wendigo cults; Numen; S'Lanters; all regional raiders; caravan companies; escaped slaves and beggars; generic wastelanders; ghoul settlements; raiders; regional tribes; settlements	FIPW_Pool_Caravan,FIPW_Pool_CultPrimitive,FIPW_Pool_Ghoul,FIPW_Pool_Numen,FIPW_Pool_Raider,FIPW_Pool_RegionalRaider,FIPW_Pool_Settler,FIPW_Pool_Slanter,FIPW_Pool_SlaveLowTech,FIPW_Pool_Tribal,FIPW_Pool_Wastelander,FIPW_Role_Melee,FIPW_T0_Improvised	VFEM2_Halberd			D:\Steam\steamapps\workshop\content\294100\3444347874\1.6\Defs\ThingDefs_Misc\Weapons\MeleeMedieval.xml
Vanilla Expanded	OskarPotocki.VFE.Medieval2	Vanilla Factions Expanded - Medieval 2	weapon	VFEM2_MeleeWeapon_HeavyMace	heavy mace	assigned	Mothman and Wendigo cults; Numen; S'Lanters; all regional raiders; caravan companies; escaped slaves and beggars; generic wastelanders; ghoul settlements; raiders; regional tribes; settlements	FIPW_Pool_Caravan,FIPW_Pool_CultPrimitive,FIPW_Pool_Ghoul,FIPW_Pool_Numen,FIPW_Pool_Raider,FIPW_Pool_RegionalRaider,FIPW_Pool_Settler,FIPW_Pool_Slanter,FIPW_Pool_SlaveLowTech,FIPW_Pool_Tribal,FIPW_Pool_Wastelander,FIPW_Role_Heavy,FIPW_T0_Improvised	MedievalMeleeDecent			D:\Steam\steamapps\workshop\content\294100\3444347874\1.6\Defs\ThingDefs_Misc\Weapons\MeleeMedieval.xml
Vanilla Expanded	OskarPotocki.VFE.Medieval2	Vanilla Factions Expanded - Medieval 2	weapon	VFEM2_MeleeWeapon_Pike	pike	assigned	Mothman and Wendigo cults; Numen; S'Lanters; all regional raiders; caravan companies; escaped slaves and beggars; generic wastelanders; ghoul settlements; raiders; regional tribes; settlements	FIPW_Pool_Caravan,FIPW_Pool_CultPrimitive,FIPW_Pool_Ghoul,FIPW_Pool_Numen,FIPW_Pool_Raider,FIPW_Pool_RegionalRaider,FIPW_Pool_Settler,FIPW_Pool_Slanter,FIPW_Pool_SlaveLowTech,FIPW_Pool_Tribal,FIPW_Pool_Wastelander,FIPW_Role_Melee,FIPW_T0_Improvised	VFEM2_Pike			D:\Steam\steamapps\workshop\content\294100\3444347874\1.6\Defs\ThingDefs_Misc\Weapons\MeleeMedieval.xml
Vanilla Expanded	OskarPotocki.VFE.Medieval2	Vanilla Factions Expanded - Medieval 2	weapon	VFEM2_MeleeWeapon_Shortsword	shortsword	assigned	Mothman and Wendigo cults; Numen; S'Lanters; all regional raiders; caravan companies; escaped slaves and beggars; generic wastelanders; ghoul settlements; raiders; regional tribes; settlements	FIPW_Pool_Caravan,FIPW_Pool_CultPrimitive,FIPW_Pool_Ghoul,FIPW_Pool_Numen,FIPW_Pool_Raider,FIPW_Pool_RegionalRaider,FIPW_Pool_Settler,FIPW_Pool_Slanter,FIPW_Pool_SlaveLowTech,FIPW_Pool_Tribal,FIPW_Pool_Wastelander,FIPW_Role_Melee,FIPW_T0_Improvised	MedievalMeleeDecent			D:\Steam\steamapps\workshop\content\294100\3444347874\1.6\Defs\ThingDefs_Misc\Weapons\MeleeMedieval.xml
Vanilla Expanded	OskarPotocki.VFE.Medieval2	Vanilla Factions Expanded - Medieval 2	weapon	VFEM2_MeleeWeapon_Standard	heraldic standard	unassigned_candidate			VFEM2_Standard		Heraldic standard has no Fallout faction loadout role.	D:\Steam\steamapps\workshop\content\294100\3444347874\1.6\Defs\ThingDefs_Misc\Weapons\MeleeMedieval.xml
Vanilla Expanded	OskarPotocki.VFE.Medieval2	Vanilla Factions Expanded - Medieval 2	weapon	VFEM2_ThrowingAxe	throwing axe	assigned	Mothman and Wendigo cults; Numen; S'Lanters; all regional raiders; caravan companies; escaped slaves and beggars; generic wastelanders; ghoul settlements; raiders; regional tribes; settlements	FIPW_Pool_Caravan,FIPW_Pool_CultPrimitive,FIPW_Pool_Ghoul,FIPW_Pool_Numen,FIPW_Pool_Raider,FIPW_Pool_RegionalRaider,FIPW_Pool_Settler,FIPW_Pool_Slanter,FIPW_Pool_SlaveLowTech,FIPW_Pool_Tribal,FIPW_Pool_Wastelander,FIPW_Role_Melee,FIPW_T0_Improvised	Neolithic,VikingRangedBasic			D:\Steam\steamapps\workshop\content\294100\3444347874\1.6\Defs\ThingDefs_Misc\Weapons\RangedMedieval.xml
Vanilla Expanded	OskarPotocki.VFE.Medieval2	Vanilla Factions Expanded - Medieval 2	weapon	VFEM2_Warbow	warbow	assigned	Mothman and Wendigo cults; Numen; S'Lanters; all regional raiders; caravan companies; escaped slaves and beggars; generic wastelanders; ghoul settlements; raiders; regional tribes; settlements	FIPW_Pool_Caravan,FIPW_Pool_CultPrimitive,FIPW_Pool_Ghoul,FIPW_Pool_Numen,FIPW_Pool_Raider,FIPW_Pool_RegionalRaider,FIPW_Pool_Settler,FIPW_Pool_Slanter,FIPW_Pool_SlaveLowTech,FIPW_Pool_Tribal,FIPW_Pool_Wastelander,FIPW_Role_Rifle,FIPW_T0_Improvised	Neolithic,VFEM2_Warbow			D:\Steam\steamapps\workshop\content\294100\3444347874\1.6\Defs\ThingDefs_Misc\Weapons\RangedMedieval.xml
Vanilla Expanded	OskarPotocki.VFE.Medieval2	Vanilla Factions Expanded - Medieval 2	weapon+apparel	VFEM2_Shield_Heater	heater shield	utility_not_pawn_gear					Targeter, lance, or one-use utility; not random clothing.	D:\Steam\steamapps\workshop\content\294100\3444347874\1.6\Defs\ThingDefs_Misc\Shields.xml
Vanilla Expanded	OskarPotocki.VFE.Medieval2	Vanilla Factions Expanded - Medieval 2	weapon+apparel	VFEM2_Shield_Round	round shield	utility_not_pawn_gear					Targeter, lance, or one-use utility; not random clothing.	D:\Steam\steamapps\workshop\content\294100\3444347874\1.6\Defs\ThingDefs_Misc\Shields.xml
Vanilla Expanded	OskarPotocki.VFE.Tribals	Vanilla Factions Expanded - Tribals	apparel	VFET_Apparel_TribalHeavy	heavy tribalwear	assigned	Numen; S'Lanters; regional tribes	FIPA_Pool_Numen,FIPA_Pool_Slanter,FIPA_Pool_Tribal		Neolithic		D:\Steam\steamapps\workshop\content\294100\3079786283\1.6\Defs\ThingDefs_Misc\Apparel_Various.xml
Vanilla Expanded	OskarPotocki.VFE.Tribals	Vanilla Factions Expanded - Tribals	apparel	VFET_Apparel_TribalLight	light tribalwear	assigned	Numen; S'Lanters; regional tribes	FIPA_Pool_Numen,FIPA_Pool_Slanter,FIPA_Pool_Tribal		Neolithic		D:\Steam\steamapps\workshop\content\294100\3079786283\1.6\Defs\ThingDefs_Misc\Apparel_Various.xml
Vanilla Expanded	OskarPotocki.VFE.Tribals	Vanilla Factions Expanded - Tribals	apparel	VFET_Apparel_TribalWar	war tribalwear	assigned	Numen; S'Lanters; regional tribes	FIPA_Pool_Numen,FIPA_Pool_Slanter,FIPA_Pool_Tribal		Neolithic		D:\Steam\steamapps\workshop\content\294100\3079786283\1.6\Defs\ThingDefs_Misc\Apparel_Various.xml
Vanilla Expanded	OskarPotocki.VFE.Tribals	Vanilla Factions Expanded - Tribals	weapon	VFET_Chunk	chunk	assigned	Mothman and Wendigo cults; Numen; S'Lanters; all regional raiders; caravan companies; escaped slaves and beggars; generic wastelanders; ghoul settlements; raiders; regional tribes; settlements	FIPW_Pool_Caravan,FIPW_Pool_CultPrimitive,FIPW_Pool_Ghoul,FIPW_Pool_Numen,FIPW_Pool_Raider,FIPW_Pool_RegionalRaider,FIPW_Pool_Settler,FIPW_Pool_Slanter,FIPW_Pool_SlaveLowTech,FIPW_Pool_Tribal,FIPW_Pool_Wastelander,FIPW_Role_Melee,FIPW_T0_Improvised	NeolithicMeleeBasic			D:\Steam\steamapps\workshop\content\294100\3079786283\1.6\Defs\ThingDefs_Misc\Weapons\MeleeNeolithic.xml
Vanilla Expanded	OskarPotocki.VFE.Tribals	Vanilla Factions Expanded - Tribals	weapon	VFET_Stake	stake	assigned	Mothman and Wendigo cults; Numen; S'Lanters; all regional raiders; caravan companies; escaped slaves and beggars; generic wastelanders; ghoul settlements; raiders; regional tribes; settlements	FIPW_Pool_Caravan,FIPW_Pool_CultPrimitive,FIPW_Pool_Ghoul,FIPW_Pool_Numen,FIPW_Pool_Raider,FIPW_Pool_RegionalRaider,FIPW_Pool_Settler,FIPW_Pool_Slanter,FIPW_Pool_SlaveLowTech,FIPW_Pool_Tribal,FIPW_Pool_Wastelander,FIPW_Role_Melee,FIPW_T0_Improvised	NeolithicMeleeBasic			D:\Steam\steamapps\workshop\content\294100\3079786283\1.6\Defs\ThingDefs_Misc\Weapons\MeleeNeolithic.xml
Vanilla Expanded	OskarPotocki.VFE.Tribals	Vanilla Factions Expanded - Tribals	weapon	VFET_Throwspikes	throwspikes	assigned	Mothman and Wendigo cults; Numen; S'Lanters; all regional raiders; caravan companies; escaped slaves and beggars; generic wastelanders; ghoul settlements; raiders; regional tribes; settlements	FIPW_Pool_Caravan,FIPW_Pool_CultPrimitive,FIPW_Pool_Ghoul,FIPW_Pool_Numen,FIPW_Pool_Raider,FIPW_Pool_RegionalRaider,FIPW_Pool_Settler,FIPW_Pool_Slanter,FIPW_Pool_SlaveLowTech,FIPW_Pool_Tribal,FIPW_Pool_Wastelander,FIPW_Role_Heavy,FIPW_T0_Improvised	Neolithic,NeolithicRangedHeavy,NoRelic			D:\Steam\steamapps\workshop\content\294100\3079786283\1.6\Defs\ThingDefs_Misc\Weapons\RangedNeolithic.xml
Vanilla Expanded	vanillaexpanded.gravship	Vanilla Gravship Expanded - Chapter 1	apparel	VGE_Apparel_OxygenPack	oxygen pack	assigned	Whitespring Enclave; controlled and crazed vaults	FIPA_Pool_EnclaveTrooper,FIPA_Pool_VaultHighTech				D:\Steam\steamapps\workshop\content\294100\3609835606\1.6\Defs\ThingDefs_Misc\Apparel_Packs.xml
Vanilla Expanded	vanillaexpanded.gravship	Vanilla Gravship Expanded - Chapter 1	weapon	VGE_Gun_AnticraftCaster	anticraft caster	internal_not_trade_item			TurretGun		Internal turret, artillery, mechanoid, or destroy-on-drop weapon.	D:\Steam\steamapps\workshop\content\294100\3609835606\1.6\Defs\ThingDefs_Buildings\Buildings_Artillery.xml
Vanilla Expanded	vanillaexpanded.gravship	Vanilla Gravship Expanded - Chapter 1	weapon	VGE_Gun_GaussGun	gauss gun	internal_not_trade_item			TurretGun		Internal turret, artillery, mechanoid, or destroy-on-drop weapon.	D:\Steam\steamapps\workshop\content\294100\3609835606\1.6\Defs\ThingDefs_Buildings\Buildings_Artillery.xml
Vanilla Expanded	vanillaexpanded.gravship	Vanilla Gravship Expanded - Chapter 1	weapon	VGE_Gun_HeavyChargeAnnihilator	heavy charge annihilator	internal_not_trade_item			TurretGun		Internal turret, artillery, mechanoid, or destroy-on-drop weapon.	D:\Steam\steamapps\workshop\content\294100\3609835606\1.6\Defs\ThingDefs_Buildings\Buildings_MechStructures.xml
Vanilla Expanded	vanillaexpanded.gravship	Vanilla Gravship Expanded - Chapter 1	weapon	VGE_Gun_JavelinPod	javelin pod	internal_not_trade_item			TurretGun		Internal turret, artillery, mechanoid, or destroy-on-drop weapon.	D:\Steam\steamapps\workshop\content\294100\3609835606\1.6\Defs\ThingDefs_Buildings\Buildings_Artillery.xml
Vanilla Expanded	vanillaexpanded.gravship	Vanilla Gravship Expanded - Chapter 1	weapon	VGE_Gun_MassDriver	mass driver	internal_not_trade_item			TurretGun		Internal turret, artillery, mechanoid, or destroy-on-drop weapon.	D:\Steam\steamapps\workshop\content\294100\3609835606\1.6\Defs\ThingDefs_Buildings\Buildings_MechStructures.xml
Vanilla Expanded	vanillaexpanded.gravship	Vanilla Gravship Expanded - Chapter 1	weapon	VGE_Gun_PointDefense	point defense gun	internal_not_trade_item			TurretGun		Internal turret, artillery, mechanoid, or destroy-on-drop weapon.	D:\Steam\steamapps\workshop\content\294100\3609835606\1.6\Defs\ThingDefs_Buildings\Buildings_Artillery.xml
Vanilla Expanded	vanillaexpanded.gravship	Vanilla Gravship Expanded - Chapter 1	weapon	VGE_MassLance	mass lance	internal_not_trade_item			VGE_MassLance		Internal turret, artillery, mechanoid, or destroy-on-drop weapon.	D:\Steam\steamapps\workshop\content\294100\3609835606\1.6\Defs\ThingDefs_Misc\Weapons\RangedMechanoid.xml
Vanilla Expanded	vanillaexpanded.gravship	Vanilla Gravship Expanded - Chapter 1	weapon	VGE_RocketswarmPod	rocketswarm pod	internal_not_trade_item			VGE_RocketswarmPod		Internal turret, artillery, mechanoid, or destroy-on-drop weapon.	D:\Steam\steamapps\workshop\content\294100\3609835606\1.6\Defs\ThingDefs_Misc\Weapons\RangedMechanoid.xml
Vanilla Expanded	VanillaExpanded.VAEAccessories	Vanilla Apparel Expanded — Accessories	apparel	VAEA_Apparel_AmmoPack	ammo pack	assigned	generic wastelanders; raiders; settlements	FIPA_Pool_Raider,FIPA_Pool_Settler,FIPA_Pool_WastelanderGeneric		VAEA_AmmoPack,VAEA_Utility_Industrial		D:\Steam\steamapps\workshop\content\294100\2521176396\1.6\Defs\ThingDefs_Misc\Apparel_Utility.xml
Vanilla Expanded	VanillaExpanded.VAEAccessories	Vanilla Apparel Expanded — Accessories	apparel	VAEA_Apparel_Backpack	backpack	assigned	generic wastelanders; raiders; settlements	FIPA_Pool_Raider,FIPA_Pool_Settler,FIPA_Pool_WastelanderGeneric		VAEA_Utility_Industrial,VAEA_Utility_Neolithic		D:\Steam\steamapps\workshop\content\294100\2521176396\1.6\Defs\ThingDefs_Misc\Apparel_Utility.xml
Vanilla Expanded	VanillaExpanded.VAEAccessories	Vanilla Apparel Expanded — Accessories	apparel	VAEA_Apparel_BattleBanner	battle banner	assigned	Numen; regional tribes	FIPA_Pool_Numen,FIPA_Pool_Tribal		MedievalMilitary,VAEA_Utility_Industrial,VAEA_Utility_Neolithic		D:\Steam\steamapps\workshop\content\294100\2521176396\1.6\Defs\ThingDefs_Misc\Apparel_Utility.xml
Vanilla Expanded	VanillaExpanded.VAEAccessories	Vanilla Apparel Expanded — Accessories	apparel	VAEA_Apparel_ExplosiveBelt	explosive belt	assigned	generic wastelanders; raiders; settlements	FIPA_Pool_Raider,FIPA_Pool_Settler,FIPA_Pool_WastelanderGeneric		IndustrialMilitaryBasic,VAEA_Utility_Industrial		D:\Steam\steamapps\workshop\content\294100\2521176396\1.6\Defs\ThingDefs_Misc\Apparel_Utility.xml
Vanilla Expanded	VanillaExpanded.VAEAccessories	Vanilla Apparel Expanded — Accessories	apparel	VAEA_Apparel_MedicBag	medic bag	assigned	generic wastelanders; raiders; settlements	FIPA_Pool_Raider,FIPA_Pool_Settler,FIPA_Pool_WastelanderGeneric		VAEA_Utility_Industrial		D:\Steam\steamapps\workshop\content\294100\2521176396\1.6\Defs\ThingDefs_Misc\Apparel_Utility.xml
Vanilla Expanded	VanillaExpanded.VAEAccessories	Vanilla Apparel Expanded — Accessories	apparel	VAEA_Apparel_MiniTurretPack	mini-turret pack	assigned	generic wastelanders; raiders; settlements	FIPA_Pool_Raider,FIPA_Pool_Settler,FIPA_Pool_WastelanderGeneric		IndustrialMilitaryAdvanced,VAEA_Utility_Industrial		D:\Steam\steamapps\workshop\content\294100\2521176396\1.6\Defs\ThingDefs_Misc\Apparel_Utility.xml
Vanilla Expanded	VanillaExpanded.VAEAccessories	Vanilla Apparel Expanded — Accessories	apparel	VAEA_Apparel_Quiver	quiver	assigned	Numen; regional tribes	FIPA_Pool_Numen,FIPA_Pool_Tribal		VAEA_Quiver,VAEA_Utility_Medieval,VAEA_Utility_Neolithic		D:\Steam\steamapps\workshop\content\294100\2521176396\1.6\Defs\ThingDefs_Misc\Apparel_Utility.xml
Vanilla Expanded	VanillaExpanded.VAEAccessories	Vanilla Apparel Expanded — Accessories	apparel	VAEA_Apparel_RangedShieldBelt	ranged shield belt	assigned	generic wastelanders; raiders; settlements	FIPA_Pool_Raider,FIPA_Pool_Settler,FIPA_Pool_WastelanderGeneric		BeltDefense,BeltDefensePop,BeltRangedShield,VAEA_Utility_Industrial,VAEA_Utility_Spacer		D:\Steam\steamapps\workshop\content\294100\2521176396\1.6\Defs\ThingDefs_Misc\Apparel_Utility.xml
Vanilla Expanded	VanillaExpanded.VAEAccessories	Vanilla Apparel Expanded — Accessories	apparel	VAEA_Apparel_RessurectorBelt	ressurector belt	assigned	controlled and crazed vaults	FIPA_Pool_VaultHighTech		BeltDefense,BeltDefensePop,BeltRangedShield,VAEA_Utility_Ultra		D:\Steam\steamapps\workshop\content\294100\2521176396\1.6\Defs\ThingDefs_Misc\Apparel_Utility.xml
Vanilla Expanded	VanillaExpanded.VAEAccessories	Vanilla Apparel Expanded — Accessories	apparel	VAEA_Apparel_ToolBelt	tool belt	assigned	generic wastelanders; raiders; settlements	FIPA_Pool_Raider,FIPA_Pool_Settler,FIPA_Pool_WastelanderGeneric		VAEA_Utility_Industrial		D:\Steam\steamapps\workshop\content\294100\2521176396\1.6\Defs\ThingDefs_Misc\Apparel_Utility.xml
Vanilla Expanded	VanillaExpanded.VAnomalyEInsanity	Vanilla Anomaly Expanded - Insanity	apparel	VAEI_Apparel_Gag	gag	assigned	Wendigo cults; slavers and hostile cults	FIPA_Pool_Cult,FIPA_Pool_Slave		VAE_Gag		D:\Steam\steamapps\workshop\content\294100\3342412435\1.6\Defs\ThingDefs\Apparel_Various.xml
Vanilla Expanded	VanillaExpanded.VAnomalyEInsanity	Vanilla Anomaly Expanded - Insanity	apparel	VAEI_Apparel_StraitJacket	straitjacket	assigned	Wendigo cults; slavers and hostile cults	FIPA_Pool_Cult,FIPA_Pool_Slave		VAE_Straitjacket		D:\Steam\steamapps\workshop\content\294100\3342412435\1.6\Defs\ThingDefs\Apparel_Various.xml
Vanilla Expanded	VanillaExpanded.VBrewE	Vanilla Brewing Expanded	weapon	VBE_DoubleWhiskey	double-aged whiskey	utility_not_pawn_gear					Equippable resource, drink, or utility object; not a PawnKind weapon.	D:\Steam\steamapps\workshop\content\294100\2186560858\1.6\Defs\ThingDefs_Items\Alcohol_Whiskey.xml
Vanilla Expanded	VanillaExpanded.VBrewE	Vanilla Brewing Expanded	weapon	VBE_Gin	gin	utility_not_pawn_gear					Equippable resource, drink, or utility object; not a PawnKind weapon.	D:\Steam\steamapps\workshop\content\294100\2186560858\1.6\Defs\ThingDefs_Items\Alcohol_Gin.xml
Vanilla Expanded	VanillaExpanded.VBrewE	Vanilla Brewing Expanded	weapon	VBE_Soda	soda	utility_not_pawn_gear					Equippable resource, drink, or utility object; not a PawnKind weapon.	D:\Steam\steamapps\workshop\content\294100\2186560858\1.6\Defs\ThingDefs_Items\Drinks_Soda.xml
Vanilla Expanded	VanillaExpanded.VBrewE	Vanilla Brewing Expanded	weapon	VBE_Tequila	tequila	utility_not_pawn_gear					Equippable resource, drink, or utility object; not a PawnKind weapon.	D:\Steam\steamapps\workshop\content\294100\2186560858\1.6\Defs\ThingDefs_Items\Alcohol_Tequila.xml
Vanilla Expanded	VanillaExpanded.VBrewE	Vanilla Brewing Expanded	weapon	VBE_Vodka	vodka	utility_not_pawn_gear					Equippable resource, drink, or utility object; not a PawnKind weapon.	D:\Steam\steamapps\workshop\content\294100\2186560858\1.6\Defs\ThingDefs_Items\Alcohol_Vodka.xml
Vanilla Expanded	VanillaExpanded.VBrewE	Vanilla Brewing Expanded	weapon	VBE_Whiskey	whiskey	utility_not_pawn_gear					Equippable resource, drink, or utility object; not a PawnKind weapon.	D:\Steam\steamapps\workshop\content\294100\2186560858\1.6\Defs\ThingDefs_Items\Alcohol_Whiskey.xml
Vanilla Expanded	VanillaExpanded.VFESecurity	Vanilla Furniture Expanded - Security	weapon	Gun_AutomatedMortar	automated mortar	internal_not_trade_item			Artillery		Internal turret, artillery, mechanoid, or destroy-on-drop weapon.	D:\Steam\steamapps\workshop\content\294100\1845154007\1.6\Defs\ThingDefs_Buildings\Buildings_Artillery.xml
Vanilla Expanded	VanillaExpanded.VFESecurity	Vanilla Furniture Expanded - Security	weapon	Gun_TeslaBlaster	tesla blaster	internal_not_trade_item			TurretGun		Internal turret, artillery, mechanoid, or destroy-on-drop weapon.	D:\Steam\steamapps\workshop\content\294100\1845154007\1.6\Defs\ThingDefs_Buildings\Buildings_Turrets.xml
Vanilla Expanded	VanillaExpanded.VFESecurity	Vanilla Furniture Expanded - Security	weapon	VFES_Artillery_ArtilleryGun	artillery gun	internal_not_trade_item			Artillery,Artillery_BaseDestroyer		Internal turret, artillery, mechanoid, or destroy-on-drop weapon.	D:\Steam\steamapps\workshop\content\294100\1845154007\1.6\Defs\ThingDefs_Buildings\Buildings_Artillery.xml
Vanilla Expanded	VanillaExpanded.VFESecurity	Vanilla Furniture Expanded - Security	weapon	VFES_Artillery_Catapult	catapult	internal_not_trade_item			Artillery,ArtilleryMedieval		Internal turret, artillery, mechanoid, or destroy-on-drop weapon.	D:\Steam\steamapps\workshop\content\294100\1845154007\1.6\Defs\ThingDefs_Buildings\Buildings_Turrets.xml
Vanilla Expanded	VanillaExpanded.VFESecurity	Vanilla Furniture Expanded - Security	weapon	VFES_ComplexCharge_Top	minigun	internal_not_trade_item			TurretGun		Internal turret, artillery, mechanoid, or destroy-on-drop weapon.	D:\Steam\steamapps\workshop\content\294100\1845154007\1.6\Defs\ThingDefs_Buildings\Buildings_Turrets.xml
Vanilla Expanded	VanillaExpanded.VFESecurity	Vanilla Furniture Expanded - Security	weapon	VFES_ComplexHmg_Top	HMG	internal_not_trade_item			TurretGun		Internal turret, artillery, mechanoid, or destroy-on-drop weapon.	D:\Steam\steamapps\workshop\content\294100\1845154007\1.6\Defs\ThingDefs_Buildings\Buildings_Turrets.xml
Vanilla Expanded	VanillaExpanded.VFESecurity	Vanilla Furniture Expanded - Security	weapon	VFES_ComplexMinigun_Top	minigun	internal_not_trade_item			TurretGun		Internal turret, artillery, mechanoid, or destroy-on-drop weapon.	D:\Steam\steamapps\workshop\content\294100\1845154007\1.6\Defs\ThingDefs_Buildings\Buildings_Turrets.xml
Vanilla Expanded	VanillaExpanded.VFESecurity	Vanilla Furniture Expanded - Security	weapon	VFES_Gun_ArmoredTurret	military turret gun	internal_not_trade_item			TurretGun		Internal turret, artillery, mechanoid, or destroy-on-drop weapon.	D:\Steam\steamapps\workshop\content\294100\1845154007\1.6\Defs\ThingDefs_Buildings\Buildings_Turrets.xml
Vanilla Expanded	VanillaExpanded.VFESecurity	Vanilla Furniture Expanded - Security	weapon	VFES_Gun_BallistaTurret	ballista	internal_not_trade_item			ArtilleryMedieval		Internal turret, artillery, mechanoid, or destroy-on-drop weapon.	D:\Steam\steamapps\workshop\content\294100\1845154007\1.6\Defs\ThingDefs_Buildings\Buildings_Turrets.xml
Vanilla Expanded	VanillaExpanded.VFESecurity	Vanilla Furniture Expanded - Security	weapon	VFES_Gun_ChargeTurret	charged turret gun	internal_not_trade_item			TurretGun		Internal turret, artillery, mechanoid, or destroy-on-drop weapon.	D:\Steam\steamapps\workshop\content\294100\1845154007\1.6\Defs\ThingDefs_Buildings\Buildings_Turrets.xml
Vanilla Expanded	VanillaExpanded.VFESecurity	Vanilla Furniture Expanded - Security	weapon	VFES_Gun_ConcealedTurret	concealed turret gun	internal_not_trade_item			TurretGun		Internal turret, artillery, mechanoid, or destroy-on-drop weapon.	D:\Steam\steamapps\workshop\content\294100\1845154007\1.6\Defs\ThingDefs_Buildings\Buildings_Concealed.xml
Vanilla Expanded	VanillaExpanded.VFESecurity	Vanilla Furniture Expanded - Security	weapon	VFES_Gun_FlameTurret	flame turret gun	internal_not_trade_item			TurretGun		Internal turret, artillery, mechanoid, or destroy-on-drop weapon.	D:\Steam\steamapps\workshop\content\294100\1845154007\1.6\Defs\ThingDefs_Buildings\Buildings_Turrets.xml
Vanilla Expanded	VanillaExpanded.VFESecurity	Vanilla Furniture Expanded - Security	weapon	VFES_Gun_MilitaryTurret	military turret gun	internal_not_trade_item			TurretGun		Internal turret, artillery, mechanoid, or destroy-on-drop weapon.	D:\Steam\steamapps\workshop\content\294100\1845154007\1.6\Defs\ThingDefs_Buildings\Buildings_Turrets.xml
Vanilla Expanded	VanillaExpanded.VFESecurity	Vanilla Furniture Expanded - Security	weapon	VFES_Gun_PointDefense	point defense gun	internal_not_trade_item			TurretGun		Internal turret, artillery, mechanoid, or destroy-on-drop weapon.	D:\Steam\steamapps\workshop\content\294100\1845154007\1.6\Defs\ThingDefs_Buildings\Buildings_AntiAir.xml
Vanilla Expanded	VanillaExpanded.VFESecurity	Vanilla Furniture Expanded - Security	weapon	VFES_Gun_RailgunTurret	charged turret gun	internal_not_trade_item			TurretGun		Internal turret, artillery, mechanoid, or destroy-on-drop weapon.	D:\Steam\steamapps\workshop\content\294100\1845154007\1.6\Defs\ThingDefs_Buildings\Buildings_Turrets.xml
Vanilla Expanded	VanillaExpanded.VFESecurity	Vanilla Furniture Expanded - Security	weapon	VFES_Gun_Searchlight	searchlight	internal_not_trade_item			TurretGun		Internal turret, artillery, mechanoid, or destroy-on-drop weapon.	D:\Steam\steamapps\workshop\content\294100\1845154007\1.6\Defs\ThingDefs_Buildings\Buildings_Turrets.xml
Vanilla Expanded	VanillaExpanded.VFESecurity	Vanilla Furniture Expanded - Security	weapon	VFES_Gun_ShotgunTurret	shotgun turret gun	internal_not_trade_item			TurretGun		Internal turret, artillery, mechanoid, or destroy-on-drop weapon.	D:\Steam\steamapps\workshop\content\294100\1845154007\1.6\Defs\ThingDefs_Buildings\Buildings_Turrets.xml
Vanilla Expanded	VanillaExpanded.VFESecurity	Vanilla Furniture Expanded - Security	weapon	VFES_TurretDoubleAutocannon_Top	double autocannon	internal_not_trade_item			TurretGun		Internal turret, artillery, mechanoid, or destroy-on-drop weapon.	D:\Steam\steamapps\workshop\content\294100\1845154007\1.6\Defs\ThingDefs_Buildings\Buildings_Turrets.xml
Vanilla Expanded	VanillaExpanded.VFESecurity	Vanilla Furniture Expanded - Security	weapon	VFES_TurretMinigun_Top	minigun	internal_not_trade_item			TurretGun		Internal turret, artillery, mechanoid, or destroy-on-drop weapon.	D:\Steam\steamapps\workshop\content\294100\1845154007\1.6\Defs\ThingDefs_Buildings\Buildings_Turrets.xml
Vanilla Expanded	VanillaExpanded.VIEHAR	Vanilla Ideology Expanded - Hats and Rags	apparel	VIEHAR_Apparel_Beads	beads	assigned	Mothman cults	FIPA_Pool_Cult				D:\Steam\steamapps\workshop\content\294100\2567387768\1.6\Defs\ThingDefs_Misc\Apparel_Headgear.xml
Vanilla Expanded	VanillaExpanded.VIEHAR	Vanilla Ideology Expanded - Hats and Rags	apparel	VIEHAR_Apparel_BishopHat	bishop hat	assigned	Mothman cults	FIPA_Pool_Cult				D:\Steam\steamapps\workshop\content\294100\2567387768\1.6\Defs\ThingDefs_Misc\Apparel_Headgear.xml
Vanilla Expanded	VanillaExpanded.VIEHAR	Vanilla Ideology Expanded - Hats and Rags	apparel	VIEHAR_Apparel_BrimlessHat	brimless hat	assigned	generic wastelanders; raiders; settlements	FIPA_Pool_Raider,FIPA_Pool_Settler,FIPA_Pool_WastelanderGeneric				D:\Steam\steamapps\workshop\content\294100\2567387768\1.6\Defs\ThingDefs_Misc\Apparel_Headgear.xml
Vanilla Expanded	VanillaExpanded.VIEHAR	Vanilla Ideology Expanded - Hats and Rags	apparel	VIEHAR_Apparel_CommisarHat	commissar hat	assigned	US Army-equipped forces; settlement guards	FIPA_Pool_SettlerGuard,FIPA_Pool_USArmy				D:\Steam\steamapps\workshop\content\294100\2567387768\1.6\Defs\ThingDefs_Misc\Apparel_Headgear.xml
Vanilla Expanded	VanillaExpanded.VIEHAR	Vanilla Ideology Expanded - Hats and Rags	apparel	VIEHAR_Apparel_DeerSkull	deer skull	assigned	raiders; wasteland cults	FIPA_Pool_Cult,FIPA_Pool_Raider				D:\Steam\steamapps\workshop\content\294100\2567387768\1.6\Defs\ThingDefs_Misc\Apparel_Headgear.xml
Vanilla Expanded	VanillaExpanded.VIEHAR	Vanilla Ideology Expanded - Hats and Rags	apparel	VIEHAR_Apparel_Fez	fez	assigned	generic wastelanders; raiders; settlements	FIPA_Pool_Raider,FIPA_Pool_Settler,FIPA_Pool_WastelanderGeneric				D:\Steam\steamapps\workshop\content\294100\2567387768\1.6\Defs\ThingDefs_Misc\Apparel_Headgear.xml
Vanilla Expanded	VanillaExpanded.VIEHAR	Vanilla Ideology Expanded - Hats and Rags	apparel	VIEHAR_Apparel_Headbag	headbag	assigned	raiders; wasteland cults	FIPA_Pool_Cult,FIPA_Pool_Raider				D:\Steam\steamapps\workshop\content\294100\2567387768\1.6\Defs\ThingDefs_Misc\Apparel_Headgear.xml
Vanilla Expanded	VanillaExpanded.VIEHAR	Vanilla Ideology Expanded - Hats and Rags	apparel	VIEHAR_Apparel_Headscarf	headscarf	assigned	generic wastelanders; raiders; settlements	FIPA_Pool_Raider,FIPA_Pool_Settler,FIPA_Pool_WastelanderGeneric				D:\Steam\steamapps\workshop\content\294100\2567387768\1.6\Defs\ThingDefs_Misc\Apparel_Headgear.xml
Vanilla Expanded	VanillaExpanded.VIEHAR	Vanilla Ideology Expanded - Hats and Rags	apparel	VIEHAR_Apparel_HorseMask	horse mask	assigned	raiders; wasteland cults	FIPA_Pool_Cult,FIPA_Pool_Raider				D:\Steam\steamapps\workshop\content\294100\2567387768\1.6\Defs\ThingDefs_Misc\Apparel_Headgear.xml
Vanilla Expanded	VanillaExpanded.VIEHAR	Vanilla Ideology Expanded - Hats and Rags	apparel	VIEHAR_Apparel_MilitaryCap	military cap	assigned	US Army-equipped forces; settlement guards	FIPA_Pool_SettlerGuard,FIPA_Pool_USArmy				D:\Steam\steamapps\workshop\content\294100\2567387768\1.6\Defs\ThingDefs_Misc\Apparel_Headgear.xml
Vanilla Expanded	VanillaExpanded.VIEHAR	Vanilla Ideology Expanded - Hats and Rags	apparel	VIEHAR_Apparel_Rags	rags	assigned	escaped slaves and beggars; raiders	FIPA_Pool_Raider,FIPA_Pool_Slave				D:\Steam\steamapps\workshop\content\294100\2567387768\1.6\Defs\ThingDefs_Misc\Apparel_Various.xml
Vanilla Expanded	VanillaExpanded.VIEHAR	Vanilla Ideology Expanded - Hats and Rags	apparel	VIEHAR_Apparel_Skullcap	skullcap	assigned	generic wastelanders; raiders; settlements	FIPA_Pool_Raider,FIPA_Pool_Settler,FIPA_Pool_WastelanderGeneric				D:\Steam\steamapps\workshop\content\294100\2567387768\1.6\Defs\ThingDefs_Misc\Apparel_Headgear.xml
Vanilla Expanded	VanillaExpanded.VIEHAR	Vanilla Ideology Expanded - Hats and Rags	apparel	VIEHAR_Apparel_SpikedSkullcap	spiked skullcap	assigned	raiders; wasteland cults	FIPA_Pool_Cult,FIPA_Pool_Raider				D:\Steam\steamapps\workshop\content\294100\2567387768\1.6\Defs\ThingDefs_Misc\Apparel_Headgear.xml
Vanilla Expanded	VanillaExpanded.VIEHAR	Vanilla Ideology Expanded - Hats and Rags	apparel	VIEHAR_Apparel_WideHat	wide hat	assigned	generic wastelanders; raiders; settlements	FIPA_Pool_Raider,FIPA_Pool_Settler,FIPA_Pool_WastelanderGeneric				D:\Steam\steamapps\workshop\content\294100\2567387768\1.6\Defs\ThingDefs_Misc\Apparel_Headgear.xml
Vanilla Expanded	VanillaExpanded.VPersonaWeaponsE	Vanilla Persona Weapons Expanded	weapon	VPWE_MeleeWeapon_PsyfocusStaffBladelink	persona eltex staff	unique_or_quest_only		FIPW_Role_Melee,FIPW_Unique	Bladelink,EltexStaff		Unique/persona weapon; not suitable for random faction generation.	D:\Steam\steamapps\workshop\content\294100\2826922787\1.6\Defs\MeleeBladelink.xml
Vanilla Expanded	VanillaExpanded.VPsycastsE	Vanilla Psycasts Expanded	apparel	VPE_Apparel_EltexCape	eltex cape	assigned	Mothman and Wendigo cults	FIPA_Pool_Cult		Cape,Psychic,Royal,RoyalTier2,RoyalTier5		D:\Steam\steamapps\workshop\content\294100\2842502659\1.6\Defs\ThingDefs_Misc\Apparel_Psychic.xml
Vanilla Expanded	VanillaExpanded.VPsycastsE	Vanilla Psycasts Expanded	apparel	VPE_Apparel_EltexMask	eltex mask	assigned	Mothman and Wendigo cults	FIPA_Pool_Cult		Psychic,Royal,RoyalTier6		D:\Steam\steamapps\workshop\content\294100\2842502659\1.6\Defs\ThingDefs_Misc\Apparel_Psychic.xml
Vanilla Expanded	VanillaExpanded.VPsycastsE	Vanilla Psycasts Expanded	apparel	VPE_Apparel_PlateArmorPrestige	prestige plate armor	unassigned_candidate				PrestigeCombatGear	Medieval/royal visual language has no retained Fallout faction; candidate for trader removal.	D:\Steam\steamapps\workshop\content\294100\2842502659\1.6\Defs\ThingDefs_Misc\Apparel_Various.xml
Vanilla Expanded	VanillaExpanded.VPsycastsE	Vanilla Psycasts Expanded	apparel	VPE_HeatPearls	heat pearls	assigned	Mothman and Wendigo cults	FIPA_Pool_Cult				D:\Steam\steamapps\workshop\content\294100\2842502659\1.6\Defs\ThingDefs_Misc\Weapons\Weapons_Misc.xml
Vanilla Expanded	VanillaExpanded.VPsycastsE	Vanilla Psycasts Expanded	apparel	VPE_Psyring	psyring	assigned	Mothman and Wendigo cults	FIPA_Pool_Cult				D:\Steam\steamapps\workshop\content\294100\2842502659\1.6\Defs\ThingDefs_Misc\Apparel_Various.xml
Vanilla Expanded	VanillaExpanded.VPsycastsE	Vanilla Psycasts Expanded	weapon	VPE_MeleeWeapon_EltexDagger	eltex dagger	assigned	Mothman and Wendigo cults	FIPW_Pool_CultPrimitive,FIPW_Role_Melee,FIPW_T2_Service	VPE_EltexMelee			D:\Steam\steamapps\workshop\content\294100\2842502659\1.6\Defs\ThingDefs_Misc\Weapons\Weapons_EltexMelee.xml
Vanilla Expanded	VanillaExpanded.VPsycastsE	Vanilla Psycasts Expanded	weapon	VPE_MeleeWeapon_EltexMace	eltex mace	assigned	Mothman and Wendigo cults	FIPW_Pool_CultPrimitive,FIPW_Role_Melee,FIPW_T2_Service	VPE_EltexMelee			D:\Steam\steamapps\workshop\content\294100\2842502659\1.6\Defs\ThingDefs_Misc\Weapons\Weapons_EltexMelee.xml
Vanilla Expanded	VanillaExpanded.VPsycastsE	Vanilla Psycasts Expanded	weapon	VPE_MeleeWeapon_EltexSword	eltex sword	assigned	Mothman and Wendigo cults	FIPW_Pool_CultPrimitive,FIPW_Role_Melee,FIPW_T2_Service	VPE_EltexMelee			D:\Steam\steamapps\workshop\content\294100\2842502659\1.6\Defs\ThingDefs_Misc\Weapons\Weapons_EltexMelee.xml
Vanilla Expanded	VanillaExpanded.VWETB	Vanilla Weapons Expanded - Tribal	weapon	VWE_MeleeWeapon_HeavyClub	heavy club	assigned	Mothman and Wendigo cults; Numen; S'Lanters; all regional raiders; caravan companies; escaped slaves and beggars; generic wastelanders; ghoul settlements; raiders; regional tribes; settlements	FIPW_Pool_Caravan,FIPW_Pool_CultPrimitive,FIPW_Pool_Ghoul,FIPW_Pool_Numen,FIPW_Pool_Raider,FIPW_Pool_RegionalRaider,FIPW_Pool_Settler,FIPW_Pool_Slanter,FIPW_Pool_SlaveLowTech,FIPW_Pool_Tribal,FIPW_Pool_Wastelander,FIPW_Role_Heavy,FIPW_T0_Improvised	NeolithicMeleeAdvanced			D:\Steam\steamapps\workshop\content\294100\2454918552\1.6\Defs\ThingDefs_Misc\MeleeNeolithic.xml
Vanilla Expanded	VanillaExpanded.VWETB	Vanilla Weapons Expanded - Tribal	weapon	VWE_MeleeWeapon_LightClub	light club	assigned	Mothman and Wendigo cults; Numen; S'Lanters; all regional raiders; caravan companies; escaped slaves and beggars; generic wastelanders; ghoul settlements; raiders; regional tribes; settlements	FIPW_Pool_Caravan,FIPW_Pool_CultPrimitive,FIPW_Pool_Ghoul,FIPW_Pool_Numen,FIPW_Pool_Raider,FIPW_Pool_RegionalRaider,FIPW_Pool_Settler,FIPW_Pool_Slanter,FIPW_Pool_SlaveLowTech,FIPW_Pool_Tribal,FIPW_Pool_Wastelander,FIPW_Role_Melee,FIPW_T0_Improvised	NeolithicMeleeBasic			D:\Steam\steamapps\workshop\content\294100\2454918552\1.6\Defs\ThingDefs_Misc\MeleeNeolithic.xml
Vanilla Expanded	VanillaExpanded.VWETB	Vanilla Weapons Expanded - Tribal	weapon	VWE_MeleeWeapon_Shiv	shiv	assigned	Mothman and Wendigo cults; Numen; S'Lanters; all regional raiders; caravan companies; escaped slaves and beggars; generic wastelanders; ghoul settlements; raiders; regional tribes; settlements	FIPW_Pool_Caravan,FIPW_Pool_CultPrimitive,FIPW_Pool_Ghoul,FIPW_Pool_Numen,FIPW_Pool_Raider,FIPW_Pool_RegionalRaider,FIPW_Pool_Settler,FIPW_Pool_Slanter,FIPW_Pool_SlaveLowTech,FIPW_Pool_Tribal,FIPW_Pool_Wastelander,FIPW_Role_Melee,FIPW_T0_Improvised	NeolithicMeleeBasic			D:\Steam\steamapps\workshop\content\294100\2454918552\1.6\Defs\ThingDefs_Misc\MeleeNeolithic.xml
Vanilla Expanded	VanillaExpanded.VWETB	Vanilla Weapons Expanded - Tribal	weapon	VWE_MeleeWeapon_TribalAxe	tribal axe	assigned	Mothman and Wendigo cults; Numen; S'Lanters; all regional raiders; caravan companies; escaped slaves and beggars; generic wastelanders; ghoul settlements; raiders; regional tribes; settlements	FIPW_Pool_Caravan,FIPW_Pool_CultPrimitive,FIPW_Pool_Ghoul,FIPW_Pool_Numen,FIPW_Pool_Raider,FIPW_Pool_RegionalRaider,FIPW_Pool_Settler,FIPW_Pool_Slanter,FIPW_Pool_SlaveLowTech,FIPW_Pool_Tribal,FIPW_Pool_Wastelander,FIPW_Role_Melee,FIPW_T0_Improvised	NeolithicMeleeBasic			D:\Steam\steamapps\workshop\content\294100\2454918552\1.6\Defs\ThingDefs_Misc\MeleeNeolithic.xml
Vanilla Expanded	VanillaExpanded.VWETB	Vanilla Weapons Expanded - Tribal	weapon	VWE_Sling	sling	assigned	Mothman and Wendigo cults; Numen; S'Lanters; all regional raiders; caravan companies; escaped slaves and beggars; generic wastelanders; ghoul settlements; raiders; regional tribes; settlements	FIPW_Pool_Caravan,FIPW_Pool_CultPrimitive,FIPW_Pool_Ghoul,FIPW_Pool_Numen,FIPW_Pool_Raider,FIPW_Pool_RegionalRaider,FIPW_Pool_Settler,FIPW_Pool_Slanter,FIPW_Pool_SlaveLowTech,FIPW_Pool_Tribal,FIPW_Pool_Wastelander,FIPW_Role_Rifle,FIPW_T0_Improvised	Neolithic,NeolithicRangedBasic			D:\Steam\steamapps\workshop\content\294100\2454918552\1.6\Defs\ThingDefs_Misc\RangedNeolithic.xml
Vanilla Expanded	VanillaExpanded.VWETB	Vanilla Weapons Expanded - Tribal	weapon	VWE_Throwing_Shards	throwing shards	assigned	Mothman and Wendigo cults; Numen; S'Lanters; all regional raiders; caravan companies; escaped slaves and beggars; generic wastelanders; ghoul settlements; raiders; regional tribes; settlements	FIPW_Pool_Caravan,FIPW_Pool_CultPrimitive,FIPW_Pool_Ghoul,FIPW_Pool_Numen,FIPW_Pool_Raider,FIPW_Pool_RegionalRaider,FIPW_Pool_Settler,FIPW_Pool_Slanter,FIPW_Pool_SlaveLowTech,FIPW_Pool_Tribal,FIPW_Pool_Wastelander,FIPW_Role_Other,FIPW_T0_Improvised	Neolithic,NeolithicRangedBasic			D:\Steam\steamapps\workshop\content\294100\2454918552\1.6\Defs\ThingDefs_Misc\RangedNeolithic.xml
Vanilla Expanded	VanillaExpanded.VWETB	Vanilla Weapons Expanded - Tribal	weapon	VWE_Weapon_FireBomb	fire bombs	assigned	Mothman and Wendigo cults; Numen; S'Lanters; all regional raiders; caravan companies; escaped slaves and beggars; generic wastelanders; ghoul settlements; raiders; regional tribes; settlements	FIPW_Pool_Caravan,FIPW_Pool_CultPrimitive,FIPW_Pool_Ghoul,FIPW_Pool_Numen,FIPW_Pool_Raider,FIPW_Pool_RegionalRaider,FIPW_Pool_Settler,FIPW_Pool_Slanter,FIPW_Pool_SlaveLowTech,FIPW_Pool_Tribal,FIPW_Pool_Wastelander,FIPW_Role_Flame,FIPW_T0_Improvised	NeolithicRangedHeavy			D:\Steam\steamapps\workshop\content\294100\2454918552\1.6\Defs\ThingDefs_Misc\RangedNeolithic.xml
Vanilla Expanded	vanillaquestsexpanded.ancients	Vanilla Quests Expanded - Ancients	apparel	VQEA_Apparel_PatientGown	patient gown	assigned	controlled and crazed vaults	FIPA_Pool_VaultHighTech		VQE_PatientGown		D:\Steam\steamapps\workshop\content\294100\3618306875\1.6\Defs\ThingDefs_Misc\Apparel_Various.xml
Vanilla Expanded	vanillaquestsexpanded.ancients	Vanilla Quests Expanded - Ancients	weapon	VQEA_MeleeWeapon_Scalpel	scalpel	assigned	caravan companies; escaped slaves and beggars; generic wastelanders; ghoul settlements; raiders; settlement medics; settlements	FIPW_Pool_Caravan,FIPW_Pool_Ghoul,FIPW_Pool_Raider,FIPW_Pool_Settler,FIPW_Pool_SlaveLowTech,FIPW_Pool_Wastelander,FIPW_Role_Melee,FIPW_T0_Improvised				D:\Steam\steamapps\workshop\content\294100\3618306875\1.6\Defs\ThingDefs_Misc\Weapons_Various.xml
Vanilla Expanded	vanillaquestsexpanded.cryptoforge	Vanilla Quests Expanded - Cryptoforge	apparel	VQE_Apparel_CryptoHeavyHelmet	heavy crypto helmet	assigned	Circle of Steel; controlled and crazed vaults	FIPA_Pool_CircleOfSteel,FIPA_Pool_VaultHighTech		CryptoHeavy,PrestigeCombatGear		D:\Steam\steamapps\workshop\content\294100\3461526070\1.6\Defs\ThingDefs_Misc\Apparel_Various.xml
Vanilla Expanded	vanillaquestsexpanded.cryptoforge	Vanilla Quests Expanded - Cryptoforge	apparel	VQE_Apparel_CryptoLightHelmet	crypto helmet	assigned	Circle of Steel; controlled and crazed vaults	FIPA_Pool_CircleOfSteel,FIPA_Pool_VaultHighTech		CryptoLight,PrestigeCombatGear		D:\Steam\steamapps\workshop\content\294100\3461526070\1.6\Defs\ThingDefs_Misc\Apparel_Various.xml
Vanilla Expanded	vanillaquestsexpanded.cryptoforge	Vanilla Quests Expanded - Cryptoforge	apparel	VQE_CryptoArmor	crypto armor	assigned	Circle of Steel; controlled and crazed vaults	FIPA_Pool_CircleOfSteel,FIPA_Pool_VaultHighTech		CryptoLight,PrestigeCombatGear		D:\Steam\steamapps\workshop\content\294100\3461526070\1.6\Defs\ThingDefs_Misc\Apparel_Various.xml
Vanilla Expanded	vanillaquestsexpanded.cryptoforge	Vanilla Quests Expanded - Cryptoforge	apparel	VQE_CryptoHeavyArmor	heavy crypto armor	assigned	Circle of Steel; controlled and crazed vaults	FIPA_Pool_CircleOfSteel,FIPA_Pool_VaultHighTech		CryptoHeavy,PrestigeCombatGear		D:\Steam\steamapps\workshop\content\294100\3461526070\1.6\Defs\ThingDefs_Misc\Apparel_Various.xml
Vanilla Expanded	vanillaquestsexpanded.cryptoforge	Vanilla Quests Expanded - Cryptoforge	weapon	VQE_AncientShieldedTurret_Gun	ancient shielded turret	internal_not_trade_item			TurretGun		Internal turret, artillery, mechanoid, or destroy-on-drop weapon.	D:\Steam\steamapps\workshop\content\294100\3461526070\1.6\Defs\ThingDefs_Buildings\Buildings_Security.xml
Vanilla Expanded	vanillaquestsexpanded.cryptoforge	Vanilla Quests Expanded - Cryptoforge	weapon	VQE_AncientSpacerAutocannon_Gun	ancient spacer autocannon	internal_not_trade_item			TurretGun		Internal turret, artillery, mechanoid, or destroy-on-drop weapon.	D:\Steam\steamapps\workshop\content\294100\3461526070\1.6\Defs\ThingDefs_Buildings\Buildings_Security.xml
Vanilla Expanded	vanillaquestsexpanded.cryptoforge	Vanilla Quests Expanded - Cryptoforge	weapon	VQE_MeleeWeapon_Cryptoaxe	cryptoaxe	assigned	Circle of Steel; Whitespring Enclave; controlled and crazed vaults	FIPW_Pool_CircleOfSteel,FIPW_Pool_Enclave,FIPW_Pool_VaultHighTech,FIPW_Role_Melee,FIPW_T4_Elite	Cryptoaxe			D:\Steam\steamapps\workshop\content\294100\3461526070\1.6\Defs\ThingDefs_Misc\Things_Weapons.xml
Vanilla Expanded	vanillaquestsexpanded.cryptoforge	Vanilla Quests Expanded - Cryptoforge	weapon	VQE_Weapon_Cryptobolter	cryptobolter	assigned	Circle of Steel; Whitespring Enclave; controlled and crazed vaults	FIPW_Pool_CircleOfSteel,FIPW_Pool_Enclave,FIPW_Pool_VaultHighTech,FIPW_Role_Other,FIPW_T4_Elite	Cryptobolter			D:\Steam\steamapps\workshop\content\294100\3461526070\1.6\Defs\ThingDefs_Misc\Things_Weapons.xml
Vanilla Expanded	vanillaquestsexpanded.deadlife	Vanilla Quests Expanded - Deadlife	apparel	VQED_Apparel_GeneralsCap	general’s cap	assigned	US Army-equipped forces; Whitespring Enclave; controlled and crazed vaults	FIPA_Pool_EnclaveTrooper,FIPA_Pool_USArmy,FIPA_Pool_VaultHighTech				D:\Steam\steamapps\workshop\content\294100\3497226454\1.6\Defs\ThingDefs_Misc\Apparel_Various.xml
Vanilla Expanded	vanillaquestsexpanded.deadlife	Vanilla Quests Expanded - Deadlife	apparel	VQED_Apparel_GeneralsInsignia	general's insignia	assigned	US Army-equipped forces; Whitespring Enclave; controlled and crazed vaults	FIPA_Pool_EnclaveTrooper,FIPA_Pool_USArmy,FIPA_Pool_VaultHighTech				D:\Steam\steamapps\workshop\content\294100\3497226454\1.6\Defs\ThingDefs_Misc\Apparel_Various.xml
Vanilla Expanded	vanillaquestsexpanded.deadlife	Vanilla Quests Expanded - Deadlife	apparel	VQED_Apparel_MilitaryCoat	military coat	assigned	US Army-equipped forces; Whitespring Enclave; controlled and crazed vaults	FIPA_Pool_EnclaveTrooper,FIPA_Pool_USArmy,FIPA_Pool_VaultHighTech				D:\Steam\steamapps\workshop\content\294100\3497226454\1.6\Defs\ThingDefs_Misc\Apparel_Various.xml
Vanilla Expanded	vanillaquestsexpanded.deadlife	Vanilla Quests Expanded - Deadlife	weapon	VQE_DisruptorFlare	disruptor flare	assigned	US Army-equipped forces; Whitespring Enclave; controlled and crazed vaults	FIPW_Pool_Enclave,FIPW_Pool_USArmy,FIPW_Pool_VaultHighTech,FIPW_Role_Other,FIPW_T2_Service				D:\Steam\steamapps\workshop\content\294100\3497226454\1.6\Defs\ThingDefs_Misc\DisruptorFlares.xml
Vanilla Expanded	vanillaquestsexpanded.deadlife	Vanilla Quests Expanded - Deadlife	weapon	VQED_AncientMilitaryTurret_Gun	ancient military turret	internal_not_trade_item			TurretGun		Internal turret, artillery, mechanoid, or destroy-on-drop weapon.	D:\Steam\steamapps\workshop\content\294100\3497226454\1.6\Defs\ThingDefs_Buildings\Buildings_Threats.xml
Vanilla Expanded	vanillaquestsexpanded.deadlife	Vanilla Quests Expanded - Deadlife	weapon	VQED_Gun_Autopistol_Ancient	ancient autopistol	assigned	US Army-equipped forces; Whitespring Enclave; controlled and crazed vaults	FIPW_Pool_Enclave,FIPW_Pool_USArmy,FIPW_Pool_VaultHighTech,FIPW_Role_Sidearm,FIPW_T2_Service				D:\Steam\steamapps\workshop\content\294100\3497226454\1.6\Defs\ThingDefs_Misc\AncientWeapons.xml
Vanilla Expanded	vanillaquestsexpanded.deadlife	Vanilla Quests Expanded - Deadlife	weapon	VQED_Gun_LMG_Ancient	ancient LMG	assigned	US Army-equipped forces; Whitespring Enclave; controlled and crazed vaults	FIPW_Pool_Enclave,FIPW_Pool_USArmy,FIPW_Pool_VaultHighTech,FIPW_Role_Heavy,FIPW_T2_Service				D:\Steam\steamapps\workshop\content\294100\3497226454\1.6\Defs\ThingDefs_Misc\AncientWeapons.xml
Vanilla Expanded	vanillaquestsexpanded.deadlife	Vanilla Quests Expanded - Deadlife	weapon	VQED_Gun_MachinePistol_Ancient	ancient machine pistol	assigned	US Army-equipped forces; Whitespring Enclave; controlled and crazed vaults	FIPW_Pool_Enclave,FIPW_Pool_USArmy,FIPW_Pool_VaultHighTech,FIPW_Role_SMG,FIPW_T2_Service				D:\Steam\steamapps\workshop\content\294100\3497226454\1.6\Defs\ThingDefs_Misc\AncientWeapons.xml
Vanilla Expanded	vanillaquestsexpanded.deadlife	Vanilla Quests Expanded - Deadlife	weapon	VQED_Gun_PumpShotgun_Ancient	ancient shotgun	assigned	US Army-equipped forces; Whitespring Enclave; controlled and crazed vaults	FIPW_Pool_Enclave,FIPW_Pool_USArmy,FIPW_Pool_VaultHighTech,FIPW_Role_Shotgun,FIPW_T2_Service				D:\Steam\steamapps\workshop\content\294100\3497226454\1.6\Defs\ThingDefs_Misc\AncientWeapons.xml
Vanilla Expanded	vanillaquestsexpanded.generator	Vanilla Quests Expanded - The Generator	apparel	VQE_Apparel_Parka	ancient tight parka	assigned	controlled and crazed vaults	FIPA_Pool_VaultHighTech				D:\Steam\steamapps\workshop\content\294100\3411401573\1.6\Defs\ThingDefs_Misc\Apparel_Various.xml
