family	packageId	mod	kind	defName	label	techLevel	marketValue	category	tradeability	thingCategories	destroyOnDrop	menuHidden	weaponTags	apparelTags	sourceFile
FCP	Rick.FCP.BallisticWeapons	FCP - Ballistic Weapons	weapon	FCP_Gun_10mm_Pistol	10mm Pistol	Industrial	280.0	Item		WeaponsRanged	false	false	FCP_10mm_Pistol,FCP_Pistol,Gun		D:\Steam\steamapps\common\RimWorld\Mods\FCP-Ballistic-Weapons\1.6\Defs\WeaponDefs\Pistol_Defs.xml
FCP	Rick.FCP.BallisticWeapons	FCP - Ballistic Weapons	weapon	FCP_Gun_10mm_Pistol_MkII	10mm Pistol MkII	Industrial	350.0	Item		WeaponsRanged	false	false	FCP_10mm_Pistol_MkII,FCP_Pistol,Gun		D:\Steam\steamapps\common\RimWorld\Mods\FCP-Ballistic-Weapons\1.6\Defs\WeaponDefs\Pistol_Defs.xml
FCP	Rick.FCP.BallisticWeapons	FCP - Ballistic Weapons	weapon	FCP_Gun_10mm_SMG	10mm SMG	Industrial	420.0	Item		WeaponsRanged	false	false	FCP_10mm_SMG,FCP_SMG,Gun		D:\Steam\steamapps\common\RimWorld\Mods\FCP-Ballistic-Weapons\1.6\Defs\WeaponDefs\SMG_Defs.xml
FCP	Rick.FCP.BallisticWeapons	FCP - Ballistic Weapons	weapon	FCP_Gun_127mm_Pistol	12.7mm Pistol	Industrial	980.0	Item		WeaponsRanged	false	false	FCP_127mm_Pistol,FCP_Pistol,Gun		D:\Steam\steamapps\common\RimWorld\Mods\FCP-Ballistic-Weapons\1.6\Defs\WeaponDefs\Pistol_Defs.xml
FCP	Rick.FCP.BallisticWeapons	FCP - Ballistic Weapons	weapon	FCP_Gun_127mm_SMG	12.7mm SMG	Industrial	880.0	Item		WeaponsRanged	false	false	FCP_127mm_SMG,FCP_SMG,Gun		D:\Steam\steamapps\common\RimWorld\Mods\FCP-Ballistic-Weapons\1.6\Defs\WeaponDefs\SMG_Defs.xml
FCP	Rick.FCP.BallisticWeapons	FCP - Ballistic Weapons	weapon	FCP_Gun_14mm_Pistol	14mm Pistol	Industrial	1100.0	Item		WeaponsRanged	false	false	FCP_14mm_Pistol,FCP_Pistol,Gun		D:\Steam\steamapps\common\RimWorld\Mods\FCP-Ballistic-Weapons\1.6\Defs\WeaponDefs\Pistol_Defs.xml
FCP	Rick.FCP.BallisticWeapons	FCP - Ballistic Weapons	weapon	FCP_Gun_223_Pistol	.223 Pistol	Industrial	450.0	Item		WeaponsRanged	false	false	FCP_223_Pistol,FCP_Pistol,Gun		D:\Steam\steamapps\common\RimWorld\Mods\FCP-Ballistic-Weapons\1.6\Defs\WeaponDefs\Pistol_Defs.xml
FCP	Rick.FCP.BallisticWeapons	FCP - Ballistic Weapons	weapon	FCP_Gun_223_Rangemaster	.223 Rangemaster Rifle	Industrial	480.0	Item		WeaponsRanged	false	false	FCP_223_RangeMaster,Gun		D:\Steam\steamapps\common\RimWorld\Mods\FCP-Ballistic-Weapons\1.6\Defs\WeaponDefs\Rifle_Defs.xml
FCP	Rick.FCP.BallisticWeapons	FCP - Ballistic Weapons	weapon	FCP_Gun_223_Rifle	.223 Rifle	Industrial	450.0	Item		WeaponsRanged	false	false	FCP_223_Rifle,FCP_Rifle,Gun		D:\Steam\steamapps\common\RimWorld\Mods\FCP-Ballistic-Weapons\1.6\Defs\WeaponDefs\Rifle_Defs.xml
FCP	Rick.FCP.BallisticWeapons	FCP - Ballistic Weapons	weapon	FCP_Gun_32_Hunting_Rifle	.32 Hunting Rifle	Industrial	280.0	Item		WeaponsRanged	false	false	FCP_32_Hunting_Rifle,FCP_Rifle,Gun		D:\Steam\steamapps\common\RimWorld\Mods\FCP-Ballistic-Weapons\1.6\Defs\WeaponDefs\Rifle_Defs.xml
FCP	Rick.FCP.BallisticWeapons	FCP - Ballistic Weapons	weapon	FCP_Gun_357_Revolver	.357 Revolver	Industrial	380.0	Item		WeaponsRanged	false	false	FCP_357_Revolver,FCP_Revolver,Gun		D:\Steam\steamapps\common\RimWorld\Mods\FCP-Ballistic-Weapons\1.6\Defs\WeaponDefs\Revolver_Defs.xml
FCP	Rick.FCP.BallisticWeapons	FCP - Ballistic Weapons	weapon	FCP_Gun_44Magnum_Revolver	.44 Magnum Revolver	Industrial	520.0	Item		WeaponsRanged	false	false	FCP_44Magnum_Revolver,FCP_Revolver,Gun		D:\Steam\steamapps\common\RimWorld\Mods\FCP-Ballistic-Weapons\1.6\Defs\WeaponDefs\Revolver_Defs.xml
FCP	Rick.FCP.BallisticWeapons	FCP - Ballistic Weapons	weapon	FCP_Gun_45_Auto_Pistol	.45 Auto Pistol	Industrial	320.0	Item		WeaponsRanged	false	false	FCP_45_Auto_Pistol,FCP_Pistol,Gun		D:\Steam\steamapps\common\RimWorld\Mods\FCP-Ballistic-Weapons\1.6\Defs\WeaponDefs\Pistol_Defs.xml
FCP	Rick.FCP.BallisticWeapons	FCP - Ballistic Weapons	weapon	FCP_Gun_45_Auto_SMG	.45 Auto Submachine Gun	Industrial	520.0	Item		WeaponsRanged	false	false	FCP_45_Auto_SMG,FCP_SMG,Gun		D:\Steam\steamapps\common\RimWorld\Mods\FCP-Ballistic-Weapons\1.6\Defs\WeaponDefs\SMG_Defs.xml
FCP	Rick.FCP.BallisticWeapons	FCP - Ballistic Weapons	weapon	FCP_Gun_50_Cal_MG	.50 Cal Machine Gun	Industrial	1200.0	Item		WeaponsRanged	false	false	FCP_50_Cal_MG,FCP_Power_Armor_Required,Gun		D:\Steam\steamapps\common\RimWorld\Mods\FCP-Ballistic-Weapons\1.6\Defs\WeaponDefs\Heavy_Weapon_Defs.xml
FCP	Rick.FCP.BallisticWeapons	FCP - Ballistic Weapons	weapon	FCP_Gun_556_Pistol	5.56mm Pistol	Industrial	420.0	Item		WeaponsRanged	false	false	FCP_556_Pistol,FCP_Pistol,Gun		D:\Steam\steamapps\common\RimWorld\Mods\FCP-Ballistic-Weapons\1.6\Defs\WeaponDefs\Pistol_Defs.xml
FCP	Rick.FCP.BallisticWeapons	FCP - Ballistic Weapons	weapon	FCP_Gun_9mm_Pistol	9mm Pistol	Industrial	200.0	Item		WeaponsRanged	false	false	FCP_9mm_Pistol,FCP_Pistol,Gun		D:\Steam\steamapps\common\RimWorld\Mods\FCP-Ballistic-Weapons\1.6\Defs\WeaponDefs\Pistol_Defs.xml
FCP	Rick.FCP.BallisticWeapons	FCP - Ballistic Weapons	weapon	FCP_Gun_9mm_SMG	9mm SMG	Industrial	350.0	Item		WeaponsRanged	false	false	FCP_9mm_SMG,FCP_SMG,Gun		D:\Steam\steamapps\common\RimWorld\Mods\FCP-Ballistic-Weapons\1.6\Defs\WeaponDefs\SMG_Defs.xml
FCP	Rick.FCP.BallisticWeapons	FCP - Ballistic Weapons	weapon	FCP_Gun_AbileneKidLEBBGun	Abilene Kid LE BB Gun	Industrial	650.0	Item		WeaponsRanged	false	false			D:\Steam\steamapps\common\RimWorld\Mods\FCP-Ballistic-Weapons\1.6\Defs\WeaponDefs\Unique_Defs.xml
FCP	Rick.FCP.BallisticWeapons	FCP - Ballistic Weapons	weapon	FCP_Gun_AK_112_AR	AK-112 Assault Rifle	Industrial	550.0	Item		WeaponsRanged	false	false	FCP_AK_112,FCP_Assault_Rifle,Gun		D:\Steam\steamapps\common\RimWorld\Mods\FCP-Ballistic-Weapons\1.6\Defs\WeaponDefs\Assault_Rifle_Defs.xml
FCP	Rick.FCP.BallisticWeapons	FCP - Ballistic Weapons	weapon	FCP_Gun_AllAmerican	All-American	Industrial	1180.0	Item		WeaponsRanged	false	false			D:\Steam\steamapps\common\RimWorld\Mods\FCP-Ballistic-Weapons\1.6\Defs\WeaponDefs\Unique_Defs.xml
FCP	Rick.FCP.BallisticWeapons	FCP - Ballistic Weapons	weapon	FCP_Gun_Anti_Material_Rifle	Anti-Materiel Rifle	Industrial	1100.0	Item		WeaponsRanged	false	false	FCP_Anti_Material_Rifle,FCP_Sniper_Rifle,Gun		D:\Steam\steamapps\common\RimWorld\Mods\FCP-Ballistic-Weapons\1.6\Defs\WeaponDefs\Sniper_Rifle_Defs.xml
FCP	Rick.FCP.BallisticWeapons	FCP - Ballistic Weapons	weapon	FCP_Gun_Assault_Carbine	Assault Carbine	Industrial	680.0	Item		WeaponsRanged	false	false	FCP_Assault_Carbine,FCP_Assault_Rifle,Gun		D:\Steam\steamapps\common\RimWorld\Mods\FCP-Ballistic-Weapons\1.6\Defs\WeaponDefs\Assault_Rifle_Defs.xml
FCP	Rick.FCP.BallisticWeapons	FCP - Ballistic Weapons	weapon	FCP_Gun_Automatic_Rifle	Automatic Rifle	Industrial	540.0	Item		WeaponsRanged	false	false	FCP_Assault_Rifle,FCP_Automatic_Rifle,Gun		D:\Steam\steamapps\common\RimWorld\Mods\FCP-Ballistic-Weapons\1.6\Defs\WeaponDefs\Assault_Rifle_Defs.xml
FCP	Rick.FCP.BallisticWeapons	FCP - Ballistic Weapons	weapon	FCP_Gun_Battle_Rifle	Battle Rifle	Industrial	620.0	Item		WeaponsRanged	false	false	FCP_Battle_Rifle,FCP_Rifle,Gun		D:\Steam\steamapps\common\RimWorld\Mods\FCP-Ballistic-Weapons\1.6\Defs\WeaponDefs\Rifle_Defs.xml
FCP	Rick.FCP.BallisticWeapons	FCP - Ballistic Weapons	weapon	FCP_Gun_BB_Gun	BB Gun	Industrial	50.0	Item		WeaponsRanged	false	false	FCP_BB_Gun,FCP_Rifle,Gun		D:\Steam\steamapps\common\RimWorld\Mods\FCP-Ballistic-Weapons\1.6\Defs\WeaponDefs\Rifle_Defs.xml
FCP	Rick.FCP.BallisticWeapons	FCP - Ballistic Weapons	weapon	FCP_Gun_BigBoomer	Big Boomer	Industrial	920.0	Item		WeaponsRanged	false	false			D:\Steam\steamapps\common\RimWorld\Mods\FCP-Ballistic-Weapons\1.6\Defs\WeaponDefs\Unique_Defs.xml
FCP	Rick.FCP.BallisticWeapons	FCP - Ballistic Weapons	weapon	FCP_Gun_Bozar	Bozar	Industrial	1720.0	Item		WeaponsRanged	false	false			D:\Steam\steamapps\common\RimWorld\Mods\FCP-Ballistic-Weapons\1.6\Defs\WeaponDefs\Unique_Defs.xml
FCP	Rick.FCP.BallisticWeapons	FCP - Ballistic Weapons	weapon	FCP_Gun_Brush_Gun	Brush Gun	Industrial	650.0	Item		WeaponsRanged	false	false	FCP_Brush_Gun,FCP_Rifle,Gun		D:\Steam\steamapps\common\RimWorld\Mods\FCP-Ballistic-Weapons\1.6\Defs\WeaponDefs\Rifle_Defs.xml
FCP	Rick.FCP.BallisticWeapons	FCP - Ballistic Weapons	weapon	FCP_Gun_Caravan_Shotgun	Caravan Shotgun	Industrial	280.0	Item		WeaponsRanged	false	false	FCP_Caravan_Shotgun,FCP_Shotgun,Gun		D:\Steam\steamapps\common\RimWorld\Mods\FCP-Ballistic-Weapons\1.6\Defs\WeaponDefs\Shotgun_Defs.xml
FCP	Rick.FCP.BallisticWeapons	FCP - Ballistic Weapons	weapon	FCP_Gun_Chinese_Assault_Rifle	Chinese Assault Rifle	Industrial	480.0	Item		WeaponsRanged	false	false	FCP_Assault_Rifle,FCP_Chinese_Assault_Rifle,Gun		D:\Steam\steamapps\common\RimWorld\Mods\FCP-Ballistic-Weapons\1.6\Defs\WeaponDefs\Assault_Rifle_Defs.xml
FCP	Rick.FCP.BallisticWeapons	FCP - Ballistic Weapons	weapon	FCP_Gun_Chinese_Pistol	Chinese Pistol	Industrial	160.0	Item		WeaponsRanged	false	false	FCP_Chinese_Pistol,FCP_Pistol,Gun		D:\Steam\steamapps\common\RimWorld\Mods\FCP-Ballistic-Weapons\1.6\Defs\WeaponDefs\Pistol_Defs.xml
FCP	Rick.FCP.BallisticWeapons	FCP - Ballistic Weapons	weapon	FCP_Gun_ChunkyBoi	Chunky Boi	Industrial	3500.0	Item		WeaponsRanged	false	false	Gun		D:\Steam\steamapps\common\RimWorld\Mods\FCP-Ballistic-Weapons\1.6\Defs\WeaponDefs\Heavy_Weapon_Defs.xml
FCP	Rick.FCP.BallisticWeapons	FCP - Ballistic Weapons	weapon	FCP_Gun_Citykiller	Citykiller Shotgun	Industrial	780.0	Item		WeaponsRanged	false	false	FCP_Citykiller,FCP_Shotgun,Gun		D:\Steam\steamapps\common\RimWorld\Mods\FCP-Ballistic-Weapons\1.6\Defs\WeaponDefs\Shotgun_Defs.xml
FCP	Rick.FCP.BallisticWeapons	FCP - Ballistic Weapons	weapon	FCP_Gun_Colt_6520_Pistol	Colt 6520	Industrial	320.0	Item		WeaponsRanged	false	false	FCP_Colt_6520,FCP_Pistol,Gun		D:\Steam\steamapps\common\RimWorld\Mods\FCP-Ballistic-Weapons\1.6\Defs\WeaponDefs\Pistol_Defs.xml
FCP	Rick.FCP.BallisticWeapons	FCP - Ballistic Weapons	weapon	FCP_Gun_Combat_Rifle_Standard	Combat Rifle	Industrial	450.0	Item		WeaponsRanged	false	false	FCP_Combat_Rifle,FCP_Rifle,Gun		D:\Steam\steamapps\common\RimWorld\Mods\FCP-Ballistic-Weapons\1.6\Defs\WeaponDefs\Rifle_Defs.xml
FCP	Rick.FCP.BallisticWeapons	FCP - Ballistic Weapons	weapon	FCP_Gun_Combat_Shotgun	Combat Shotgun	Industrial	420.0	Item		WeaponsRanged	false	false	FCP_Combat_Shotgun,FCP_Shotgun,Gun		D:\Steam\steamapps\common\RimWorld\Mods\FCP-Ballistic-Weapons\1.6\Defs\WeaponDefs\Shotgun_Defs.xml
FCP	Rick.FCP.BallisticWeapons	FCP - Ballistic Weapons	weapon	FCP_Gun_Combat_Shotgun_MkII	Combat Shotgun MkII	Industrial	520.0	Item		WeaponsRanged	false	false	FCP_Combat_Shotgun_MkII,FCP_Shotgun,Gun		D:\Steam\steamapps\common\RimWorld\Mods\FCP-Ballistic-Weapons\1.6\Defs\WeaponDefs\Shotgun_Defs.xml
FCP	Rick.FCP.BallisticWeapons	FCP - Ballistic Weapons	weapon	FCP_Gun_Cowboy_Repeater	Cowboy Repeater	Industrial	380.0	Item		WeaponsRanged	false	false	FCP_Cowboy_Repeater,FCP_Rifle,Gun		D:\Steam\steamapps\common\RimWorld\Mods\FCP-Ballistic-Weapons\1.6\Defs\WeaponDefs\Rifle_Defs.xml
FCP	Rick.FCP.BallisticWeapons	FCP - Ballistic Weapons	weapon	FCP_Gun_Deagle	Deagle	Industrial	1200.0	Item		WeaponsRanged	false	false	FCP_Deagle,FCP_Pistol,Gun		D:\Steam\steamapps\common\RimWorld\Mods\FCP-Ballistic-Weapons\1.6\Defs\WeaponDefs\Pistol_Defs.xml
FCP	Rick.FCP.BallisticWeapons	FCP - Ballistic Weapons	weapon	FCP_Gun_Deliverer	Deliverer	Industrial	880.0	Item		WeaponsRanged	false	false			D:\Steam\steamapps\common\RimWorld\Mods\FCP-Ballistic-Weapons\1.6\Defs\WeaponDefs\Unique_Defs.xml
FCP	Rick.FCP.BallisticWeapons	FCP - Ballistic Weapons	weapon	FCP_Gun_DinnerBell	Dinner Bell	Industrial	1120.0	Item		WeaponsRanged	false	false			D:\Steam\steamapps\common\RimWorld\Mods\FCP-Ballistic-Weapons\1.6\Defs\WeaponDefs\Unique_Defs.xml
FCP	Rick.FCP.BallisticWeapons	FCP - Ballistic Weapons	weapon	FCP_Gun_DKS_500_Sniper_Rifle	DKS-500 Sniper Rifle	Industrial	680.0	Item		WeaponsRanged	false	false	FCP_DKS_500_Sniper_Rifle,FCP_Sniper_Rifle,Gun		D:\Steam\steamapps\common\RimWorld\Mods\FCP-Ballistic-Weapons\1.6\Defs\WeaponDefs\Sniper_Rifle_Defs.xml
FCP	Rick.FCP.BallisticWeapons	FCP - Ballistic Weapons	weapon	FCP_Gun_DKS_501_Sniper_Rifle	DKS-501 Sniper Rifle	Industrial		Item		WeaponsRanged	false	false	FCP_DKS_501_Sniper_Rifle,FCP_Sniper_Rifle,Gun		D:\Steam\steamapps\common\RimWorld\Mods\FCP-Ballistic-Weapons\1.6\Defs\WeaponDefs\Sniper_Rifle_Defs.xml
FCP	Rick.FCP.BallisticWeapons	FCP - Ballistic Weapons	weapon	FCP_Gun_FIDO	FIDO	Industrial	1150.0	Item		WeaponsRanged	false	false			D:\Steam\steamapps\common\RimWorld\Mods\FCP-Ballistic-Weapons\1.6\Defs\WeaponDefs\Unique_Defs.xml
FCP	Rick.FCP.BallisticWeapons	FCP - Ballistic Weapons	weapon	FCP_Gun_G11_AR	G11 Assault Rifle	Industrial	720.0	Item		WeaponsRanged	false	false	FCP_Assault_Rifle,FCP_G11,Gun		D:\Steam\steamapps\common\RimWorld\Mods\FCP-Ballistic-Weapons\1.6\Defs\WeaponDefs\Assault_Rifle_Defs.xml
FCP	Rick.FCP.BallisticWeapons	FCP - Ballistic Weapons	weapon	FCP_Gun_GobiCampaignScoutRifle	Gobi Campaign Scout Rifle	Industrial	1450.0	Item		WeaponsRanged	false	false			D:\Steam\steamapps\common\RimWorld\Mods\FCP-Ballistic-Weapons\1.6\Defs\WeaponDefs\Unique_Defs.xml
FCP	Rick.FCP.BallisticWeapons	FCP - Ballistic Weapons	weapon	FCP_Gun_HHToolsNailgun	HH Tools Nailgun	Industrial	560.0	Item		WeaponsRanged	false	false			D:\Steam\steamapps\common\RimWorld\Mods\FCP-Ballistic-Weapons\1.6\Defs\WeaponDefs\Unique_Defs.xml
FCP	Rick.FCP.BallisticWeapons	FCP - Ballistic Weapons	weapon	FCP_Gun_HK_10_SMG	HK-10 SMG	Industrial	450.0	Item		WeaponsRanged	false	false	FCP_HK_10,FCP_SMG,Gun		D:\Steam\steamapps\common\RimWorld\Mods\FCP-Ballistic-Weapons\1.6\Defs\WeaponDefs\SMG_Defs.xml
FCP	Rick.FCP.BallisticWeapons	FCP - Ballistic Weapons	weapon	FCP_Gun_Hunting_Revolver	Hunting Revolver	Industrial	650.0	Item		WeaponsRanged	false	false	FCP_Hunting_Revolver,FCP_Revolver,Gun		D:\Steam\steamapps\common\RimWorld\Mods\FCP-Ballistic-Weapons\1.6\Defs\WeaponDefs\Revolver_Defs.xml
FCP	Rick.FCP.BallisticWeapons	FCP - Ballistic Weapons	weapon	FCP_Gun_Hunting_Shotgun	Hunting Shotgun	Industrial	320.0	Item		WeaponsRanged	false	false	FCP_Hunting_Shotgun,FCP_Shotgun,Gun		D:\Steam\steamapps\common\RimWorld\Mods\FCP-Ballistic-Weapons\1.6\Defs\WeaponDefs\Shotgun_Defs.xml
FCP	Rick.FCP.BallisticWeapons	FCP - Ballistic Weapons	weapon	FCP_Gun_Infiltrator	Infiltrator	Industrial	640.0	Item		WeaponsRanged	false	false	FCP_Assault_Rifle,FCP_Infiltrator,Gun		D:\Steam\steamapps\common\RimWorld\Mods\FCP-Ballistic-Weapons\1.6\Defs\WeaponDefs\Assault_Rifle_Defs.xml
FCP	Rick.FCP.BallisticWeapons	FCP - Ballistic Weapons	weapon	FCP_Gun_Jackhammer	Jackhammer Shotgun	Industrial	680.0	Item		WeaponsRanged	false	false	FCP_Jackhammer,FCP_Shotgun,Gun		D:\Steam\steamapps\common\RimWorld\Mods\FCP-Ballistic-Weapons\1.6\Defs\WeaponDefs\Shotgun_Defs.xml
FCP	Rick.FCP.BallisticWeapons	FCP - Ballistic Weapons	weapon	FCP_Gun_K900_Cyberdog_Gun	K9000 Cyberdog Gun	Industrial	920.0	Item		WeaponsRanged	false	false	FCP_Heavy_Weapon,FCP_K900_Cyberdog_Gun,Gun		D:\Steam\steamapps\common\RimWorld\Mods\FCP-Ballistic-Weapons\1.6\Defs\WeaponDefs\Heavy_Weapon_Defs.xml
FCP	Rick.FCP.BallisticWeapons	FCP - Ballistic Weapons	weapon	FCP_Gun_LeverAction_Shotgun	Lever-Action Shotgun	Industrial	380.0	Item		WeaponsRanged	false	false	FCP_LeverAction_Shotgun,FCP_Shotgun,Gun		D:\Steam\steamapps\common\RimWorld\Mods\FCP-Ballistic-Weapons\1.6\Defs\WeaponDefs\Shotgun_Defs.xml
FCP	Rick.FCP.BallisticWeapons	FCP - Ballistic Weapons	weapon	FCP_Gun_Light_Machine_Gun	Light Machine Gun	Industrial	820.0	Item		WeaponsRanged	false	false	FCP_Heavy_Weapon,FCP_Light_Machine_Gun,Gun		D:\Steam\steamapps\common\RimWorld\Mods\FCP-Ballistic-Weapons\1.6\Defs\WeaponDefs\Heavy_Weapon_Defs.xml
FCP	Rick.FCP.BallisticWeapons	FCP - Ballistic Weapons	weapon	FCP_Gun_Light_Shining_In_Darkness	A Light Shining in Darkness	Industrial	920.0	Item		WeaponsRanged	false	false			D:\Steam\steamapps\common\RimWorld\Mods\FCP-Ballistic-Weapons\1.6\Defs\WeaponDefs\Unique_Defs.xml
FCP	Rick.FCP.BallisticWeapons	FCP - Ballistic Weapons	weapon	FCP_Gun_LilDevil	Lil' Devil	Industrial	1680.0	Item		WeaponsRanged	false	false			D:\Steam\steamapps\common\RimWorld\Mods\FCP-Ballistic-Weapons\1.6\Defs\WeaponDefs\Unique_Defs.xml
FCP	Rick.FCP.BallisticWeapons	FCP - Ballistic Weapons	weapon	FCP_Gun_LincolnsRepeater	Lincoln's Repeater	Industrial	1350.0	Item		WeaponsRanged	false	false			D:\Steam\steamapps\common\RimWorld\Mods\FCP-Ballistic-Weapons\1.6\Defs\WeaponDefs\Unique_Defs.xml
FCP	Rick.FCP.BallisticWeapons	FCP - Ballistic Weapons	weapon	FCP_Gun_Lucky	Lucky	Industrial	980.0	Item		WeaponsRanged	false	false			D:\Steam\steamapps\common\RimWorld\Mods\FCP-Ballistic-Weapons\1.6\Defs\WeaponDefs\Unique_Defs.xml
FCP	Rick.FCP.BallisticWeapons	FCP - Ballistic Weapons	weapon	FCP_Gun_Maria	Maria	Industrial	800.0	Item		WeaponsRanged	false	false			D:\Steam\steamapps\common\RimWorld\Mods\FCP-Ballistic-Weapons\1.6\Defs\WeaponDefs\Unique_Defs.xml
FCP	Rick.FCP.BallisticWeapons	FCP - Ballistic Weapons	weapon	FCP_Gun_Marksman_Carbine	Marksman Carbine	Industrial	580.0	Item		WeaponsRanged	false	false	FCP_Assault_Rifle,FCP_Marksman_Carbine,Gun		D:\Steam\steamapps\common\RimWorld\Mods\FCP-Ballistic-Weapons\1.6\Defs\WeaponDefs\Assault_Rifle_Defs.xml
FCP	Rick.FCP.BallisticWeapons	FCP - Ballistic Weapons	weapon	FCP_Gun_MedicineStick	Medicine Stick	Industrial	1450.0	Item		WeaponsRanged	false	false			D:\Steam\steamapps\common\RimWorld\Mods\FCP-Ballistic-Weapons\1.6\Defs\WeaponDefs\Unique_Defs.xml
FCP	Rick.FCP.BallisticWeapons	FCP - Ballistic Weapons	weapon	FCP_Gun_Minigun	Minigun	Industrial	850.0	Item		WeaponsRanged	false	false	FCP_Minigun_FO3,FCP_Power_Armor_Required,Gun		D:\Steam\steamapps\common\RimWorld\Mods\FCP-Ballistic-Weapons\1.6\Defs\WeaponDefs\Heavy_Weapon_Defs.xml
FCP	Rick.FCP.BallisticWeapons	FCP - Ballistic Weapons	weapon	FCP_Gun_MkI_Avenger	MkI Avenger	Industrial	1200.0	Item		WeaponsRanged	false	false	Gun		D:\Steam\steamapps\common\RimWorld\Mods\FCP-Ballistic-Weapons\1.6\Defs\WeaponDefs\Heavy_Weapon_Defs.xml
FCP	Rick.FCP.BallisticWeapons	FCP - Ballistic Weapons	weapon	FCP_Gun_MkIIAvenger	MkII Avenger	Industrial	1550.0	Item		WeaponsRanged	false	false			D:\Steam\steamapps\common\RimWorld\Mods\FCP-Ballistic-Weapons\1.6\Defs\WeaponDefs\Unique_Defs.xml
FCP	Rick.FCP.BallisticWeapons	FCP - Ballistic Weapons	weapon	FCP_Gun_OlPainless	Ol' Painless	Industrial	1450.0	Item		WeaponsRanged	false	false			D:\Steam\steamapps\common\RimWorld\Mods\FCP-Ballistic-Weapons\1.6\Defs\WeaponDefs\Unique_Defs.xml
FCP	Rick.FCP.BallisticWeapons	FCP - Ballistic Weapons	weapon	FCP_Gun_Paciena	Paciencia	Industrial	1050.0	Item		WeaponsRanged	false	false			D:\Steam\steamapps\common\RimWorld\Mods\FCP-Ballistic-Weapons\1.6\Defs\WeaponDefs\Unique_Defs.xml
FCP	Rick.FCP.BallisticWeapons	FCP - Ballistic Weapons	weapon	FCP_Gun_Pipe_BoltAction	Pipe Bolt-Action	Industrial	85.0	Item		WeaponsRanged	false	false	FCP_Pipe_Weapons,Gun		D:\Steam\steamapps\common\RimWorld\Mods\FCP-Ballistic-Weapons\1.6\Defs\WeaponDefs\Pipe_Weapons_Defs.xml
FCP	Rick.FCP.BallisticWeapons	FCP - Ballistic Weapons	weapon	FCP_Gun_Pipe_Pistol	Pipe Pistol	Industrial	120.0	Item		WeaponsRanged	false	false	FCP_Pipe_Weapons,Gun		D:\Steam\steamapps\common\RimWorld\Mods\FCP-Ballistic-Weapons\1.6\Defs\WeaponDefs\Pipe_Weapons_Defs.xml
FCP	Rick.FCP.BallisticWeapons	FCP - Ballistic Weapons	weapon	FCP_Gun_Pipe_Revolver	Pipe Revolver	Industrial	150.0	Item		WeaponsRanged	false	false	FCP_Pipe_Weapons,Gun		D:\Steam\steamapps\common\RimWorld\Mods\FCP-Ballistic-Weapons\1.6\Defs\WeaponDefs\Pipe_Weapons_Defs.xml
FCP	Rick.FCP.BallisticWeapons	FCP - Ballistic Weapons	weapon	FCP_Gun_Pipe_Rifle	Pipe Rifle	Industrial	150.0	Item		WeaponsRanged	false	false	FCP_Pipe_Weapons,Gun		D:\Steam\steamapps\common\RimWorld\Mods\FCP-Ballistic-Weapons\1.6\Defs\WeaponDefs\Pipe_Weapons_Defs.xml
FCP	Rick.FCP.BallisticWeapons	FCP - Ballistic Weapons	weapon	FCP_Gun_Pipe_Shotgun	Pipe Shotgun	Industrial	75.0	Item		WeaponsRanged	false	false	FCP_Pipe_Weapons,Gun		D:\Steam\steamapps\common\RimWorld\Mods\FCP-Ballistic-Weapons\1.6\Defs\WeaponDefs\Pipe_Weapons_Defs.xml
FCP	Rick.FCP.BallisticWeapons	FCP - Ballistic Weapons	weapon	FCP_Gun_Pipe_Sniper	Pipe Sniper Rifle	Industrial	120.0	Item		WeaponsRanged	false	false	FCP_Pipe_Weapons,Gun		D:\Steam\steamapps\common\RimWorld\Mods\FCP-Ballistic-Weapons\1.6\Defs\WeaponDefs\Pipe_Weapons_Defs.xml
FCP	Rick.FCP.BallisticWeapons	FCP - Ballistic Weapons	weapon	FCP_Gun_Police_Pistol	Police Pistol	Industrial	380.0	Item		WeaponsRanged	false	false	FCP_Police_Pistol,FCP_Revolver,Gun		D:\Steam\steamapps\common\RimWorld\Mods\FCP-Ballistic-Weapons\1.6\Defs\WeaponDefs\Revolver_Defs.xml
FCP	Rick.FCP.BallisticWeapons	FCP - Ballistic Weapons	weapon	FCP_Gun_Power_Armor_Assault_Rifle	Power Armor Assault Rifle	Industrial	750.0	Item		WeaponsRanged	false	false	FCP_FO4_Assault_Rifle,FCP_Power_Armor_Required,Gun		D:\Steam\steamapps\common\RimWorld\Mods\FCP-Ballistic-Weapons\1.6\Defs\WeaponDefs\Assault_Rifle_Defs.xml
FCP	Rick.FCP.BallisticWeapons	FCP - Ballistic Weapons	weapon	FCP_Gun_R91_Rifle	R-91 Assault Rifle	Industrial	520.0	Item		WeaponsRanged	false	false	FCP_Assault_Rifle,FCP_R91_Rifle,Gun		D:\Steam\steamapps\common\RimWorld\Mods\FCP-Ballistic-Weapons\1.6\Defs\WeaponDefs\Assault_Rifle_Defs.xml
FCP	Rick.FCP.BallisticWeapons	FCP - Ballistic Weapons	weapon	FCP_Gun_Ratslayer	Ratslayer	Industrial	820.0	Item		WeaponsRanged	false	false			D:\Steam\steamapps\common\RimWorld\Mods\FCP-Ballistic-Weapons\1.6\Defs\WeaponDefs\Unique_Defs.xml
FCP	Rick.FCP.BallisticWeapons	FCP - Ballistic Weapons	weapon	FCP_Gun_ReservistsRifle	Reservist's Rifle	Industrial		Item		WeaponsRanged	false	false			D:\Steam\steamapps\common\RimWorld\Mods\FCP-Ballistic-Weapons\1.6\Defs\WeaponDefs\Unique_Defs.xml
FCP	Rick.FCP.BallisticWeapons	FCP - Ballistic Weapons	weapon	FCP_Gun_Riot_Shotgun	Riot Shotgun	Industrial	520.0	Item		WeaponsRanged	false	false	FCP_Riot_Shotgun,FCP_Shotgun,Gun		D:\Steam\steamapps\common\RimWorld\Mods\FCP-Ballistic-Weapons\1.6\Defs\WeaponDefs\Shotgun_Defs.xml
FCP	Rick.FCP.BallisticWeapons	FCP - Ballistic Weapons	weapon	FCP_Gun_Rockwell_CZ54_Minigun	Rockwell CZ53 Personal Minigun	Industrial	780.0	Item		WeaponsRanged	false	false	FCP_Power_Armor_Required,FCP_Rockwell_CZ54_Minigun,Gun		D:\Steam\steamapps\common\RimWorld\Mods\FCP-Ballistic-Weapons\1.6\Defs\WeaponDefs\Heavy_Weapon_Defs.xml
FCP	Rick.FCP.BallisticWeapons	FCP - Ballistic Weapons	weapon	FCP_Gun_SawnOff_Shotgun	Sawn-Off Shotgun	Industrial	220.0	Item		WeaponsRanged	false	false	FCP_SawnOff_Shotgun,FCP_Shotgun,Gun		D:\Steam\steamapps\common\RimWorld\Mods\FCP-Ballistic-Weapons\1.6\Defs\WeaponDefs\Shotgun_Defs.xml
FCP	Rick.FCP.BallisticWeapons	FCP - Ballistic Weapons	weapon	FCP_Gun_Scoped_Hunting_Rifle	Scoped Hunting Rifle	Industrial	520.0	Item		WeaponsRanged	false	false	FCP_Scoped_Hunting_Rifle,FCP_Sniper_Rifle,Gun		D:\Steam\steamapps\common\RimWorld\Mods\FCP-Ballistic-Weapons\1.6\Defs\WeaponDefs\Sniper_Rifle_Defs.xml
FCP	Rick.FCP.BallisticWeapons	FCP - Ballistic Weapons	weapon	FCP_Gun_Shoulder_Mounted_MG	Shoulder Mounted Machine Gun	Industrial	900.0	Item		WeaponsRanged	false	false	FCP_Heavy_Weapon,FCP_Shoulder_Mounted_MG,Gun		D:\Steam\steamapps\common\RimWorld\Mods\FCP-Ballistic-Weapons\1.6\Defs\WeaponDefs\Heavy_Weapon_Defs.xml
FCP	Rick.FCP.BallisticWeapons	FCP - Ballistic Weapons	weapon	FCP_Gun_Silenced_10mm_Pistol	Silenced 10mm Pistol	Industrial	330.0	Item		WeaponsRanged	false	false	FCP_Pistol,FCP_Silenced_10mm_Pistol,Gun		D:\Steam\steamapps\common\RimWorld\Mods\FCP-Ballistic-Weapons\1.6\Defs\WeaponDefs\Pistol_Defs.xml
FCP	Rick.FCP.BallisticWeapons	FCP - Ballistic Weapons	weapon	FCP_Gun_Silenced_22_Pistol	Silenced .22 Pistol	Industrial	170.0	Item		WeaponsRanged	false	false	FCP_Pistol,FCP_Silenced_22_Pistol,Gun		D:\Steam\steamapps\common\RimWorld\Mods\FCP-Ballistic-Weapons\1.6\Defs\WeaponDefs\Pistol_Defs.xml
FCP	Rick.FCP.BallisticWeapons	FCP - Ballistic Weapons	weapon	FCP_Gun_Silenced_22_SMG	Silenced .22 SMG	Industrial	280.0	Item		WeaponsRanged	false	false	FCP_SMG,FCP_Silenced_22_SMG,Gun		D:\Steam\steamapps\common\RimWorld\Mods\FCP-Ballistic-Weapons\1.6\Defs\WeaponDefs\SMG_Defs.xml
FCP	Rick.FCP.BallisticWeapons	FCP - Ballistic Weapons	weapon	FCP_Gun_Single_Shotgun	Single Shotgun	Industrial	250.0	Item		WeaponsRanged	false	false	FCP_Shotgun,FCP_Single_Shotgun,Gun		D:\Steam\steamapps\common\RimWorld\Mods\FCP-Ballistic-Weapons\1.6\Defs\WeaponDefs\Shotgun_Defs.xml
FCP	Rick.FCP.BallisticWeapons	FCP - Ballistic Weapons	weapon	FCP_Gun_Sleepy_Time	Sleepytime	Industrial	680.0	Item		WeaponsRanged	false	false			D:\Steam\steamapps\common\RimWorld\Mods\FCP-Ballistic-Weapons\1.6\Defs\WeaponDefs\Unique_Defs.xml
FCP	Rick.FCP.BallisticWeapons	FCP - Ballistic Weapons	weapon	FCP_Gun_Sturdy_Caravan_Shotgun	Sturdy Caravan Shotgun	Industrial	820.0	Item		WeaponsRanged	false	false			D:\Steam\steamapps\common\RimWorld\Mods\FCP-Ballistic-Weapons\1.6\Defs\WeaponDefs\Unique_Defs.xml
FCP	Rick.FCP.BallisticWeapons	FCP - Ballistic Weapons	weapon	FCP_Gun_Survivalist_Rifle	Survivalist's Rifle	Industrial	980.0	Item		WeaponsRanged	false	false			D:\Steam\steamapps\common\RimWorld\Mods\FCP-Ballistic-Weapons\1.6\Defs\WeaponDefs\Unique_Defs.xml
FCP	Rick.FCP.BallisticWeapons	FCP - Ballistic Weapons	weapon	FCP_Gun_This_Machine	This Machine	Industrial	1080.0	Item		WeaponsRanged	false	false			D:\Steam\steamapps\common\RimWorld\Mods\FCP-Ballistic-Weapons\1.6\Defs\WeaponDefs\Unique_Defs.xml
FCP	Rick.FCP.BallisticWeapons	FCP - Ballistic Weapons	weapon	FCP_Gun_Trail_Carbine	Trail Carbine	Industrial	450.0	Item		WeaponsRanged	false	false	FCP_Rifle,FCP_Trail_Carbine,Gun		D:\Steam\steamapps\common\RimWorld\Mods\FCP-Ballistic-Weapons\1.6\Defs\WeaponDefs\Rifle_Defs.xml
FCP	Rick.FCP.BallisticWeapons	FCP - Ballistic Weapons	weapon	FCP_Gun_Vances9mmSMG	Vance's 9mm SMG	Industrial	950.0	Item		WeaponsRanged	false	false			D:\Steam\steamapps\common\RimWorld\Mods\FCP-Ballistic-Weapons\1.6\Defs\WeaponDefs\Unique_Defs.xml
FCP	Rick.FCP.BallisticWeapons	FCP - Ballistic Weapons	weapon	FCP_Gun_Varmint_Rifle	Varmint Rifle	Industrial	220.0	Item		WeaponsRanged	false	false	FCP_Varmint_Rifle,Gun		D:\Steam\steamapps\common\RimWorld\Mods\FCP-Ballistic-Weapons\1.6\Defs\WeaponDefs\Rifle_Defs.xml
FCP	Rick.FCP.BallisticWeapons	FCP - Ballistic Weapons	weapon	FCP_Gun_VictoryRifle	Victory Rifle	Industrial	1450.0	Item		WeaponsRanged	false	false			D:\Steam\steamapps\common\RimWorld\Mods\FCP-Ballistic-Weapons\1.6\Defs\WeaponDefs\Unique_Defs.xml
FCP	Rick.FCP.BallisticWeapons	FCP - Ballistic Weapons	weapon	FCP_Gun_Vindicator	Vindicator	Industrial	950.0	Item		WeaponsRanged	false	false	Gun		D:\Steam\steamapps\common\RimWorld\Mods\FCP-Ballistic-Weapons\1.6\Defs\WeaponDefs\Heavy_Weapon_Defs.xml
FCP	Rick.FCP.BallisticWeapons	FCP - Ballistic Weapons	weapon	FCP_Gun_Wanda	Wanda	Industrial	1900.0	Item		WeaponsRanged	false	false			D:\Steam\steamapps\common\RimWorld\Mods\FCP-Ballistic-Weapons\1.6\Defs\WeaponDefs\Unique_Defs.xml
FCP	Rick.FCP.BallisticWeapons	FCP - Ballistic Weapons	weapon	FCP_Gun_Weathered_10mm_Pistol	Weathered 10mm Pistol	Industrial	320.0	Item		WeaponsRanged	false	false			D:\Steam\steamapps\common\RimWorld\Mods\FCP-Ballistic-Weapons\1.6\Defs\WeaponDefs\Unique_Defs.xml
FCP	Rick.FCP.BallisticWeapons	FCP - Ballistic Weapons	weapon	FCP_Lever_Action_Rifle	Lever Action Rifle	Industrial	420.0	Item		WeaponsRanged	false	false	FCP_Lever_Action_Rifle,FCP_Rifle,Gun		D:\Steam\steamapps\common\RimWorld\Mods\FCP-Ballistic-Weapons\1.6\Defs\WeaponDefs\Rifle_Defs.xml
FCP	Rick.FCP.BOS	FCP - Brotherhood of Steel	apparel	FCP_Apparel_BoS_Appalachia_Beret	BoS Appalachia Beret	Industrial		Item		Apparel,Headgear	false	false		FCP_BoS_Apparel	D:\Steam\steamapps\common\RimWorld\Mods\FCP-Brotherhood-of-Steel\1.6\Defs\ThingDefs_Apparel\ThingDefs_BoS_HeadGear.xml
FCP	Rick.FCP.BOS	FCP - Brotherhood of Steel	apparel	FCP_Apparel_BoS_Appalachia_Fatigues	BoS Appalachia Fatigues	Industrial		Item		Apparel	false	false		FCP_BoS_Apparel	D:\Steam\steamapps\common\RimWorld\Mods\FCP-Brotherhood-of-Steel\1.6\Defs\ThingDefs_Apparel\ThingDefs_BoS_Apparel.xml
FCP	Rick.FCP.BOS	FCP - Brotherhood of Steel	apparel	FCP_Apparel_BoS_Appalachia_Infantry_Hood	BoS Appalachia Infantry Hood	Industrial		Item		Apparel,Headgear	false	false		FCP_BoS_Apparel	D:\Steam\steamapps\common\RimWorld\Mods\FCP-Brotherhood-of-Steel\1.6\Defs\ThingDefs_Apparel\ThingDefs_BoS_HeadGear.xml
FCP	Rick.FCP.BOS	FCP - Brotherhood of Steel	apparel	FCP_Apparel_BoS_Appalachia_Infantry_Uniform	BoS Appalachia Infantry Uniform	Industrial		Item		Apparel	false	false		FCP_BoS_Apparel	D:\Steam\steamapps\common\RimWorld\Mods\FCP-Brotherhood-of-Steel\1.6\Defs\ThingDefs_Apparel\ThingDefs_BoS_Apparel.xml
FCP	Rick.FCP.BOS	FCP - Brotherhood of Steel	apparel	FCP_Apparel_BoS_Appalachia_T60_Power_Armor	BoS Appalachia T-60 Power Armor	Industrial	3700.0	Item		Apparel,ApparelArmor	false	false		FCP_Power_Armor	D:\Steam\steamapps\common\RimWorld\Mods\FCP-Brotherhood-of-Steel\1.6\Defs\ThingDefs_Apparel\ThingDefs_BoS_PowerArmor.xml
FCP	Rick.FCP.BOS	FCP - Brotherhood of Steel	apparel	FCP_Apparel_BoS_Appalachia_T60_Power_Armor_Helmet	BoS Appalachia T-60 Power Armor Helmet	Industrial	1000.0	Item		Headgear	false	false		FCP_Power_Armor_Helmet	D:\Steam\steamapps\common\RimWorld\Mods\FCP-Brotherhood-of-Steel\1.6\Defs\ThingDefs_Apparel\ThingDefs_BoS_PowerArmor_Headgear.xml
FCP	Rick.FCP.BOS	FCP - Brotherhood of Steel	apparel	FCP_Apparel_BoS_B35C_Armor	BoS B35C Armor	Industrial		Item		ApparelArmor	false	false		FCP_BoS_Apparel	D:\Steam\steamapps\common\RimWorld\Mods\FCP-Brotherhood-of-Steel\1.6\Defs\ThingDefs_Apparel\ThingDefs_BoS_Apparel.xml
FCP	Rick.FCP.BOS	FCP - Brotherhood of Steel	apparel	FCP_Apparel_BoS_B35C_Helmet	BoS B35C Helmet	Industrial		Item		Apparel,Headgear	false	false		FCP_BoS_Apparel,FCP_BoS_Apparel_Lyons	D:\Steam\steamapps\common\RimWorld\Mods\FCP-Brotherhood-of-Steel\1.6\Defs\ThingDefs_Apparel\ThingDefs_BoS_HeadGear.xml
FCP	Rick.FCP.BOS	FCP - Brotherhood of Steel	apparel	FCP_Apparel_BoS_Battle_Coat	BoS Battle Coat	Industrial		Item		Apparel	false	false		FCP_BoS_Apparel	D:\Steam\steamapps\common\RimWorld\Mods\FCP-Brotherhood-of-Steel\1.6\Defs\ThingDefs_Apparel\ThingDefs_BoS_Apparel.xml
FCP	Rick.FCP.BOS	FCP - Brotherhood of Steel	apparel	FCP_Apparel_BoS_Bomber_Jacket	BoS Bomber Jacket	Industrial		Item		Apparel	false	false		FCP_BoS_Apparel	D:\Steam\steamapps\common\RimWorld\Mods\FCP-Brotherhood-of-Steel\1.6\Defs\ThingDefs_Apparel\ThingDefs_BoS_Apparel.xml
FCP	Rick.FCP.BOS	FCP - Brotherhood of Steel	apparel	FCP_Apparel_BoS_Brotherhood_Fatigues	BoS Brotherhood Fatigues	Industrial		Item		Apparel	false	false		FCP_BoS_Apparel	D:\Steam\steamapps\common\RimWorld\Mods\FCP-Brotherhood-of-Steel\1.6\Defs\ThingDefs_Apparel\ThingDefs_BoS_Apparel.xml
FCP	Rick.FCP.BOS	FCP - Brotherhood of Steel	apparel	FCP_Apparel_BoS_Brotherhood_Field_Medic_Fatigues	BoS Brotherhood Field Medic Fatigues	Industrial		Item		Apparel	false	false		FCP_BoS_Apparel	D:\Steam\steamapps\common\RimWorld\Mods\FCP-Brotherhood-of-Steel\1.6\Defs\ThingDefs_Apparel\ThingDefs_BoS_Apparel.xml
FCP	Rick.FCP.BOS	FCP - Brotherhood of Steel	apparel	FCP_Apparel_BoS_Classic_Combat_Armor_Reinforced	BoS Reinforced Combat Armor	Medieval		Item		ApparelArmor	false	false		FCP_BoS_Apparel,FCP_BoS_Apparel_Lyons	D:\Steam\steamapps\common\RimWorld\Mods\FCP-Brotherhood-of-Steel\1.6\Defs\ThingDefs_Apparel\ThingDefs_BoS_Apparel.xml
FCP	Rick.FCP.BOS	FCP - Brotherhood of Steel	apparel	FCP_Apparel_BoS_Combat_Armor_Helmet	BoS Combat Armor Helmet	Industrial	120.0	Item		ApparelArmor,ArmorHeadgear	false	false		FCP_BoS_Apparel,FCP_BoS_Combat_Armor	D:\Steam\steamapps\common\RimWorld\Mods\FCP-Brotherhood-of-Steel\1.6\Defs\ThingDefs_Apparel\ThingDefs_BoS_HeadGear.xml
FCP	Rick.FCP.BOS	FCP - Brotherhood of Steel	apparel	FCP_Apparel_BoS_Elder_Robes	BoS Elder Robes	Industrial		Item		Apparel	false	false		FCP_BoS_Apparel	D:\Steam\steamapps\common\RimWorld\Mods\FCP-Brotherhood-of-Steel\1.6\Defs\ThingDefs_Apparel\ThingDefs_BoS_Apparel.xml
FCP	Rick.FCP.BOS	FCP - Brotherhood of Steel	apparel	FCP_Apparel_BoS_Field_Scribe	BoS Field Scribe Uniform	Industrial		Item		Apparel	false	false		FCP_BoS_Apparel	D:\Steam\steamapps\common\RimWorld\Mods\FCP-Brotherhood-of-Steel\1.6\Defs\ThingDefs_Apparel\ThingDefs_BoS_Apparel.xml
FCP	Rick.FCP.BOS	FCP - Brotherhood of Steel	apparel	FCP_Apparel_BoS_Field_Scribe_Hat	BoS Science Field Hat	Industrial		Item		Apparel,Headgear	false	false		FCP_BoS_Apparel	D:\Steam\steamapps\common\RimWorld\Mods\FCP-Brotherhood-of-Steel\1.6\Defs\ThingDefs_Apparel\ThingDefs_BoS_HeadGear.xml
FCP	Rick.FCP.BOS	FCP - Brotherhood of Steel	apparel	FCP_Apparel_BoS_Flight_Helmet	BoS Flight Helmet	Industrial		Item		Apparel,Headgear	false	false		FCP_BoS_Apparel	D:\Steam\steamapps\common\RimWorld\Mods\FCP-Brotherhood-of-Steel\1.6\Defs\ThingDefs_Apparel\ThingDefs_BoS_HeadGear.xml
FCP	Rick.FCP.BOS	FCP - Brotherhood of Steel	apparel	FCP_Apparel_BoS_Heavy_Combat_Armor	BoS Heavy Combat Armor	Industrial	1050.0	Item		ApparelArmor	false	false		FCP_BoS_Apparel,FCP_BoS_Combat_Armor	D:\Steam\steamapps\common\RimWorld\Mods\FCP-Brotherhood-of-Steel\1.6\Defs\ThingDefs_Apparel\ThingDefs_BoS_Apparel.xml
FCP	Rick.FCP.BOS	FCP - Brotherhood of Steel	apparel	FCP_Apparel_BoS_Jumpsuit	BoS Jumpsuit	Industrial		Item		Apparel	false	false		FCP_BoS_Apparel	D:\Steam\steamapps\common\RimWorld\Mods\FCP-Brotherhood-of-Steel\1.6\Defs\ThingDefs_Apparel\ThingDefs_BoS_Apparel.xml
FCP	Rick.FCP.BOS	FCP - Brotherhood of Steel	apparel	FCP_Apparel_BoS_Knight_Under_Armor	BoS Knight Under Armor	Industrial		Item		Apparel	false	false		FCP_BoS_Apparel	D:\Steam\steamapps\common\RimWorld\Mods\FCP-Brotherhood-of-Steel\1.6\Defs\ThingDefs_Apparel\ThingDefs_BoS_Apparel.xml
FCP	Rick.FCP.BOS	FCP - Brotherhood of Steel	apparel	FCP_Apparel_BoS_Lancer_Captain_Hat	BoS Lancer's Captain Hat	Industrial		Item		Apparel,Headgear	false	false		FCP_BoS_Apparel	D:\Steam\steamapps\common\RimWorld\Mods\FCP-Brotherhood-of-Steel\1.6\Defs\ThingDefs_Apparel\ThingDefs_BoS_HeadGear.xml
FCP	Rick.FCP.BOS	FCP - Brotherhood of Steel	apparel	FCP_Apparel_BoS_Lancer_Captain_Uniform	BoS Lancer Captain Uniform	Industrial		Item		Apparel	false	false		FCP_BoS_Apparel	D:\Steam\steamapps\common\RimWorld\Mods\FCP-Brotherhood-of-Steel\1.6\Defs\ThingDefs_Apparel\ThingDefs_BoS_Apparel.xml
FCP	Rick.FCP.BOS	FCP - Brotherhood of Steel	apparel	FCP_Apparel_BoS_Light_Combat_Armor	BoS Light Combat Armor	Industrial	350.0	Item		ApparelArmor	false	false		FCP_BoS_Apparel,FCP_BoS_Combat_Armor	D:\Steam\steamapps\common\RimWorld\Mods\FCP-Brotherhood-of-Steel\1.6\Defs\ThingDefs_Apparel\ThingDefs_BoS_Apparel.xml
FCP	Rick.FCP.BOS	FCP - Brotherhood of Steel	apparel	FCP_Apparel_BoS_Lost_Hills_T51_Power_Armor	BoS Lost Hills T-51 Power Armor	Industrial	3500.0	Item		Apparel,ApparelArmor	false	false		FCP_Power_Armor	D:\Steam\steamapps\common\RimWorld\Mods\FCP-Brotherhood-of-Steel\1.6\Defs\ThingDefs_Apparel\ThingDefs_BoS_PowerArmor.xml
FCP	Rick.FCP.BOS	FCP - Brotherhood of Steel	apparel	FCP_Apparel_BoS_Midwestern_Power_Armor	Midwestern Brotherhood Power Armor	Industrial	3500.0	Item		Apparel,ApparelArmor	false	false		FCP_Power_Armor,FCP_Power_Armor_Midwest	D:\Steam\steamapps\common\RimWorld\Mods\FCP-Brotherhood-of-Steel\1.6\Defs\ThingDefs_Apparel\ThingDefs_BoS_PowerArmor.xml
FCP	Rick.FCP.BOS	FCP - Brotherhood of Steel	apparel	FCP_Apparel_BoS_Midwestern_Power_Armor_Helmet	Midwestern Brotherhood Power Armor Helmet	Industrial	900.0	Item		Headgear	false	false		FCP_Power_Armor,FCP_Power_Armor_Helmet,FCP_Power_Armor_Midwest	D:\Steam\steamapps\common\RimWorld\Mods\FCP-Brotherhood-of-Steel\1.6\Defs\ThingDefs_Apparel\ThingDefs_BoS_PowerArmor_Headgear.xml
FCP	Rick.FCP.BOS	FCP - Brotherhood of Steel	apparel	FCP_Apparel_BoS_Officer_Undersuit	BoS Officer Undersuit	Industrial		Item		Apparel	false	false		FCP_BoS_Apparel	D:\Steam\steamapps\common\RimWorld\Mods\FCP-Brotherhood-of-Steel\1.6\Defs\ThingDefs_Apparel\ThingDefs_BoS_Apparel.xml
FCP	Rick.FCP.BOS	FCP - Brotherhood of Steel	apparel	FCP_Apparel_BoS_Outcast_Recon_Armor	BoS Outcast Recon Armor	Industrial		Item		ApparelArmor	false	false		FCP_BoS_Outcast	D:\Steam\steamapps\common\RimWorld\Mods\FCP-Brotherhood-of-Steel\1.6\Defs\ThingDefs_Apparel\ThingDefs_BoS_Apparel.xml
FCP	Rick.FCP.BOS	FCP - Brotherhood of Steel	apparel	FCP_Apparel_BoS_Outcast_Recon_Hood	BoS Outcast Recon Hood	Industrial		Item		Apparel,Headgear	false	false		FCP_BoS_Outcast	D:\Steam\steamapps\common\RimWorld\Mods\FCP-Brotherhood-of-Steel\1.6\Defs\ThingDefs_Apparel\ThingDefs_BoS_HeadGear.xml
FCP	Rick.FCP.BOS	FCP - Brotherhood of Steel	apparel	FCP_Apparel_BoS_Outcast_Scribe_Robes	BoS Outcast Scribe Robes	Industrial		Item		Apparel	false	false		FCP_BoS_Outcast	D:\Steam\steamapps\common\RimWorld\Mods\FCP-Brotherhood-of-Steel\1.6\Defs\ThingDefs_Apparel\ThingDefs_BoS_Apparel.xml
FCP	Rick.FCP.BOS	FCP - Brotherhood of Steel	apparel	FCP_Apparel_BoS_Recon_Armor	BoS Recon Armor	Industrial		Item		ApparelArmor	false	false		FCP_BoS_Apparel,FCP_BoS_Apparel_Lyons	D:\Steam\steamapps\common\RimWorld\Mods\FCP-Brotherhood-of-Steel\1.6\Defs\ThingDefs_Apparel\ThingDefs_BoS_Apparel.xml
FCP	Rick.FCP.BOS	FCP - Brotherhood of Steel	apparel	FCP_Apparel_BoS_Recon_Hood	BoS Recon Hood	Industrial		Item		Apparel,Headgear	false	false		FCP_BoS_Apparel,FCP_BoS_Apparel_Lyons	D:\Steam\steamapps\common\RimWorld\Mods\FCP-Brotherhood-of-Steel\1.6\Defs\ThingDefs_Apparel\ThingDefs_BoS_HeadGear.xml
FCP	Rick.FCP.BOS	FCP - Brotherhood of Steel	apparel	FCP_Apparel_BoS_Science_Scribe	BoS Science Scribe Outfit	Industrial		Item		Apparel	false	false		FCP_BoS_Apparel	D:\Steam\steamapps\common\RimWorld\Mods\FCP-Brotherhood-of-Steel\1.6\Defs\ThingDefs_Apparel\ThingDefs_BoS_Apparel.xml
FCP	Rick.FCP.BOS	FCP - Brotherhood of Steel	apparel	FCP_Apparel_BoS_Science_Scribe_Hat	BoS Science Scribe Hat	Industrial		Item		Apparel,Headgear	false	false		FCP_BoS_Apparel	D:\Steam\steamapps\common\RimWorld\Mods\FCP-Brotherhood-of-Steel\1.6\Defs\ThingDefs_Apparel\ThingDefs_BoS_HeadGear.xml
FCP	Rick.FCP.BOS	FCP - Brotherhood of Steel	apparel	FCP_Apparel_BoS_Scribe_Robes	BoS Scribe Robes	Industrial		Item		Apparel	false	false		FCP_BoS_Apparel	D:\Steam\steamapps\common\RimWorld\Mods\FCP-Brotherhood-of-Steel\1.6\Defs\ThingDefs_Apparel\ThingDefs_BoS_Apparel.xml
FCP	Rick.FCP.BOS	FCP - Brotherhood of Steel	apparel	FCP_Apparel_BoS_Soldier_Undersuit	BoS Soldier Undersuit	Industrial		Item		Apparel	false	false		FCP_BoS_Apparel	D:\Steam\steamapps\common\RimWorld\Mods\FCP-Brotherhood-of-Steel\1.6\Defs\ThingDefs_Apparel\ThingDefs_BoS_Apparel.xml
FCP	Rick.FCP.BOS	FCP - Brotherhood of Steel	apparel	FCP_Apparel_BoS_Squire	BoS Squire Uniform	Industrial		Item		Apparel	false	false		FCP_BoS_Apparel	D:\Steam\steamapps\common\RimWorld\Mods\FCP-Brotherhood-of-Steel\1.6\Defs\ThingDefs_Apparel\ThingDefs_BoS_Apparel.xml
FCP	Rick.FCP.BOS	FCP - Brotherhood of Steel	apparel	FCP_Apparel_BoS_Squire_Hat	BoS Squire Hat	Industrial		Item		Apparel,Headgear	false	false		FCP_BoS_Apparel	D:\Steam\steamapps\common\RimWorld\Mods\FCP-Brotherhood-of-Steel\1.6\Defs\ThingDefs_Apparel\ThingDefs_BoS_HeadGear.xml
FCP	Rick.FCP.BOS	FCP - Brotherhood of Steel	apparel	FCP_Apparel_BoS_Sturdy_Combat_Armor	BoS Sturdy Combat Armor	Industrial	650.0	Item		ApparelArmor	false	false		FCP_BoS_Apparel,FCP_BoS_Combat_Armor	D:\Steam\steamapps\common\RimWorld\Mods\FCP-Brotherhood-of-Steel\1.6\Defs\ThingDefs_Apparel\ThingDefs_BoS_Apparel.xml
FCP	Rick.FCP.BOS	FCP - Brotherhood of Steel	apparel	FCP_Apparel_BoS_T45_Lyons_Power_Armor	BoS Lyons T-45 Power Armor	Industrial	3300.0	Item		Apparel,ApparelArmor	false	false		FCP_Power_Armor,FCP_Power_Armor_Lyons	D:\Steam\steamapps\common\RimWorld\Mods\FCP-Brotherhood-of-Steel\1.6\Defs\ThingDefs_Apparel\ThingDefs_BoS_PowerArmor.xml
FCP	Rick.FCP.BOS	FCP - Brotherhood of Steel	apparel	FCP_Apparel_BoS_T45_Lyons_Power_Armor_Helmet	BoS Lyons T-45 Power Armor Helmet	Industrial	800.0	Item		Headgear	false	false		FCP_Power_Armor_Helmet,FCP_Power_Armor_Lyons	D:\Steam\steamapps\common\RimWorld\Mods\FCP-Brotherhood-of-Steel\1.6\Defs\ThingDefs_Apparel\ThingDefs_BoS_PowerArmor_Headgear.xml
FCP	Rick.FCP.BOS	FCP - Brotherhood of Steel	apparel	FCP_Apparel_BoS_T45_Outcast_Power_Armor	BoS Outcast T-45 Power Armor	Industrial	3300.0	Item		Apparel,ApparelArmor	false	false		FCP_Power_Armor,FCP_Power_Armor_Outcast	D:\Steam\steamapps\common\RimWorld\Mods\FCP-Brotherhood-of-Steel\1.6\Defs\ThingDefs_Apparel\ThingDefs_BoS_PowerArmor.xml
FCP	Rick.FCP.BOS	FCP - Brotherhood of Steel	apparel	FCP_Apparel_BoS_T45_Outcast_Power_Armor_Helmet	BoS Outcast T-45 Power Armor Helmet	Industrial	800.0	Item		Headgear	false	false		FCP_Power_Armor_Helmet,FCP_Power_Armor_Outcast	D:\Steam\steamapps\common\RimWorld\Mods\FCP-Brotherhood-of-Steel\1.6\Defs\ThingDefs_Apparel\ThingDefs_BoS_PowerArmor_Headgear.xml
FCP	Rick.FCP.BOS	FCP - Brotherhood of Steel	apparel	FCP_Apparel_BoS_T51_Appalachia_Power_Armor	BoS Appalachia T-51 Power Armor	Industrial	3500.0	Item		Apparel,ApparelArmor	false	false		FCP_Power_Armor	D:\Steam\steamapps\common\RimWorld\Mods\FCP-Brotherhood-of-Steel\1.6\Defs\ThingDefs_Apparel\ThingDefs_BoS_PowerArmor.xml
FCP	Rick.FCP.BOS	FCP - Brotherhood of Steel	apparel	FCP_Apparel_BoS_T51_Appalachia_Power_Armor_Helmet	BoS Appalachia T-51  Power Armor Helmet	Industrial	900.0	Item		Headgear	false	false		FCP_Power_Armor_Helmet	D:\Steam\steamapps\common\RimWorld\Mods\FCP-Brotherhood-of-Steel\1.6\Defs\ThingDefs_Apparel\ThingDefs_BoS_PowerArmor_Headgear.xml
FCP	Rick.FCP.BOS	FCP - Brotherhood of Steel	apparel	FCP_Apparel_BoS_T51_Power_Armor	BoS T-51 Power Armor	Industrial	3500.0	Item		Apparel,ApparelArmor	false	false		FCP_Power_Armor	D:\Steam\steamapps\common\RimWorld\Mods\FCP-Brotherhood-of-Steel\1.6\Defs\ThingDefs_Apparel\ThingDefs_BoS_PowerArmor.xml
FCP	Rick.FCP.BOS	FCP - Brotherhood of Steel	apparel	FCP_Apparel_BoS_T51_Power_Armor_Helmet	BoS T-51 Power Armor Helmet	Industrial	900.0	Item		Headgear	false	false		FCP_Power_Armor_Helmet	D:\Steam\steamapps\common\RimWorld\Mods\FCP-Brotherhood-of-Steel\1.6\Defs\ThingDefs_Apparel\ThingDefs_BoS_PowerArmor_Headgear.xml
FCP	Rick.FCP.BOS	FCP - Brotherhood of Steel	apparel	FCP_Apparel_BoS_T60_Power_Armor	BoS T-60 Power Armor	Industrial	3700.0	Item		Apparel,ApparelArmor	false	false		FCP_Power_Armor	D:\Steam\steamapps\common\RimWorld\Mods\FCP-Brotherhood-of-Steel\1.6\Defs\ThingDefs_Apparel\ThingDefs_BoS_PowerArmor.xml
FCP	Rick.FCP.BOS	FCP - Brotherhood of Steel	apparel	FCP_Apparel_BoS_T60_Power_Armor_Helmet	BoS T-60 Power Armor Helmet	Industrial	1000.0	Item		Headgear	false	false		FCP_Power_Armor_Helmet	D:\Steam\steamapps\common\RimWorld\Mods\FCP-Brotherhood-of-Steel\1.6\Defs\ThingDefs_Apparel\ThingDefs_BoS_PowerArmor_Headgear.xml
FCP	Rick.FCP.BOS	FCP - Brotherhood of Steel	weapon	FCP_Gun_BoS_Crusader_Pistol	BoS 10mm Crusader Pistol	Industrial	900.0	Item		WeaponsRanged	false	false	FCP_BoS_Weapon,Gun		D:\Steam\steamapps\common\RimWorld\Mods\FCP-Brotherhood-of-Steel\1.6\Defs\ThingDefs_Weapons\WeaponDefs_BoS.xml
FCP	Rick.FCP.BOS	FCP - Brotherhood of Steel	weapon	FCP_Gun_BoS_M94_Plasma_Rifle	BoS M-94 Plasma Rifle	Spacer	1600.0	Item		WeaponsRanged	false	false	FCP_BoS_Weapon,Gun		D:\Steam\steamapps\common\RimWorld\Mods\FCP-Brotherhood-of-Steel\1.6\Defs\ThingDefs_Weapons\WeaponDefs_BoS.xml
FCP	Rick.FCP.BOS	FCP - Brotherhood of Steel	weapon	FCP_Gun_BoS_Ultracite_Rifle	BoS Ultracite Rifle	Spacer	1300.0	Item		WeaponsRanged	false	false	FCP_BoS_Weapon,Gun		D:\Steam\steamapps\common\RimWorld\Mods\FCP-Brotherhood-of-Steel\1.6\Defs\ThingDefs_Weapons\WeaponDefs_BoS.xml
FCP	Rick.FCP.BOS	FCP - Brotherhood of Steel	weapon	FCP_Melee_BoS_Super_Sledge	BoS Super Sledge	Spacer	1800.0	Item		WeaponsMelee	false	false	FCP_BoS_Heavy_Weapon		D:\Steam\steamapps\common\RimWorld\Mods\FCP-Brotherhood-of-Steel\1.6\Defs\ThingDefs_Weapons\WeaponDefs_BoS.xml
FCP	Rick.FCP.Core.Tools	FCP - Tools	apparel	FCP_Apparel_Mysterious_Stranger_Hat	Mysterious Stranger Hat	Industrial	10000.0	Item		Apparel,Headgear	false	false		FCP_Mysterious_Stranger_Outfit	D:\Steam\steamapps\common\RimWorld\Mods\FCP-Tools\1.6\Defs\ThingDefs_Apparel\ThingDefs_Wastelander_Apparel.xml
FCP	Rick.FCP.Core.Tools	FCP - Tools	apparel	FCP_Apparel_Mysterious_Stranger_Outfit	Mysterious Stranger	Industrial	10000.0	Item		Apparel	false	false		FCP_Mysterious_Stranger_Outfit	D:\Steam\steamapps\common\RimWorld\Mods\FCP-Tools\1.6\Defs\ThingDefs_Apparel\ThingDefs_Wastelander_Apparel.xml
FCP	Rick.FCP.Core.Tools	FCP - Tools	apparel	FCP_Apparel_Pipboy3000_Mark_IV	Pip-Boy 3000 Mark IV	Spacer	9000.0	Item		Apparel,ApparelUtility	false	false		FCP_Pipboy	D:\Steam\steamapps\common\RimWorld\Mods\FCP-Tools\1.6\Defs\ThingDefs_Apparel\ThingDefs_Pipboy.xml
FCP	Rick.FCP.Core.Tools	FCP - Tools	apparel	FCP_Apparel_Pipboy3000_Mk_I	Pip-Boy 3000	Spacer	5600.0	Item		Apparel,ApparelUtility	false	false		FCP_Pipboy	D:\Steam\steamapps\common\RimWorld\Mods\FCP-Tools\1.6\Defs\ThingDefs_Apparel\ThingDefs_Pipboy.xml
FCP	Rick.FCP.Enclave	FCP - The Enclave	apparel	FCP_Apparel_Enclave_Advanced_Power_Armor	Enclave Advanced Power Armor	Industrial	4000.0	Item		Apparel,ApparelArmor	false	false		FCP_Enclave_Power_Armor,FCP_Power_Armor	D:\Steam\steamapps\common\RimWorld\Mods\FCP-Enclave\1.6\Defs\ApparelDefs\ThingDefs_Enclave_Power_Armor.xml
FCP	Rick.FCP.Enclave	FCP - The Enclave	apparel	FCP_Apparel_Enclave_Advanced_Power_Armor_Helmet	Enclave Advanced Power Armor Helmet	Industrial	1200.0	Item		Headgear	false	false		FCP_Enclave_Advanced_Power_Armor,FCP_Power_Armor_Helmet	D:\Steam\steamapps\common\RimWorld\Mods\FCP-Enclave\1.6\Defs\ApparelDefs\ThingDefs_Enclave_Power_Armor_Headgear.xml
FCP	Rick.FCP.Enclave	FCP - The Enclave	apparel	FCP_Apparel_Enclave_Advanced_Power_Armor_MkII	Enclave Advanced Power Armor MkII	Industrial	4400.0	Item		Apparel,ApparelArmor	false	false		FCP_Enclave_Advanced_Power_Armor_MkII,FCP_Power_Armor	D:\Steam\steamapps\common\RimWorld\Mods\FCP-Enclave\1.6\Defs\ApparelDefs\ThingDefs_Enclave_Power_Armor.xml
FCP	Rick.FCP.Enclave	FCP - The Enclave	apparel	FCP_Apparel_Enclave_Advanced_Power_Armor_MkII_Helmet	Enclave Advanced Power Armor Mk II Helmet	Industrial	1350.0	Item		Headgear	false	false		FCP_Enclave_Advanced_Power_Armor_MkII,FCP_Power_Armor_Helmet	D:\Steam\steamapps\common\RimWorld\Mods\FCP-Enclave\1.6\Defs\ApparelDefs\ThingDefs_Enclave_Power_Armor_Headgear.xml
FCP	Rick.FCP.Enclave	FCP - The Enclave	apparel	FCP_Apparel_Enclave_Combat_Armor	Enclave Combat Armor	Industrial		Item		ApparelArmor	false	false		FCP_Enclave_Apparel	D:\Steam\steamapps\common\RimWorld\Mods\FCP-Enclave\1.6\Defs\ApparelDefs\ThingDefs_Enclave_Apparel.xml
FCP	Rick.FCP.Enclave	FCP - The Enclave	apparel	FCP_Apparel_Enclave_Combat_Armor_Helmet	Enclave Combat Armor Helmet	Industrial		Item		ApparelArmor,ArmorHeadgear	false	false			D:\Steam\steamapps\common\RimWorld\Mods\FCP-Enclave\1.6\Defs\ApparelDefs\ThingDefs_Enclave_Headgear.xml
FCP	Rick.FCP.Enclave	FCP - The Enclave	apparel	FCP_Apparel_Enclave_Hellfire_Power_Armor	Enclave Hellfire Power Armor	Industrial	6500.0	Item		Apparel,ApparelArmor	false	false		FCP_Enclave_Hellfire_Power_Armor,FCP_Power_Armor	D:\Steam\steamapps\common\RimWorld\Mods\FCP-Enclave\1.6\Defs\ApparelDefs\ThingDefs_Enclave_Power_Armor.xml
FCP	Rick.FCP.Enclave	FCP - The Enclave	apparel	FCP_Apparel_Enclave_Hellfire_Power_Armor_Helmet	Enclave Hellfire Power Armor Helmet	Industrial	1900.0	Item		Headgear	false	false		FCP_Enclave_Hellfire_Power_Armor,FCP_Power_Armor_Helmet	D:\Steam\steamapps\common\RimWorld\Mods\FCP-Enclave\1.6\Defs\ApparelDefs\ThingDefs_Enclave_Power_Armor_Headgear.xml
FCP	Rick.FCP.Enclave	FCP - The Enclave	apparel	FCP_Apparel_Enclave_Officer_Cap	Enclave Officer Cap	Industrial		Item		Apparel,Headgear	false	false			D:\Steam\steamapps\common\RimWorld\Mods\FCP-Enclave\1.6\Defs\ApparelDefs\ThingDefs_Enclave_Headgear.xml
FCP	Rick.FCP.Enclave	FCP - The Enclave	apparel	FCP_Apparel_Enclave_Officer_Coat	Enclave Officer Coat	Industrial		Item		Apparel	false	false		FCP_Enclave_Officer_Apparel	D:\Steam\steamapps\common\RimWorld\Mods\FCP-Enclave\1.6\Defs\ApparelDefs\ThingDefs_Enclave_Apparel.xml
FCP	Rick.FCP.Enclave	FCP - The Enclave	apparel	FCP_Apparel_Enclave_Scientist_Boots	Enclave Scientist Boots	Industrial		Item		Apparel	false	false		FCP_Enclave_Scientist_Apparel	D:\Steam\steamapps\common\RimWorld\Mods\FCP-Enclave\1.6\Defs\ApparelDefs\ThingDefs_Enclave_Apparel.xml
FCP	Rick.FCP.Enclave	FCP - The Enclave	apparel	FCP_Apparel_Enclave_Scientist_Glove	Enclave Scientist Gloves	Industrial		Item		Apparel	false	false		FCP_Enclave_Scientist_Apparel	D:\Steam\steamapps\common\RimWorld\Mods\FCP-Enclave\1.6\Defs\ApparelDefs\ThingDefs_Enclave_Apparel.xml
FCP	Rick.FCP.Enclave	FCP - The Enclave	apparel	FCP_Apparel_Enclave_Scientist_Helmet	Enclave Scientist Helmet	Industrial		Item		Apparel,Headgear	false	false			D:\Steam\steamapps\common\RimWorld\Mods\FCP-Enclave\1.6\Defs\ApparelDefs\ThingDefs_Enclave_Headgear.xml
FCP	Rick.FCP.Enclave	FCP - The Enclave	apparel	FCP_Apparel_Enclave_Scientist_Outfit	Enclave Scientist Outfit	Industrial		Item		Apparel	false	false		FCP_Enclave_Apparel	D:\Steam\steamapps\common\RimWorld\Mods\FCP-Enclave\1.6\Defs\ApparelDefs\ThingDefs_Enclave_Apparel.xml
FCP	Rick.FCP.Enclave	FCP - The Enclave	apparel	FCP_Apparel_Enclave_Sturdy_Combat_Armor	Enclave Sturdy Combat Armor	Industrial		Item		ApparelArmor	false	false		FCP_Enclave_Apparel	D:\Steam\steamapps\common\RimWorld\Mods\FCP-Enclave\1.6\Defs\ApparelDefs\ThingDefs_Enclave_Apparel.xml
FCP	Rick.FCP.Enclave	FCP - The Enclave	apparel	FCP_Apparel_Enclave_Trooper_Cap	Enclave Trooper Cap	Industrial		Item		Apparel,Headgear	false	false			D:\Steam\steamapps\common\RimWorld\Mods\FCP-Enclave\1.6\Defs\ApparelDefs\ThingDefs_Enclave_Headgear.xml
FCP	Rick.FCP.Enclave	FCP - The Enclave	apparel	FCP_Apparel_Enclave_Trooper_Uniform	Enclave Trooper Uniform	Industrial		Item		Apparel	false	false		FCP_Enclave_Apparel	D:\Steam\steamapps\common\RimWorld\Mods\FCP-Enclave\1.6\Defs\ApparelDefs\ThingDefs_Enclave_Apparel.xml
FCP	Rick.FCP.Enclave	FCP - The Enclave	apparel	FCP_Apparel_Enclave_X02_Power_Armor	Enclave X-02 Power Armor	Industrial	5000.0	Item		Apparel,ApparelArmor	false	false		FCP_Enclave_X02_Power_Armor,FCP_Power_Armor	D:\Steam\steamapps\common\RimWorld\Mods\FCP-Enclave\1.6\Defs\ApparelDefs\ThingDefs_Enclave_Power_Armor.xml
FCP	Rick.FCP.Enclave	FCP - The Enclave	apparel	FCP_Apparel_Enclave_X02_Power_Armor_Helmet	Enclave X02 Power Armor Helmet	Industrial	1500.0	Item		Headgear	false	false		FCP_Enclave_X02_Power_Armor,FCP_Power_Armor_Helmet	D:\Steam\steamapps\common\RimWorld\Mods\FCP-Enclave\1.6\Defs\ApparelDefs\ThingDefs_Enclave_Power_Armor_Headgear.xml
FCP	Rick.FCP.Enclave	FCP - The Enclave	apparel	FCP_Apparel_Enclave_X02_Tesla_Power_Armor	Enclave X-02 Tesla Power Armor	Industrial	5800.0	Item		Apparel,ApparelArmor	false	false		FCP_Enclave_X02_Tesla_Power_Armor,FCP_Power_Armor	D:\Steam\steamapps\common\RimWorld\Mods\FCP-Enclave\1.6\Defs\ApparelDefs\ThingDefs_Enclave_Power_Armor.xml
FCP	Rick.FCP.Enclave	FCP - The Enclave	apparel	FCP_Apparel_Enclave_X02_Tesla_Power_Armor_Helmet	Enclave X02 Tesla Power Armor Helmet	Industrial	1700.0	Item		Headgear	false	false		FCP_Enclave_X02_Tesla_Power_Armor,FCP_Power_Armor_Helmet	D:\Steam\steamapps\common\RimWorld\Mods\FCP-Enclave\1.6\Defs\ApparelDefs\ThingDefs_Enclave_Power_Armor_Headgear.xml
FCP	Rick.FCP.Enclave	FCP - The Enclave	weapon	FCP_Gun_Enclave_Advanced_Multiplas_Rifle	Enclave Advanced Multiplas Rifle	Spacer		Item		WeaponsRanged	false	false	FCP_Enclave_Weapon,Gun		D:\Steam\steamapps\common\RimWorld\Mods\FCP-Enclave\1.6\Defs\ThingDefs_Weapons\WeaponDefs_Enclave_Plasma.xml
FCP	Rick.FCP.Enclave	FCP - The Enclave	weapon	FCP_Gun_Enclave_Assault_Plasma_Rifle	Enclave Assault Plasma Rifle	Spacer		Item		WeaponsRanged	false	false	FCP_Enclave_Weapon,Gun		D:\Steam\steamapps\common\RimWorld\Mods\FCP-Enclave\1.6\Defs\ThingDefs_Weapons\WeaponDefs_Enclave_Plasma.xml
FCP	Rick.FCP.Enclave	FCP - The Enclave	weapon	FCP_Gun_Enclave_Plasma_Cannon	Enclave Plasma Cannon	Ultra		Item		WeaponsRanged	false	false	FCP_Enclave_Heavy_Weapon,FCP_Enclave_Weapon,Gun		D:\Steam\steamapps\common\RimWorld\Mods\FCP-Enclave\1.6\Defs\ThingDefs_Weapons\WeaponDefs_Enclave_Plasma.xml
FCP	Rick.FCP.Enclave	FCP - The Enclave	weapon	FCP_Gun_Enclave_Plasma_SMG	Enclave Plasma SMG	Spacer		Item		WeaponsRanged	false	false	FCP_Enclave_Weapon,Gun		D:\Steam\steamapps\common\RimWorld\Mods\FCP-Enclave\1.6\Defs\ThingDefs_Weapons\WeaponDefs_Enclave_Plasma.xml
FCP	Rick.FCP.Enclave	FCP - The Enclave	weapon	FCP_Gun_Enclave_SMELE_Plasma_Rifle	Enclave SMELE Plasma Rifle	Ultra		Item		WeaponsRanged	false	false	FCP_Enclave_Weapon,Gun		D:\Steam\steamapps\common\RimWorld\Mods\FCP-Enclave\1.6\Defs\ThingDefs_Weapons\WeaponDefs_Enclave_Plasma.xml
FCP	Rick.FCP.EnergyWeapons	FCP - Energy Weapons	weapon	FCP_Gun_AER14_Prototype	AER14 Prototype	Industrial	1800.0	Item		WeaponsRanged	false	false	FCP_Energy_Weapon,FCP_Laser_Weapon,Gun		D:\Steam\steamapps\common\RimWorld\Mods\FCP-Energy-Weapons\1.6\Defs\WeaponDefs\WeaponDefs_Laser.xml
FCP	Rick.FCP.EnergyWeapons	FCP - Energy Weapons	weapon	FCP_Gun_Flamer_MkI	Flamer Mk I	Spacer	980.0	Item		WeaponsRanged	false	false	FCP_Energy_Weapon,FCP_Flame_Weapon,Gun		D:\Steam\steamapps\common\RimWorld\Mods\FCP-Energy-Weapons\1.6\Defs\WeaponDefs\WeaponDefs_Flame.xml
FCP	Rick.FCP.EnergyWeapons	FCP - Energy Weapons	weapon	FCP_Gun_Flamer_MkII	Flamer Mk II	Spacer	1200.0	Item		WeaponsRanged	false	false	FCP_Energy_Weapon,FCP_Flame_Weapon,Gun		D:\Steam\steamapps\common\RimWorld\Mods\FCP-Energy-Weapons\1.6\Defs\WeaponDefs\WeaponDefs_Flame.xml
FCP	Rick.FCP.EnergyWeapons	FCP - Energy Weapons	weapon	FCP_Gun_Gatling_Laser	Gatling Laser	Spacer	1500.0	Item		WeaponsRanged	false	false	FCP_Energy_Weapon,FCP_Heavy_Energy_Weapon,FCP_Heavy_Laser_Weapon,FCP_Laser_Weapon,Gun		D:\Steam\steamapps\common\RimWorld\Mods\FCP-Energy-Weapons\1.6\Defs\WeaponDefs\WeaponDefs_Laser.xml
FCP	Rick.FCP.EnergyWeapons	FCP - Energy Weapons	weapon	FCP_Gun_Gatling_Laser_MkI	Gatling Laser Mk I	Spacer	1600.0	Item		WeaponsRanged	false	false	FCP_Energy_Weapon,FCP_Heavy_Energy_Weapon,FCP_Heavy_Laser_Weapon,FCP_Laser_Weapon,Gun		D:\Steam\steamapps\common\RimWorld\Mods\FCP-Energy-Weapons\1.6\Defs\WeaponDefs\WeaponDefs_Laser.xml
FCP	Rick.FCP.EnergyWeapons	FCP - Energy Weapons	weapon	FCP_Gun_Gauss_Minigun	Gauss Minigun	Spacer	2400.0	Item		WeaponsRanged	false	false	FCP_Energy_Weapon,FCP_Gauss_Weapon,Gun,GunHeavy		D:\Steam\steamapps\common\RimWorld\Mods\FCP-Energy-Weapons\1.6\Defs\WeaponDefs\WeaponDefs_Gauss.xml
FCP	Rick.FCP.EnergyWeapons	FCP - Energy Weapons	weapon	FCP_Gun_Gauss_Sniper_Rifle	Gauss Sniper Rifle	Spacer	2600.0	Item		WeaponsRanged	false	false	FCP_Energy_Weapon,FCP_Gauss_Weapon,Gun,SniperRifle		D:\Steam\steamapps\common\RimWorld\Mods\FCP-Energy-Weapons\1.6\Defs\WeaponDefs\WeaponDefs_Gauss.xml
FCP	Rick.FCP.EnergyWeapons	FCP - Energy Weapons	weapon	FCP_Gun_Glock_86_Plasma_Pistol	Glock 86 Plasma Pistol	Spacer	1400.0	Item		WeaponsRanged	false	false	FCP_Energy_Weapon,FCP_Plasma_Weapon,Gun		D:\Steam\steamapps\common\RimWorld\Mods\FCP-Energy-Weapons\1.6\Defs\WeaponDefs\WeaponDefs_Plasma.xml
FCP	Rick.FCP.EnergyWeapons	FCP - Energy Weapons	weapon	FCP_Gun_Heavy_Incinerator	Heavy Incinerator	Industrial	1400.0	Item		WeaponsRanged	false	false	FCP_Energy_Weapon,FCP_Flame_Weapon,FCP_Unique_Weapon,Gun		D:\Steam\steamapps\common\RimWorld\Mods\FCP-Energy-Weapons\1.6\Defs\WeaponDefs\WeaponDefs_Flame.xml
FCP	Rick.FCP.EnergyWeapons	FCP - Energy Weapons	weapon	FCP_Gun_Laser_Carbine	Laser Carbine	Spacer	1150.0	Item		WeaponsRanged	false	false	FCP_Energy_Weapon,FCP_Laser_Weapon,Gun		D:\Steam\steamapps\common\RimWorld\Mods\FCP-Energy-Weapons\1.6\Defs\WeaponDefs\WeaponDefs_Laser.xml
FCP	Rick.FCP.EnergyWeapons	FCP - Energy Weapons	weapon	FCP_Gun_Laser_Pistol	Laser Pistol	Spacer	800.0	Item		WeaponsRanged	false	false	FCP_Energy_Weapon,FCP_Laser_Weapon,Gun		D:\Steam\steamapps\common\RimWorld\Mods\FCP-Energy-Weapons\1.6\Defs\WeaponDefs\WeaponDefs_Laser.xml
FCP	Rick.FCP.EnergyWeapons	FCP - Energy Weapons	weapon	FCP_Gun_Laser_RCW	Laser RCW	Spacer	1100.0	Item		WeaponsRanged	false	false	FCP_Energy_Weapon,FCP_Laser_Weapon,Gun		D:\Steam\steamapps\common\RimWorld\Mods\FCP-Energy-Weapons\1.6\Defs\WeaponDefs\WeaponDefs_Laser.xml
FCP	Rick.FCP.EnergyWeapons	FCP - Energy Weapons	weapon	FCP_Gun_Laser_Rifle	Laser Rifle	Spacer	1200.0	Item		WeaponsRanged	false	false	FCP_Energy_Weapon,FCP_Laser_Weapon,Gun		D:\Steam\steamapps\common\RimWorld\Mods\FCP-Energy-Weapons\1.6\Defs\WeaponDefs\WeaponDefs_Laser.xml
FCP	Rick.FCP.EnergyWeapons	FCP - Energy Weapons	weapon	FCP_Gun_M72_A2_Gauss_Rifle	M72 A2 Gauss Rifle	Industrial	1800.0	Item		WeaponsRanged	false	false	FCP_Energy_Weapon,FCP_Gauss_Weapon,Gun,IndustrialGunAdvanced		D:\Steam\steamapps\common\RimWorld\Mods\FCP-Energy-Weapons\1.6\Defs\WeaponDefs\WeaponDefs_Gauss.xml
FCP	Rick.FCP.EnergyWeapons	FCP - Energy Weapons	weapon	FCP_Gun_M72_Gauss_Rifle	M72 Gauss Rifle	Spacer	1700.0	Item		WeaponsRanged	false	false	FCP_Energy_Weapon,FCP_Gauss_Weapon,Gun,IndustrialGunAdvanced		D:\Steam\steamapps\common\RimWorld\Mods\FCP-Energy-Weapons\1.6\Defs\WeaponDefs\WeaponDefs_Gauss.xml
FCP	Rick.FCP.EnergyWeapons	FCP - Energy Weapons	weapon	FCP_Gun_MF_Hyperbreeder_Alpha	MF Hyperbreeder Alpha	Spacer	2000.0	Item		WeaponsRanged	false	false	FCP_Energy_Weapon,FCP_Recharger_Weapon		D:\Steam\steamapps\common\RimWorld\Mods\FCP-Energy-Weapons\1.6\Defs\WeaponDefs\WeaponDefs_Laser.xml
FCP	Rick.FCP.EnergyWeapons	FCP - Energy Weapons	weapon	FCP_Gun_Multiplas_Rifle	Multiplas Rifle	Spacer	1800.0	Item		WeaponsRanged	false	false	FCP_Energy_Weapon,FCP_Plasma_Weapon,Gun		D:\Steam\steamapps\common\RimWorld\Mods\FCP-Energy-Weapons\1.6\Defs\WeaponDefs\WeaponDefs_Plasma.xml
FCP	Rick.FCP.EnergyWeapons	FCP - Energy Weapons	weapon	FCP_Gun_P_94_Plasma_Rifle	P-94 Plasma Rifle	Spacer	1700.0	Item		WeaponsRanged	false	false	FCP_Energy_Weapon,FCP_Plasma_Weapon,Gun		D:\Steam\steamapps\common\RimWorld\Mods\FCP-Energy-Weapons\1.6\Defs\WeaponDefs\WeaponDefs_Plasma.xml
FCP	Rick.FCP.EnergyWeapons	FCP - Energy Weapons	weapon	FCP_Gun_Pew_Pew	Pew Pew	Industrial	2200.0	Item		WeaponsRanged	false	false	FCP_Energy_Weapon,FCP_Laser_Weapon,Gun		D:\Steam\steamapps\common\RimWorld\Mods\FCP-Energy-Weapons\1.6\Defs\WeaponDefs\WeaponDefs_Laser.xml
FCP	Rick.FCP.EnergyWeapons	FCP - Energy Weapons	weapon	FCP_Gun_Plasma_Caster	Plasma Caster	Spacer		Item		WeaponsRanged	false	false	FCP_Energy_Weapon,FCP_Heavy_Energy_Weapon,FCP_Heavy_Plasma_Weapon,FCP_Plasma_Weapon,Gun		D:\Steam\steamapps\common\RimWorld\Mods\FCP-Energy-Weapons\1.6\Defs\WeaponDefs\WeaponDefs_Plasma.xml
FCP	Rick.FCP.EnergyWeapons	FCP - Energy Weapons	weapon	FCP_Gun_Plasma_Caster_MkI	Plasma Caster Mk I	Spacer	2000.0	Item		WeaponsRanged	false	false	FCP_Energy_Weapon,FCP_Heavy_Energy_Weapon,FCP_Heavy_Plasma_Weapon,FCP_Plasma_Weapon,Gun		D:\Steam\steamapps\common\RimWorld\Mods\FCP-Energy-Weapons\1.6\Defs\WeaponDefs\WeaponDefs_Plasma.xml
FCP	Rick.FCP.EnergyWeapons	FCP - Energy Weapons	weapon	FCP_Gun_Plasma_Defender	Plasma Defender	Spacer	1300.0	Item		WeaponsRanged	false	false	FCP_Energy_Weapon,FCP_Plasma_Weapon,Gun		D:\Steam\steamapps\common\RimWorld\Mods\FCP-Energy-Weapons\1.6\Defs\WeaponDefs\WeaponDefs_Plasma.xml
FCP	Rick.FCP.EnergyWeapons	FCP - Energy Weapons	weapon	FCP_Gun_Plasma_Machine_Gun	Plasma Machine Gun	Spacer	2400.0	Item		WeaponsRanged	false	false	FCP_Energy_Weapon,FCP_Heavy_Energy_Weapon,FCP_Heavy_Plasma_Weapon,FCP_Plasma_Weapon,Gun		D:\Steam\steamapps\common\RimWorld\Mods\FCP-Energy-Weapons\1.6\Defs\WeaponDefs\WeaponDefs_Plasma.xml
FCP	Rick.FCP.EnergyWeapons	FCP - Energy Weapons	weapon	FCP_Gun_Plasma_Pistol	Plasma Pistol	Spacer	1200.0	Item		WeaponsRanged	false	false	FCP_Energy_Weapon,FCP_Plasma_Weapon,Gun		D:\Steam\steamapps\common\RimWorld\Mods\FCP-Energy-Weapons\1.6\Defs\WeaponDefs\WeaponDefs_Plasma.xml
FCP	Rick.FCP.EnergyWeapons	FCP - Energy Weapons	weapon	FCP_Gun_Plasma_Rifle	Plasma Rifle	Spacer	1900.0	Item		WeaponsRanged	false	false	FCP_Energy_Weapon,FCP_Plasma_Weapon,Gun		D:\Steam\steamapps\common\RimWorld\Mods\FCP-Energy-Weapons\1.6\Defs\WeaponDefs\WeaponDefs_Plasma.xml
FCP	Rick.FCP.EnergyWeapons	FCP - Energy Weapons	weapon	FCP_Gun_PPK12_Gauss_Pistol	PPK12 Gauss Pistol	Spacer	1300.0	Item		WeaponsRanged	false	false	FCP_Energy_Weapon,FCP_Gauss_Weapon,Gun		D:\Steam\steamapps\common\RimWorld\Mods\FCP-Energy-Weapons\1.6\Defs\WeaponDefs\WeaponDefs_Gauss.xml
FCP	Rick.FCP.EnergyWeapons	FCP - Energy Weapons	weapon	FCP_Gun_Q35_Matter_Modulator	Q-35 Matter Modulator	Spacer	2200.0	Item		WeaponsRanged	false	false	FCP_Energy_Weapon,FCP_Plasma_Weapon,FCP_Unique_Weapon		D:\Steam\steamapps\common\RimWorld\Mods\FCP-Energy-Weapons\1.6\Defs\WeaponDefs\WeaponDefs_Plasma.xml
FCP	Rick.FCP.EnergyWeapons	FCP - Energy Weapons	weapon	FCP_Gun_Recharger_Pistol	Recharger Pistol	Spacer	850.0	Item		WeaponsRanged	false	false	FCP_Energy_Weapon,FCP_Recharger_Weapon,Gun		D:\Steam\steamapps\common\RimWorld\Mods\FCP-Energy-Weapons\1.6\Defs\WeaponDefs\WeaponDefs_Laser.xml
FCP	Rick.FCP.EnergyWeapons	FCP - Energy Weapons	weapon	FCP_Gun_Recharger_Rifle	Recharger Rifle	Spacer	1250.0	Item		WeaponsRanged	false	false	FCP_Energy_Weapon,FCP_Recharger_Weapon,Gun		D:\Steam\steamapps\common\RimWorld\Mods\FCP-Energy-Weapons\1.6\Defs\WeaponDefs\WeaponDefs_Laser.xml
FCP	Rick.FCP.EnergyWeapons	FCP - Energy Weapons	weapon	FCP_Gun_Sprtel_Wood_9700_Unique	Sprtel-Wood 9700	Industrial		Item		WeaponsRanged	false	false	FCP_Heavy_Energy_Weapon,Gun		D:\Steam\steamapps\common\RimWorld\Mods\FCP-Energy-Weapons\1.6\Defs\WeaponDefs\WeaponDefs_Laser.xml
FCP	Rick.FCP.EnergyWeapons	FCP - Energy Weapons	weapon	FCP_Gun_Tri_Beam_Laser_Rifle	Tri-Beam Laser Rifle	Spacer	1400.0	Item		WeaponsRanged	false	false	FCP_Energy_Weapon,FCP_Laser_Weapon,Gun		D:\Steam\steamapps\common\RimWorld\Mods\FCP-Energy-Weapons\1.6\Defs\WeaponDefs\WeaponDefs_Laser.xml
FCP	Rick.FCP.EnergyWeapons	FCP - Energy Weapons	weapon	FCP_Gun_Wattz_1000_Laser_Pistol	Wattz 1000 Laser Pistol	Spacer	900.0	Item		WeaponsRanged	false	false	FCP_Energy_Weapon,FCP_Laser_Weapon,Gun		D:\Steam\steamapps\common\RimWorld\Mods\FCP-Energy-Weapons\1.6\Defs\WeaponDefs\WeaponDefs_Laser.xml
FCP	Rick.FCP.EnergyWeapons	FCP - Energy Weapons	weapon	FCP_Gun_Wattz_2000_Laser_Rifle	Wattz 2000 Laser Rifle	Industrial	1300.0	Item		WeaponsRanged	false	false	FCP_Energy_Weapon,FCP_Laser_Weapon,Gun		D:\Steam\steamapps\common\RimWorld\Mods\FCP-Energy-Weapons\1.6\Defs\WeaponDefs\WeaponDefs_Laser.xml
FCP	Rick.FCP.EnergyWeapons	FCP - Energy Weapons	weapon	FCP_Gun_YK32_Pulse_Pistol	YK32 Pulse Pistol	Spacer	2400.0	Item		WeaponsRanged	false	false	FCP_Energy_Weapon,FCP_Pulse_Weapon,Gun		D:\Steam\steamapps\common\RimWorld\Mods\FCP-Energy-Weapons\1.6\Defs\WeaponDefs\WeaponDefs_Pulse.xml
FCP	Rick.FCP.EnergyWeapons	FCP - Energy Weapons	weapon	FCP_Gun_YK42B_Pulse_Rifle	YK42B Pulse Rifle	Spacer	2800.0	Item		WeaponsRanged	false	false	FCP_Energy_Weapon,FCP_Pulse_Weapon,Gun		D:\Steam\steamapps\common\RimWorld\Mods\FCP-Energy-Weapons\1.6\Defs\WeaponDefs\WeaponDefs_Pulse.xml
FCP	Rick.FCP.GreatKhans	FCP - Great Khans	apparel	FCP_Apparel_Great_Khan_Armored_Leathers	armored leathers	Industrial		Item		Apparel,ApparelArmor	false	false		FCP_Great_Khan_Armor	D:\Steam\steamapps\common\RimWorld\Mods\FCP-Great-Khans\1.6\Defs\ThingDefs_Apparel\GreatKhan_Apparel.xml
FCP	Rick.FCP.GreatKhans	FCP - Great Khans	apparel	FCP_Apparel_Great_Khan_Helmet	Great Khan helmet	Industrial		Item		Apparel,ApparelArmor,Headgear	false	false		FCP_Great_Khan_Helmet	D:\Steam\steamapps\common\RimWorld\Mods\FCP-Great-Khans\1.6\Defs\ThingDefs_Apparel\GreatKhan_Apparel.xml
FCP	Rick.FCP.GreatKhans	FCP - Great Khans	apparel	FCP_Apparel_Great_Khan_Simple_Armor	Great Khan simple armor	Industrial		Item		Apparel,ApparelArmor	false	false		FCP_Great_Khan_Armor	D:\Steam\steamapps\common\RimWorld\Mods\FCP-Great-Khans\1.6\Defs\ThingDefs_Apparel\GreatKhan_Apparel.xml
FCP	Rick.FCP.GreatKhans	FCP - Great Khans	apparel	FCP_Apparel_Great_Khan_Soldier_Armor	Great Khan soldier armor	Industrial		Item		Apparel,ApparelArmor	false	false		FCP_Great_Khan_Armor,FCP_Great_Khan_Soldier	D:\Steam\steamapps\common\RimWorld\Mods\FCP-Great-Khans\1.6\Defs\ThingDefs_Apparel\GreatKhan_Apparel.xml
FCP	Rick.FCP.GreatKhans	FCP - Great Khans	apparel	FCP_Apparel_Great_Khan_Suit_Armor	suit armor	Industrial		Item		Apparel,ApparelArmor	false	false		FCP_Great_Khan_Elite,FCP_Great_Khan_Leader	D:\Steam\steamapps\common\RimWorld\Mods\FCP-Great-Khans\1.6\Defs\ThingDefs_Apparel\GreatKhan_Apparel.xml
FCP	Rick.FCP.Legion	FCP - Caesars Legion	apparel	FCP_Apparel_Caesar_Robes	Caesar's Robes	Industrial		Item		Apparel,ApparelNoble	false	false		FCP_Legion,IndustrialAdvanced,Royal	D:\Steam\steamapps\common\RimWorld\Mods\FCP-Caesars-Legion\1.6\Defs\ThingDefs_Apparel\ThingDefs_Apparel.xml
FCP	Rick.FCP.Legion	FCP - Caesars Legion	apparel	FCP_Apparel_Legion_Centurion_Armor	Legion Centurion Armor	Industrial		Item		ApparelArmor	false	false		FCP_Legion	D:\Steam\steamapps\common\RimWorld\Mods\FCP-Caesars-Legion\1.6\Defs\ThingDefs_Apparel\ThingDefs_Apparel.xml
FCP	Rick.FCP.Legion	FCP - Caesars Legion	apparel	FCP_Apparel_Legion_Centurion_Helmet	Legion Centurion Helmet	Industrial		Item		ApparelArmor,ArmorHeadgear	false	false		FCP_Legion	D:\Steam\steamapps\common\RimWorld\Mods\FCP-Caesars-Legion\1.6\Defs\ThingDefs_Apparel\ThingDefs_Apparel.xml
FCP	Rick.FCP.Legion	FCP - Caesars Legion	apparel	FCP_Apparel_Legion_Explorer_Armor	Legion Explorer Armor	Industrial		Item		ApparelArmor	false	false		FCP_Legion	D:\Steam\steamapps\common\RimWorld\Mods\FCP-Caesars-Legion\1.6\Defs\ThingDefs_Apparel\ThingDefs_Apparel.xml
FCP	Rick.FCP.Legion	FCP - Caesars Legion	apparel	FCP_Apparel_Legion_Explorer_Hood	Legion Explorers Hood	Industrial		Item		ApparelArmor,ArmorHeadgear	false	false		FCP_Legion	D:\Steam\steamapps\common\RimWorld\Mods\FCP-Caesars-Legion\1.6\Defs\ThingDefs_Apparel\ThingDefs_Apparel.xml
FCP	Rick.FCP.Legion	FCP - Caesars Legion	apparel	FCP_Apparel_Legion_Legate_Armor	Legion Legate Armor	Industrial		Item		ApparelArmor	false	false		FCP_Legion	D:\Steam\steamapps\common\RimWorld\Mods\FCP-Caesars-Legion\1.6\Defs\ThingDefs_Apparel\ThingDefs_Apparel.xml
FCP	Rick.FCP.Legion	FCP - Caesars Legion	apparel	FCP_Apparel_Legion_Legate_Helmet	Legion Legate Helmet	Industrial		Item		ApparelArmor,ArmorHeadgear	false	false		FCP_Legion	D:\Steam\steamapps\common\RimWorld\Mods\FCP-Caesars-Legion\1.6\Defs\ThingDefs_Apparel\ThingDefs_Apparel.xml
FCP	Rick.FCP.Legion	FCP - Caesars Legion	apparel	FCP_Apparel_Legion_Plate	Legion Plate	Industrial		Item		ApparelArmor	false	false		FCP_Legion	D:\Steam\steamapps\common\RimWorld\Mods\FCP-Caesars-Legion\1.6\Defs\ThingDefs_Apparel\ThingDefs_Apparel.xml
FCP	Rick.FCP.Legion	FCP - Caesars Legion	apparel	FCP_Apparel_Legion_Praetorian_Armor	Legion Praetorian Armor	Industrial		Item		ApparelArmor	false	false		FCP_Legion	D:\Steam\steamapps\common\RimWorld\Mods\FCP-Caesars-Legion\1.6\Defs\ThingDefs_Apparel\ThingDefs_Apparel.xml
FCP	Rick.FCP.Legion	FCP - Caesars Legion	apparel	FCP_Apparel_Legion_Prime_Armor	Legion Prime Armor	Industrial		Item		ApparelArmor	false	false		FCP_Legion	D:\Steam\steamapps\common\RimWorld\Mods\FCP-Caesars-Legion\1.6\Defs\ThingDefs_Apparel\ThingDefs_Apparel.xml
FCP	Rick.FCP.Legion	FCP - Caesars Legion	apparel	FCP_Apparel_Legion_Prime_Decanus_Helmet	Legion Prime Decanus Helmet	Industrial		Item		ApparelArmor,ArmorHeadgear	false	false		FCP_Legion	D:\Steam\steamapps\common\RimWorld\Mods\FCP-Caesars-Legion\1.6\Defs\ThingDefs_Apparel\ThingDefs_Apparel.xml
FCP	Rick.FCP.Legion	FCP - Caesars Legion	apparel	FCP_Apparel_Legion_Prime_Helmet	Legion Prime Helmet	Industrial		Item		ApparelArmor,ArmorHeadgear	false	false		FCP_Legion	D:\Steam\steamapps\common\RimWorld\Mods\FCP-Caesars-Legion\1.6\Defs\ThingDefs_Apparel\ThingDefs_Apparel.xml
FCP	Rick.FCP.Legion	FCP - Caesars Legion	apparel	FCP_Apparel_Legion_Recruit_Armor	Legion Recruit Armor	Industrial		Item		ApparelArmor	false	false		FCP_Legion	D:\Steam\steamapps\common\RimWorld\Mods\FCP-Caesars-Legion\1.6\Defs\ThingDefs_Apparel\ThingDefs_Apparel.xml
FCP	Rick.FCP.Legion	FCP - Caesars Legion	apparel	FCP_Apparel_Legion_Recruit_Decanus_Helmet	Legion Recruit Decanus Helmet	Industrial		Item		ApparelArmor,ArmorHeadgear	false	false		FCP_Legion	D:\Steam\steamapps\common\RimWorld\Mods\FCP-Caesars-Legion\1.6\Defs\ThingDefs_Apparel\ThingDefs_Apparel.xml
FCP	Rick.FCP.Legion	FCP - Caesars Legion	apparel	FCP_Apparel_Legion_Recruit_Helmet	Legion Recruit Helmet	Industrial		Item		ApparelArmor,ArmorHeadgear	false	false		FCP_Legion	D:\Steam\steamapps\common\RimWorld\Mods\FCP-Caesars-Legion\1.6\Defs\ThingDefs_Apparel\ThingDefs_Apparel.xml
FCP	Rick.FCP.Legion	FCP - Caesars Legion	apparel	FCP_Apparel_Legion_Tunic	Legion Tunic	Industrial		Item		Apparel	false	false		FCP_Legion	D:\Steam\steamapps\common\RimWorld\Mods\FCP-Caesars-Legion\1.6\Defs\ThingDefs_Apparel\ThingDefs_Apparel.xml
FCP	Rick.FCP.Legion	FCP - Caesars Legion	apparel	FCP_Apparel_Legion_Vest	Legion Vest	Industrial		Item		Apparel	false	false		FCP_Legion	D:\Steam\steamapps\common\RimWorld\Mods\FCP-Caesars-Legion\1.6\Defs\ThingDefs_Apparel\ThingDefs_Apparel.xml
FCP	Rick.FCP.Legion	FCP - Caesars Legion	apparel	FCP_Apparel_Legion_Veteran_Armor	Legion Veteran Armor	Industrial		Item		ApparelArmor	false	false		FCP_Legion	D:\Steam\steamapps\common\RimWorld\Mods\FCP-Caesars-Legion\1.6\Defs\ThingDefs_Apparel\ThingDefs_Apparel.xml
FCP	Rick.FCP.Legion	FCP - Caesars Legion	apparel	FCP_Apparel_Legion_Veteran_Decanus_Helmet	Legion Veteran Decanus Helmet	Industrial		Item		ApparelArmor,ArmorHeadgear	false	false		FCP_Legion	D:\Steam\steamapps\common\RimWorld\Mods\FCP-Caesars-Legion\1.6\Defs\ThingDefs_Apparel\ThingDefs_Apparel.xml
FCP	Rick.FCP.Legion	FCP - Caesars Legion	apparel	FCP_Apparel_Legion_Veteran_Helmet	Legion Veteran Helmet	Industrial		Item		ApparelArmor,ArmorHeadgear	false	false		FCP_Legion	D:\Steam\steamapps\common\RimWorld\Mods\FCP-Caesars-Legion\1.6\Defs\ThingDefs_Apparel\ThingDefs_Apparel.xml
FCP	Rick.FCP.Legion	FCP - Caesars Legion	apparel	FCP_Apparel_Legion_Vexillarius_Armor	Legion Vexillarius Armor	Industrial		Item		ApparelArmor	false	false		FCP_Legion	D:\Steam\steamapps\common\RimWorld\Mods\FCP-Caesars-Legion\1.6\Defs\ThingDefs_Apparel\ThingDefs_Apparel.xml
FCP	Rick.FCP.Legion	FCP - Caesars Legion	apparel	FCP_Apparel_Legion_Vexillarius_Helmet	Legion Vexillarius Helmet	Industrial		Item		ApparelArmor,ArmorHeadgear	false	false		FCP_Legion	D:\Steam\steamapps\common\RimWorld\Mods\FCP-Caesars-Legion\1.6\Defs\ThingDefs_Apparel\ThingDefs_Apparel.xml
FCP	Rick.FCP.MeleeWeapons	FCP - Melee Weapons	weapon	FCP_Melee_9_Iron	9 Iron	Industrial	90.0	Item		WeaponsMelee	false	false	FCP_Melee_Makeshift		D:\Steam\steamapps\common\RimWorld\Mods\FCP-Melee-Weapons\1.6\Defs\Melee_Weapon_Defs.xml
FCP	Rick.FCP.MeleeWeapons	FCP - Melee Weapons	weapon	FCP_Melee_Bat	Baseball Bat	Industrial	80.0	Item		WeaponsMelee	false	false	FCP_Melee_Makeshift		D:\Steam\steamapps\common\RimWorld\Mods\FCP-Melee-Weapons\1.6\Defs\Melee_Weapon_Defs.xml
FCP	Rick.FCP.MeleeWeapons	FCP - Melee Weapons	weapon	FCP_Melee_Bat_Aluminum	Aluminum Bat	Industrial	120.0	Item		WeaponsMelee	false	false	FCP_Melee_Makeshift		D:\Steam\steamapps\common\RimWorld\Mods\FCP-Melee-Weapons\1.6\Defs\Melee_Weapon_Defs.xml
FCP	Rick.FCP.MeleeWeapons	FCP - Melee Weapons	weapon	FCP_Melee_Bat_Saw	Saw Bat	Industrial	220.0	Item		WeaponsMelee	false	false	FCP_Melee_Makeshift		D:\Steam\steamapps\common\RimWorld\Mods\FCP-Melee-Weapons\1.6\Defs\Melee_Weapon_Defs.xml
FCP	Rick.FCP.MeleeWeapons	FCP - Melee Weapons	weapon	FCP_Melee_Bat_Spiked	Spiked Bat	Industrial	180.0	Item		WeaponsMelee	false	false	FCP_Melee_Makeshift		D:\Steam\steamapps\common\RimWorld\Mods\FCP-Melee-Weapons\1.6\Defs\Melee_Weapon_Defs.xml
FCP	Rick.FCP.MeleeWeapons	FCP - Melee Weapons	weapon	FCP_Melee_Board_Spiked	Spiked Board	Industrial	60.0	Item		WeaponsMelee	false	false	FCP_Melee_Makeshift		D:\Steam\steamapps\common\RimWorld\Mods\FCP-Melee-Weapons\1.6\Defs\Melee_Weapon_Defs.xml
FCP	Rick.FCP.MeleeWeapons	FCP - Melee Weapons	weapon	FCP_Melee_Bumper_Sword	Bumper Sword	Industrial	200.0	Item		WeaponsMelee	false	false	FCP_Melee_Heavy		D:\Steam\steamapps\common\RimWorld\Mods\FCP-Melee-Weapons\1.6\Defs\Melee_Weapon_Defs.xml
FCP	Rick.FCP.MeleeWeapons	FCP - Melee Weapons	weapon	FCP_Melee_Chainsaw	Chainsaw	Industrial	450.0	Item		WeaponsMelee	false	false	FCP_Melee_Heavy		D:\Steam\steamapps\common\RimWorld\Mods\FCP-Melee-Weapons\1.6\Defs\Melee_Weapon_Defs.xml
FCP	Rick.FCP.MeleeWeapons	FCP - Melee Weapons	weapon	FCP_Melee_Meat_Cleaver	Meat Cleaver	Industrial	120.0	Item		WeaponsMelee	false	false	FCP_Melee_Makeshift		D:\Steam\steamapps\common\RimWorld\Mods\FCP-Melee-Weapons\1.6\Defs\Melee_Weapon_Defs.xml
FCP	Rick.FCP.MeleeWeapons	FCP - Melee Weapons	weapon	FCP_Melee_Mr_Handy_Buzz_Blade	Mr. Handy Buzz Blade	Industrial	650.0	Item		WeaponsMelee	false	false	FCP_Melee_Advanced		D:\Steam\steamapps\common\RimWorld\Mods\FCP-Melee-Weapons\1.6\Defs\Melee_Weapon_Defs.xml
FCP	Rick.FCP.MeleeWeapons	FCP - Melee Weapons	weapon	FCP_Melee_Pool_Cue	Pool Cue	Industrial	50.0	Item		WeaponsMelee	false	false	FCP_Melee_Makeshift		D:\Steam\steamapps\common\RimWorld\Mods\FCP-Melee-Weapons\1.6\Defs\Melee_Weapon_Defs.xml
FCP	Rick.FCP.MeleeWeapons	FCP - Melee Weapons	weapon	FCP_Melee_Rebar_Club	Rebar Club	Industrial	150.0	Item		WeaponsMelee	false	false	FCP_Melee_Makeshift		D:\Steam\steamapps\common\RimWorld\Mods\FCP-Melee-Weapons\1.6\Defs\Melee_Weapon_Defs.xml
FCP	Rick.FCP.MeleeWeapons	FCP - Melee Weapons	weapon	FCP_Melee_Ripper	Ripper	Spacer	580.0	Item		WeaponsMelee	false	false	FCP_Melee_Advanced		D:\Steam\steamapps\common\RimWorld\Mods\FCP-Melee-Weapons\1.6\Defs\Melee_Weapon_Defs.xml
FCP	Rick.FCP.MeleeWeapons	FCP - Melee Weapons	weapon	FCP_Melee_Rolling_Pin	Rolling Pin	Industrial	50.0	Item		WeaponsMelee	false	false	FCP_Melee_Makeshift		D:\Steam\steamapps\common\RimWorld\Mods\FCP-Melee-Weapons\1.6\Defs\Melee_Weapon_Defs.xml
FCP	Rick.FCP.MeleeWeapons	FCP - Melee Weapons	weapon	FCP_Melee_Scrap_Axe	Scrap Axe	Industrial	100.0	Item		WeaponsMelee	false	false	FCP_Melee_Makeshift		D:\Steam\steamapps\common\RimWorld\Mods\FCP-Melee-Weapons\1.6\Defs\Melee_Weapon_Defs.xml
FCP	Rick.FCP.MeleeWeapons	FCP - Melee Weapons	weapon	FCP_Melee_Scrap_Machete	Scrap Machete	Industrial	110.0	Item		WeaponsMelee	false	false	FCP_Melee_Makeshift		D:\Steam\steamapps\common\RimWorld\Mods\FCP-Melee-Weapons\1.6\Defs\Melee_Weapon_Defs.xml
FCP	Rick.FCP.MeleeWeapons	FCP - Melee Weapons	weapon	FCP_Melee_Scrap_Pipe	Scrap Pipe	Industrial	60.0	Item		WeaponsMelee	false	false	FCP_Melee_Makeshift		D:\Steam\steamapps\common\RimWorld\Mods\FCP-Melee-Weapons\1.6\Defs\Melee_Weapon_Defs.xml
FCP	Rick.FCP.MeleeWeapons	FCP - Melee Weapons	weapon	FCP_Melee_Shishkebab	Shishkebab	Industrial	420.0	Item		WeaponsMelee	false	false	FCP_Melee_Advanced		D:\Steam\steamapps\common\RimWorld\Mods\FCP-Melee-Weapons\1.6\Defs\Melee_Weapon_Defs.xml
FCP	Rick.FCP.MeleeWeapons	FCP - Melee Weapons	weapon	FCP_Melee_Sledgehammer	Sledgehammer	Industrial	180.0	Item		WeaponsMelee	false	false	FCP_Melee_Heavy		D:\Steam\steamapps\common\RimWorld\Mods\FCP-Melee-Weapons\1.6\Defs\Melee_Weapon_Defs.xml
FCP	Rick.FCP.MeleeWeapons	FCP - Melee Weapons	weapon	FCP_Melee_Super_Sledge	Super Sledge	Spacer	850.0	Item		WeaponsMelee	false	false	FCP_Melee_Advanced,FCP_Melee_Heavy		D:\Steam\steamapps\common\RimWorld\Mods\FCP-Melee-Weapons\1.6\Defs\Melee_Weapon_Defs.xml
FCP	Rick.FCP.NCR	FCP - New California Republic	apparel	FCP_Accessories_NCR_Bandoleer	Trooper Bandoleer	Industrial		Item		ApparelArmor	false	false		FCP_NCR_Trooper_Accessory	D:\Steam\steamapps\common\RimWorld\Mods\FCP-NCR\1.6\Defs\ThingDefs_Apparel\ThingDefs_Accessories.xml
FCP	Rick.FCP.NCR	FCP - New California Republic	apparel	FCP_Accessories_NCR_Mantle	Trooper Mantle	Industrial		Item		ApparelArmor	false	false		FCP_NCR_Trooper_Accessory	D:\Steam\steamapps\common\RimWorld\Mods\FCP-NCR\1.6\Defs\ThingDefs_Apparel\ThingDefs_Accessories.xml
FCP	Rick.FCP.NCR	FCP - New California Republic	apparel	FCP_Apparel_NCR_Ambassador_Dress	NCR Ambassador Dress	Industrial		Item		Apparel	false	false		FCP_NCR_Ambassador	D:\Steam\steamapps\common\RimWorld\Mods\FCP-NCR\1.6\Defs\ThingDefs_Apparel\ThingDefs_Apparel.xml
FCP	Rick.FCP.NCR	FCP - New California Republic	apparel	FCP_Apparel_NCR_Ambassador_Suit	NCR Ambassador's Suit	Industrial		Item		Apparel	false	false		FCP_NCR_Ambassador	D:\Steam\steamapps\common\RimWorld\Mods\FCP-NCR\1.6\Defs\ThingDefs_Apparel\ThingDefs_Apparel.xml
FCP	Rick.FCP.NCR	FCP - New California Republic	apparel	FCP_Apparel_NCR_Beret	NCR Beret	Industrial		Item		Apparel,Headgear	false	false		FCP_NCR_Trooper_Officer	D:\Steam\steamapps\common\RimWorld\Mods\FCP-NCR\1.6\Defs\ThingDefs_Apparel\ThingDefs_Headgear.xml
FCP	Rick.FCP.NCR	FCP - New California Republic	apparel	FCP_Apparel_NCR_Beret_1st_Recon	NCR First Recon Beret	Industrial		Item		Apparel,Headgear	false	false		FCP_NCR_Trooper_Officer,FCP_NCR_Trooper_Recon	D:\Steam\steamapps\common\RimWorld\Mods\FCP-NCR\1.6\Defs\ThingDefs_Apparel\ThingDefs_Headgear.xml
FCP	Rick.FCP.NCR	FCP - New California Republic	apparel	FCP_Apparel_NCR_Engineer_Jumpsuit	NCR Engineer Jumpsuit	Industrial		Item		Apparel	false	false		FCP_NCR_Engineer	D:\Steam\steamapps\common\RimWorld\Mods\FCP-NCR\1.6\Defs\ThingDefs_Apparel\ThingDefs_Apparel.xml
FCP	Rick.FCP.NCR	FCP - New California Republic	apparel	FCP_Apparel_NCR_Face_Wrap_Goggles_Helmet	Face Wrap Goggles Trooper Helmet	Industrial		Item		ApparelArmor,ArmorHeadgear	false	false		FCP_NCR_Trooper	D:\Steam\steamapps\common\RimWorld\Mods\FCP-NCR\1.6\Defs\ThingDefs_Apparel\ThingDefs_Headgear.xml
FCP	Rick.FCP.NCR	FCP - New California Republic	apparel	FCP_Apparel_NCR_Face_Wrap_Helmet	Face Wrap Trooper Helmet	Industrial		Item		ApparelArmor,ArmorHeadgear	false	false		FCP_NCR_Trooper	D:\Steam\steamapps\common\RimWorld\Mods\FCP-NCR\1.6\Defs\ThingDefs_Apparel\ThingDefs_Headgear.xml
FCP	Rick.FCP.NCR	FCP - New California Republic	apparel	FCP_Apparel_NCR_General_Cap	NCR General Cap	Industrial		Item		Apparel,Headgear	false	false		FCP_NCR_General	D:\Steam\steamapps\common\RimWorld\Mods\FCP-NCR\1.6\Defs\ThingDefs_Apparel\ThingDefs_Headgear.xml
FCP	Rick.FCP.NCR	FCP - New California Republic	apparel	FCP_Apparel_NCR_Generals_Uniform	NCR General Uniform	Industrial		Item		Apparel	false	false		FCP_NCR_General	D:\Steam\steamapps\common\RimWorld\Mods\FCP-NCR\1.6\Defs\ThingDefs_Apparel\ThingDefs_Apparel.xml
FCP	Rick.FCP.NCR	FCP - New California Republic	apparel	FCP_Apparel_NCR_Goggles_Helmet	Goggles Trooper Helmet	Industrial		Item		ApparelArmor,ArmorHeadgear	false	false		FCP_NCR_Trooper	D:\Steam\steamapps\common\RimWorld\Mods\FCP-NCR\1.6\Defs\ThingDefs_Apparel\ThingDefs_Headgear.xml
FCP	Rick.FCP.NCR	FCP - New California Republic	apparel	FCP_Apparel_NCR_MP_Helmet	MP Trooper Helmet	Industrial		Item		ApparelArmor,ArmorHeadgear	false	false		FCP_NCR_MP	D:\Steam\steamapps\common\RimWorld\Mods\FCP-NCR\1.6\Defs\ThingDefs_Apparel\ThingDefs_Headgear.xml
FCP	Rick.FCP.NCR	FCP - New California Republic	apparel	FCP_Apparel_NCR_Presidents_Suit	NCR President Suit	Industrial		Item		Apparel	false	false			D:\Steam\steamapps\common\RimWorld\Mods\FCP-NCR\1.6\Defs\ThingDefs_Apparel\ThingDefs_Apparel.xml
FCP	Rick.FCP.NCR	FCP - New California Republic	apparel	FCP_Apparel_NCR_Ranger_Casual	NCR Ranger Casual Outfit	Industrial		Item		Apparel	false	false		FCP_NCR_Ranger_Casual	D:\Steam\steamapps\common\RimWorld\Mods\FCP-NCR\1.6\Defs\ThingDefs_Apparel\ThingDefs_Apparel.xml
FCP	Rick.FCP.NCR	FCP - New California Republic	apparel	FCP_Apparel_NCR_Ranger_Hat_Brown	NCR Brown Ranger Hat	Industrial		Item		Apparel,Headgear	false	false		FCP_NCR_Ranger_Casual	D:\Steam\steamapps\common\RimWorld\Mods\FCP-NCR\1.6\Defs\ThingDefs_Apparel\ThingDefs_Headgear.xml
FCP	Rick.FCP.NCR	FCP - New California Republic	apparel	FCP_Apparel_NCR_Ranger_Hat_Grey	NCR Grey Ranger Hat	Industrial		Item		Apparel,Headgear	false	false		FCP_NCR_Ranger_Casual	D:\Steam\steamapps\common\RimWorld\Mods\FCP-NCR\1.6\Defs\ThingDefs_Apparel\ThingDefs_Headgear.xml
FCP	Rick.FCP.NCR	FCP - New California Republic	apparel	FCP_Apparel_NCR_Ranger_Hat_Patrol	NCR Patrol Ranger Hat	Industrial		Item		Apparel,Headgear	false	false		FCP_NCR_Ranger_Patrol	D:\Steam\steamapps\common\RimWorld\Mods\FCP-NCR\1.6\Defs\ThingDefs_Apparel\ThingDefs_Headgear.xml
FCP	Rick.FCP.NCR	FCP - New California Republic	apparel	FCP_Apparel_NCR_Ranger_Hat_Tan	NCR Tan Ranger Hat	Industrial		Item		Apparel,Headgear	false	false		FCP_NCR_Ranger_Casual	D:\Steam\steamapps\common\RimWorld\Mods\FCP-NCR\1.6\Defs\ThingDefs_Apparel\ThingDefs_Headgear.xml
FCP	Rick.FCP.NCR	FCP - New California Republic	apparel	FCP_Apparel_NCR_Ranger_Patrol_Armor	NCR Ranger Patrol Armor	Industrial		Item		ApparelArmor	false	false		FCP_NCR_Ranger_Patrol	D:\Steam\steamapps\common\RimWorld\Mods\FCP-NCR\1.6\Defs\ThingDefs_Apparel\ThingDefs_Apparel.xml
FCP	Rick.FCP.NCR	FCP - New California Republic	apparel	FCP_Apparel_NCR_Ranger_Red_Scarf	NCR Ranger Red Scarf Outfit	Industrial		Item		Apparel,Headgear	false	false		FCP_NCR_Ranger_Casual	D:\Steam\steamapps\common\RimWorld\Mods\FCP-NCR\1.6\Defs\ThingDefs_Apparel\ThingDefs_Apparel.xml
FCP	Rick.FCP.NCR	FCP - New California Republic	apparel	FCP_Apparel_NCR_Ranger_Vest	NCR Ranger Vest Outfit	Industrial		Item		Apparel,ApparelArmor	false	false		FCP_NCR_Ranger_Casual	D:\Steam\steamapps\common\RimWorld\Mods\FCP-NCR\1.6\Defs\ThingDefs_Apparel\ThingDefs_Apparel.xml
FCP	Rick.FCP.NCR	FCP - New California Republic	apparel	FCP_Apparel_NCR_Ranger_Veteran_Armor	NCR Veteran Ranger Armor	Industrial		Item		Apparel,ApparelArmor	false	false		FCP_NCR_Ranger_Veteran	D:\Steam\steamapps\common\RimWorld\Mods\FCP-NCR\1.6\Defs\ThingDefs_Apparel\ThingDefs_Apparel.xml
FCP	Rick.FCP.NCR	FCP - New California Republic	apparel	FCP_Apparel_NCR_Ranger_Veteran_Duster	NCR Veteran Ranger Duster	Industrial		Item		Apparel	false	false		FCP_NCR_Ranger_Veteran	D:\Steam\steamapps\common\RimWorld\Mods\FCP-NCR\1.6\Defs\ThingDefs_Apparel\ThingDefs_Apparel.xml
FCP	Rick.FCP.NCR	FCP - New California Republic	apparel	FCP_Apparel_NCR_Ranger_Veteran_Uniform	NCR Veteran Ranger Uniform	Industrial		Item		Apparel	false	false		FCP_NCR_Ranger_Veteran	D:\Steam\steamapps\common\RimWorld\Mods\FCP-NCR\1.6\Defs\ThingDefs_Apparel\ThingDefs_Apparel.xml
FCP	Rick.FCP.NCR	FCP - New California Republic	apparel	FCP_Apparel_NCR_Salvaged_Power_Armor	NCR Salvaged Power Armor	Industrial	2800.0	Item		Apparel,ApparelArmor	false	false		FCP_NCR_Trooper_Heavy	D:\Steam\steamapps\common\RimWorld\Mods\FCP-NCR\1.6\Defs\ThingDefs_Apparel\ThingDefs_Apparel.xml
FCP	Rick.FCP.NCR	FCP - New California Republic	apparel	FCP_Apparel_NCR_Salvaged_Power_Armor_Helmet	Trooper Helmet	Industrial	650.0	Item		Headgear	false	false		FCP_NCR_Trooper_Heavy	D:\Steam\steamapps\common\RimWorld\Mods\FCP-NCR\1.6\Defs\ThingDefs_Apparel\ThingDefs_Headgear.xml
FCP	Rick.FCP.NCR	FCP - New California Republic	apparel	FCP_Apparel_NCR_Scout_Recon_Armor	NCR Recon Assault Armor	Industrial		Item		ApparelArmor	false	false		FCP_NCR_Trooper_Recon	D:\Steam\steamapps\common\RimWorld\Mods\FCP-NCR\1.6\Defs\ThingDefs_Apparel\ThingDefs_Apparel.xml
FCP	Rick.FCP.NCR	FCP - New California Republic	apparel	FCP_Apparel_NCR_Trooper_Armor	NCR Trooper Armor	Industrial		Item		ApparelArmor	false	false		FCP_NCR_Trooper	D:\Steam\steamapps\common\RimWorld\Mods\FCP-NCR\1.6\Defs\ThingDefs_Apparel\ThingDefs_Apparel.xml
FCP	Rick.FCP.NCR	FCP - New California Republic	apparel	FCP_Apparel_NCR_Trooper_Bandoleer_Armor	NCR Trooper Bandoleer Armor	Industrial		Item		ApparelArmor	false	false		FCP_NCR_Trooper	D:\Steam\steamapps\common\RimWorld\Mods\FCP-NCR\1.6\Defs\ThingDefs_Apparel\ThingDefs_Apparel.xml
FCP	Rick.FCP.NCR	FCP - New California Republic	apparel	FCP_Apparel_NCR_Trooper_Fatigues	NCR Trooper Fatigues	Industrial		Item		ApparelArmor	false	false		FCP_NCR_Trooper	D:\Steam\steamapps\common\RimWorld\Mods\FCP-NCR\1.6\Defs\ThingDefs_Apparel\ThingDefs_Apparel.xml
FCP	Rick.FCP.NCR	FCP - New California Republic	apparel	FCP_Apparel_NCR_Trooper_Helmet	Trooper Helmet	Industrial		Item		ApparelArmor,ArmorHeadgear	false	false		FCP_NCR_Trooper	D:\Steam\steamapps\common\RimWorld\Mods\FCP-NCR\1.6\Defs\ThingDefs_Apparel\ThingDefs_Headgear.xml
FCP	Rick.FCP.NCR	FCP - New California Republic	apparel	FCP_Apparel_NCR_Trooper_Mantle_Armor	NCR Trooper Mantle Armor	Industrial		Item		ApparelArmor	false	false		FCP_NCR_Trooper	D:\Steam\steamapps\common\RimWorld\Mods\FCP-NCR\1.6\Defs\ThingDefs_Apparel\ThingDefs_Apparel.xml
FCP	Rick.FCP.NCR	FCP - New California Republic	apparel	FCP_Apparel_NCR_Trooper_MP_Uniform	NCR MP Uniform	Industrial		Item		ApparelArmor	false	false		FCP_NCR_MP	D:\Steam\steamapps\common\RimWorld\Mods\FCP-NCR\1.6\Defs\ThingDefs_Apparel\ThingDefs_Apparel.xml
FCP	Rick.FCP.NCR	FCP - New California Republic	apparel	FCP_Apparel_NCR_Trooper_Vest	NCR Trooper Vest	Industrial		Item		ApparelArmor	false	false		FCP_NCR_Trooper	D:\Steam\steamapps\common\RimWorld\Mods\FCP-NCR\1.6\Defs\ThingDefs_Apparel\ThingDefs_Apparel.xml
FCP	Rick.FCP.NCR	FCP - New California Republic	apparel	FCP_Apparel_NCR_Veteran_Ranger_Helmet	Veteran Ranger Helmet	Industrial		Item		Headgear	false	false		FCP_NCR_Ranger_Veteran	D:\Steam\steamapps\common\RimWorld\Mods\FCP-NCR\1.6\Defs\ThingDefs_Apparel\ThingDefs_Headgear.xml
FCP	Rick.FCP.NCR	FCP - New California Republic	apparel	FCP_Apparel_NCRCF_Guard_Helmet	NCRCF Guard Helmet	Industrial		Item		ApparelArmor,ArmorHeadgear	false	false		FCP_NCRCF_Guard	D:\Steam\steamapps\common\RimWorld\Mods\FCP-NCR\1.6\Defs\ThingDefs_Apparel\ThingDefs_Headgear.xml
FCP	Rick.FCP.NCR	FCP - New California Republic	apparel	FCP_Apparel_NCRCF_Guard_Vest	NCRCF Guard Vest	Industrial		Item		ApparelArmor	false	false		FCP_NCRCF_Guard	D:\Steam\steamapps\common\RimWorld\Mods\FCP-NCR\1.6\Defs\ThingDefs_Apparel\ThingDefs_Apparel.xml
FCP	Rick.FCP.NCR	FCP - New California Republic	apparel	FCP_Apparel_NCRCF_Inmate_Uniform	NCRCF Inmate Uniform	Industrial		Item		Apparel	false	false		FCP_NCRCF_Inmate	D:\Steam\steamapps\common\RimWorld\Mods\FCP-NCR\1.6\Defs\ThingDefs_Apparel\ThingDefs_Apparel.xml
FCP	Rick.FCP.NCR	FCP - New California Republic	apparel	FCP_Apparel_NCRCF_Over_Shirt	NCRCF Over Shirt	Industrial		Item		Apparel	false	false		FCP_NCRCF_Inmate	D:\Steam\steamapps\common\RimWorld\Mods\FCP-NCR\1.6\Defs\ThingDefs_Apparel\ThingDefs_Apparel.xml
FCP	Rick.FCP.NCR	FCP - New California Republic	apparel	FCP_Apparel_Powder_Ganger_Simple_Outfit	Powder Ganger Simple Outfit	Industrial		Item		Apparel	false	false		FCP_Powder_Ganger	D:\Steam\steamapps\common\RimWorld\Mods\FCP-NCR\1.6\Defs\ThingDefs_Apparel\ThingDefs_Apparel.xml
FCP	Rick.FCP.NCR	FCP - New California Republic	apparel	FCP_Apparel_Ranger_Ricks_Armor	Ranger Ricks' Armor	Industrial	10000.0	Item		Apparel,ApparelArmor	false	false		FCP_Ranger_Rick	D:\Steam\steamapps\common\RimWorld\Mods\FCP-NCR\1.6\Defs\StorytellerDefs\Storyteller_ApparelDefs.xml
FCP	Rick.FCP.NCR	FCP - New California Republic	apparel	FCP_Apparel_Ranger_Ricks_Duster	Ranger Ricks' Duster	Industrial	10000.0	Item		Apparel,ApparelArmor	false	false		FCP_Ranger_Rick	D:\Steam\steamapps\common\RimWorld\Mods\FCP-NCR\1.6\Defs\StorytellerDefs\Storyteller_ApparelDefs.xml
FCP	Rick.FCP.NCR	FCP - New California Republic	apparel	FCP_Apparel_Ranger_Ricks_Helmet	Ranger Ricks' Helmet	Industrial	10000.0	Item		Headgear	false	false		FCP_Ranger_Rick	D:\Steam\steamapps\common\RimWorld\Mods\FCP-NCR\1.6\Defs\StorytellerDefs\Storyteller_ApparelDefs.xml
FCP	Rick.FCP.NCR	FCP - New California Republic	apparel	FCP_Apparel_Ranger_Ricks_Uniform	Ranger Ricks' Uniform	Industrial	10000.0	Item		Apparel,ApparelArmor	false	false		FCP_Ranger_Rick	D:\Steam\steamapps\common\RimWorld\Mods\FCP-NCR\1.6\Defs\StorytellerDefs\Storyteller_ApparelDefs.xml
FCP	Rick.FCP.NCR	FCP - New California Republic	weapon	FCP_Gun_Anti_Material_Rifle	Anti-Material Rifle	Industrial	6000.0	Item		WeaponsRanged	false	false	FCP_NCR_Anti_Material_Rifle,Gun		D:\Steam\steamapps\common\RimWorld\Mods\FCP-NCR\1.6\Defs\ThingDefs_Weapons\ThingDefs_Weapons.xml
FCP	Rick.FCP.NCR	FCP - New California Republic	weapon	FCP_Gun_NCR_Hunting_Rifle	NCR Standard Hunting Rifle	Industrial		Item		WeaponsRanged	false	false	FCP_NCR_Hunting_Rifle,Gun		D:\Steam\steamapps\common\RimWorld\Mods\FCP-NCR\1.6\Defs\ThingDefs_Weapons\ThingDefs_Weapons.xml
FCP	Rick.FCP.NCR	FCP - New California Republic	weapon	FCP_Gun_Ranger_Ricks_Big_Iron_Revolver	"""Big Iron"""	Industrial	10000.0	Item		WeaponsRanged	false	false	FCP_Ranger_Rick		D:\Steam\steamapps\common\RimWorld\Mods\FCP-NCR\1.6\Defs\StorytellerDefs\Storyteller_WeaponDefs.xml
FCP	Rick.FCP.NCR	FCP - New California Republic	weapon	FCP_Gun_Ranger_Sequoia	Ranger Sequoia	Industrial	3000.0	Item		WeaponsRanged	false	false	FCP_NCR_Ranger_Sequoia,Gun		D:\Steam\steamapps\common\RimWorld\Mods\FCP-NCR\1.6\Defs\ThingDefs_Weapons\ThingDefs_Weapons.xml
FCP	Rick.FCP.NCR	FCP - New California Republic	weapon	FCP_Gun_Service_Rifle	Service Rifle	Industrial		Item		WeaponsRanged	false	false	FCP_NCR_Service_Rifle,Gun		D:\Steam\steamapps\common\RimWorld\Mods\FCP-NCR\1.6\Defs\ThingDefs_Weapons\ThingDefs_Weapons.xml
FCP	Rick.FCP.PowerArmor	FCP - Power Armors	apparel	FCP_Apparel_Power_Armor_Frame	Power Armor Frame	Industrial	3000.0	Item		Apparel,ApparelArmor	false	false		FCP_Power_Armor	D:\Steam\steamapps\common\RimWorld\Mods\FCP-Power-Armor\1.6\Defs\ThingDefs_Apparel\ThingDefs_Power_Armor.xml
FCP	Rick.FCP.PowerArmor	FCP - Power Armors	apparel	FCP_Apparel_Power_Armor_T45_Helmet	T-45 Power Armor Helmet	Industrial	800.0	Item		Headgear	false	false		FCP_Power_Armor_Helmet	D:\Steam\steamapps\common\RimWorld\Mods\FCP-Power-Armor\1.6\Defs\ThingDefs_Apparel\ThingDefs_Power_Armor_Headgear.xml
FCP	Rick.FCP.PowerArmor	FCP - Power Armors	apparel	FCP_Apparel_Power_Armor_T45Armor	T-45 Power Armor	Industrial	3200.0	Item		Apparel,ApparelArmor	false	false		FCP_Power_Armor	D:\Steam\steamapps\common\RimWorld\Mods\FCP-Power-Armor\1.6\Defs\ThingDefs_Apparel\ThingDefs_Power_Armor.xml
FCP	Rick.FCP.PowerArmor	FCP - Power Armors	apparel	FCP_Apparel_Power_Armor_T51_Helmet	T-51 Power Armor Helmet	Industrial	900.0	Item		Headgear	false	false		FCP_Power_Armor_Helmet	D:\Steam\steamapps\common\RimWorld\Mods\FCP-Power-Armor\1.6\Defs\ThingDefs_Apparel\ThingDefs_Power_Armor_Headgear.xml
FCP	Rick.FCP.PowerArmor	FCP - Power Armors	apparel	FCP_Apparel_Power_Armor_T51Armor	T-51 Power Armor	Industrial	3400.0	Item		Apparel,ApparelArmor	false	false		FCP_Power_Armor	D:\Steam\steamapps\common\RimWorld\Mods\FCP-Power-Armor\1.6\Defs\ThingDefs_Apparel\ThingDefs_Power_Armor.xml
FCP	Rick.FCP.PowerArmor	FCP - Power Armors	apparel	FCP_Apparel_Power_Armor_T60_Helmet	T-60 Power Armor Helmet	Industrial	1000.0	Item		Headgear	false	false		FCP_Power_Armor_Helmet	D:\Steam\steamapps\common\RimWorld\Mods\FCP-Power-Armor\1.6\Defs\ThingDefs_Apparel\ThingDefs_Power_Armor_Headgear.xml
FCP	Rick.FCP.PowerArmor	FCP - Power Armors	apparel	FCP_Apparel_Power_Armor_T60Armor	T-60 Power Armor	Industrial	3600.0	Item		Apparel,ApparelArmor	false	false		FCP_Power_Armor	D:\Steam\steamapps\common\RimWorld\Mods\FCP-Power-Armor\1.6\Defs\ThingDefs_Apparel\ThingDefs_Power_Armor.xml
FCP	Rick.FCP.PowerArmor	FCP - Power Armors	apparel	FCP_Apparel_Power_Armor_X01_Helmet	X-01 Power Armor Helmet	Industrial	1100.0	Item		Headgear	false	false		FCP_Power_Armor_Helmet	D:\Steam\steamapps\common\RimWorld\Mods\FCP-Power-Armor\1.6\Defs\ThingDefs_Apparel\ThingDefs_Power_Armor_Headgear.xml
FCP	Rick.FCP.PowerArmor	FCP - Power Armors	apparel	FCP_Apparel_T51_Abraxo_Power_Armor	T-51 Power Paints Abraxo Power Armor	Industrial	3900.0	Item		Apparel,ApparelArmor	false	false		FCP_Power_Armor	D:\Steam\steamapps\common\RimWorld\Mods\FCP-Power-Armor\1.6\Defs\ThingDefs_Apparel\ThingDefs_Power_Armor.xml
FCP	Rick.FCP.PowerArmor	FCP - Power Armors	apparel	FCP_Apparel_T51_Abraxo_Power_Armor_Helmet	Abraxo T-51 Power Armor Helmet	Industrial	1100.0	Item		ApparelArmor	false	false			D:\Steam\steamapps\common\RimWorld\Mods\FCP-Power-Armor\1.6\Defs\ThingDefs_Apparel\ThingDefs_Power_Armor_Headgear.xml
FCP	Rick.FCP.PowerArmor	FCP - Power Armors	apparel	FCP_Apparel_T51_Hotrod_Flames_Power_Armor	T-51 Hotrodder Flame Job Power Armor	Industrial	3900.0	Item		Apparel,ApparelArmor	false	false		FCP_Power_Armor	D:\Steam\steamapps\common\RimWorld\Mods\FCP-Power-Armor\1.6\Defs\ThingDefs_Apparel\ThingDefs_Power_Armor.xml
FCP	Rick.FCP.PowerArmor	FCP - Power Armors	apparel	FCP_Apparel_T51_Hotrod_Flames_Power_Armor_Helmet	Hotrodder Flame Job T-51 Power Armor Helmet	Industrial	1100.0	Item		ApparelArmor	false	false			D:\Steam\steamapps\common\RimWorld\Mods\FCP-Power-Armor\1.6\Defs\ThingDefs_Apparel\ThingDefs_Power_Armor_Headgear.xml
FCP	Rick.FCP.PowerArmor	FCP - Power Armors	apparel	FCP_Apparel_T51_Hotrod_Pink_Power_Armor	T-51 Hotrodder Hotpink Power Armor	Industrial	3900.0	Item		Apparel,ApparelArmor	false	false		FCP_Power_Armor	D:\Steam\steamapps\common\RimWorld\Mods\FCP-Power-Armor\1.6\Defs\ThingDefs_Apparel\ThingDefs_Power_Armor.xml
FCP	Rick.FCP.PowerArmor	FCP - Power Armors	apparel	FCP_Apparel_T51_Hotrod_Pink_Power_Armor_Helmet	Hotrodder Hotpink T-51 Power Armor Helmet	Industrial	1100.0	Item		ApparelArmor	false	false			D:\Steam\steamapps\common\RimWorld\Mods\FCP-Power-Armor\1.6\Defs\ThingDefs_Apparel\ThingDefs_Power_Armor_Headgear.xml
FCP	Rick.FCP.PowerArmor	FCP - Power Armors	apparel	FCP_Apparel_T51_Shark_Paint_Power_Armor	T-51 Hotrodder Shark Paint Power Armor	Industrial	3900.0	Item		Apparel,ApparelArmor	false	false		FCP_Power_Armor	D:\Steam\steamapps\common\RimWorld\Mods\FCP-Power-Armor\1.6\Defs\ThingDefs_Apparel\ThingDefs_Power_Armor.xml
FCP	Rick.FCP.PowerArmor	FCP - Power Armors	apparel	FCP_Apparel_T51_Shark_Paint_Power_Armor_Helmet	Hotrodder Shark Paint T-51 Power Armor Helmet	Industrial	1100.0	Item		ApparelArmor	false	false			D:\Steam\steamapps\common\RimWorld\Mods\FCP-Power-Armor\1.6\Defs\ThingDefs_Apparel\ThingDefs_Power_Armor_Headgear.xml
FCP	Rick.FCP.PowerArmor	FCP - Power Armors	apparel	FCP_Apparel_T51_Sugar_Bombs_Power_Armor	T-51 Power Paints Sugar Bombs Power Armor	Industrial	3900.0	Item		Apparel,ApparelArmor	false	false		FCP_Power_Armor	D:\Steam\steamapps\common\RimWorld\Mods\FCP-Power-Armor\1.6\Defs\ThingDefs_Apparel\ThingDefs_Power_Armor.xml
FCP	Rick.FCP.PowerArmor	FCP - Power Armors	apparel	FCP_Apparel_T51_Sugar_Bombs_Power_Armor_Helmet	Sugar Bombs T-51 Power Armor Helmet	Industrial	1100.0	Item		ApparelArmor	false	false			D:\Steam\steamapps\common\RimWorld\Mods\FCP-Power-Armor\1.6\Defs\ThingDefs_Apparel\ThingDefs_Power_Armor_Headgear.xml
FCP	Rick.FCP.PowerArmor	FCP - Power Armors	apparel	FCP_Apparel_T60_Hotrod_Flames_Power_Armor	T-60 Hotrodder Flame Job Power Armor	Industrial	4100.0	Item		Apparel,ApparelArmor	false	false		FCP_Power_Armor	D:\Steam\steamapps\common\RimWorld\Mods\FCP-Power-Armor\1.6\Defs\ThingDefs_Apparel\ThingDefs_Power_Armor.xml
FCP	Rick.FCP.PowerArmor	FCP - Power Armors	apparel	FCP_Apparel_T60_Hotrod_Flames_Power_Armor_Helmet	Hotrodder Flame Job T-60 Power Armor Helmet	Industrial	1200.0	Item		ApparelArmor	false	false			D:\Steam\steamapps\common\RimWorld\Mods\FCP-Power-Armor\1.6\Defs\ThingDefs_Apparel\ThingDefs_Power_Armor_Headgear.xml
FCP	Rick.FCP.PowerArmor	FCP - Power Armors	apparel	FCP_Apparel_T60_Hotrod_Pink_Power_Armor	T-60 Hotrodder Hotpink Power Armor	Industrial	4100.0	Item		Apparel,ApparelArmor	false	false		FCP_Power_Armor	D:\Steam\steamapps\common\RimWorld\Mods\FCP-Power-Armor\1.6\Defs\ThingDefs_Apparel\ThingDefs_Power_Armor.xml
FCP	Rick.FCP.PowerArmor	FCP - Power Armors	apparel	FCP_Apparel_T60_Hotrod_Pink_Power_Armor_Helmet	Hotrodder Hotpink T-60 Power Armor Helmet	Industrial	1200.0	Item		ApparelArmor	false	false			D:\Steam\steamapps\common\RimWorld\Mods\FCP-Power-Armor\1.6\Defs\ThingDefs_Apparel\ThingDefs_Power_Armor_Headgear.xml
FCP	Rick.FCP.PowerArmor	FCP - Power Armors	apparel	FCP_Apparel_T60_Shark_Paint_Power_Armor	T-60 Hotrodder Shark Paint Power Armor	Industrial	4100.0	Item		Apparel,ApparelArmor	false	false		FCP_Power_Armor	D:\Steam\steamapps\common\RimWorld\Mods\FCP-Power-Armor\1.6\Defs\ThingDefs_Apparel\ThingDefs_Power_Armor.xml
FCP	Rick.FCP.PowerArmor	FCP - Power Armors	apparel	FCP_Apparel_T60_Shark_Paint_Power_Armor_Helmet	Hotrodder Shark Paint T-60 Power Armor Helmet	Industrial	1200.0	Item		ApparelArmor	false	false			D:\Steam\steamapps\common\RimWorld\Mods\FCP-Power-Armor\1.6\Defs\ThingDefs_Apparel\ThingDefs_Power_Armor_Headgear.xml
FCP	Rick.FCP.PowerArmor	FCP - Power Armors	apparel	FCP_Apparel_X01_Power_Armor	X-01 Power Armor	Industrial	3800.0	Item		Apparel,ApparelArmor	false	false		FCP_Power_Armor	D:\Steam\steamapps\common\RimWorld\Mods\FCP-Power-Armor\1.6\Defs\ThingDefs_Apparel\ThingDefs_Power_Armor.xml
FCP	Rick.FCP.Raiders	FCP - Raiders	apparel	FCP_Apparel_Armored_Raider_Skull_Gas_Mask	Armored Raider Skull Gas Mask	Industrial	75.0	Item		Apparel,ApparelArmor,Headgear	false	false		FCP_Raider_Armor	D:\Steam\steamapps\common\RimWorld\Mods\FCP-Raiders\1.6\Defs\ThingDefs_Apparel\Headgear.xml
FCP	Rick.FCP.Raiders	FCP - Raiders	apparel	FCP_Apparel_Fiend_Battle_Helmet	Raider Fiend Battle Helmet	Industrial	50.0	Item		Apparel,ApparelArmor,Headgear	false	false		FCP_Raider_Armor	D:\Steam\steamapps\common\RimWorld\Mods\FCP-Raiders\1.6\Defs\ThingDefs_Apparel\Headgear.xml
FCP	Rick.FCP.Raiders	FCP - Raiders	apparel	FCP_Apparel_Fiend_Helmet	Raider Fiend Helmet	Industrial	50.0	Item		Apparel,ApparelArmor,Headgear	false	false		FCP_Raider_Armor	D:\Steam\steamapps\common\RimWorld\Mods\FCP-Raiders\1.6\Defs\ThingDefs_Apparel\Headgear.xml
FCP	Rick.FCP.Raiders	FCP - Raiders	apparel	FCP_Apparel_Fiend_Warrior_Helmet	Raider Fiend Warrior Helmet	Industrial	50.0	Item		Apparel,ApparelArmor,Headgear	false	false		FCP_Raider_Armor	D:\Steam\steamapps\common\RimWorld\Mods\FCP-Raiders\1.6\Defs\ThingDefs_Apparel\Headgear.xml
FCP	Rick.FCP.Raiders	FCP - Raiders	apparel	FCP_Apparel_Junkyard_Power_Armor_Helmet	Junkyard Power Armor Helmet	Industrial		Item		Headgear	false	false		FCP_Power_Armor_Helmet,FCP_Raider_Power_Armor	D:\Steam\steamapps\common\RimWorld\Mods\FCP-Raiders\1.6\Defs\ThingDefs_Apparel\Headgear.xml
FCP	Rick.FCP.Raiders	FCP - Raiders	apparel	FCP_Apparel_Mrfuzzy_Power_Armor_Helmet	Mr Fuzzy Power Armor Helmet	Industrial	500.0	Item		Headgear	false	false		FCP_Power_Armor_Helmet,FCP_Raider_Power_Armor	D:\Steam\steamapps\common\RimWorld\Mods\FCP-Raiders\1.6\Defs\ThingDefs_Apparel\Headgear.xml
FCP	Rick.FCP.Raiders	FCP - Raiders	apparel	FCP_Apparel_Raider_Arclight_Helmet	Raider Arclight Helmet	Industrial	50.0	Item		Apparel,ApparelArmor,Headgear	false	false		FCP_Raider_Armor	D:\Steam\steamapps\common\RimWorld\Mods\FCP-Raiders\1.6\Defs\ThingDefs_Apparel\Headgear.xml
FCP	Rick.FCP.Raiders	FCP - Raiders	apparel	FCP_Apparel_Raider_Arclight_Rust_Helmet	FCP_Apparel_Raider_Arclight_Rust_Helmet	Industrial	50.0	Item		Apparel,ApparelArmor,Headgear	false	false		FCP_Raider_Armor	D:\Steam\steamapps\common\RimWorld\Mods\FCP-Raiders\1.6\Defs\ThingDefs_Apparel\Headgear.xml
FCP	Rick.FCP.Raiders	FCP - Raiders	apparel	FCP_Apparel_Raider_Armor_Heavy	Heavy Raider Armor	Industrial	350.0	Item		ApparelArmor	false	false		FCP_Raider_Armor	D:\Steam\steamapps\common\RimWorld\Mods\FCP-Raiders\1.6\Defs\ThingDefs_Apparel\Apparel.xml
FCP	Rick.FCP.Raiders	FCP - Raiders	apparel	FCP_Apparel_Raider_Armor_Light	Raider Armor	Industrial	200.0	Item		ApparelArmor	false	false		FCP_Raider_Armor	D:\Steam\steamapps\common\RimWorld\Mods\FCP-Raiders\1.6\Defs\ThingDefs_Apparel\Apparel.xml
FCP	Rick.FCP.Raiders	FCP - Raiders	apparel	FCP_Apparel_Raider_Armor_Medium	Sturdy Raider Armor	Industrial	350.0	Item		ApparelArmor	false	false		FCP_Raider_Armor	D:\Steam\steamapps\common\RimWorld\Mods\FCP-Raiders\1.6\Defs\ThingDefs_Apparel\Apparel.xml
FCP	Rick.FCP.Raiders	FCP - Raiders	apparel	FCP_Apparel_Raider_Badlands_Armor	Raider Badlands Armor	Industrial	70.0	Item		Apparel,ApparelArmor	false	false		FCP_Raider_Armor	D:\Steam\steamapps\common\RimWorld\Mods\FCP-Raiders\1.6\Defs\ThingDefs_Apparel\Apparel.xml
FCP	Rick.FCP.Raiders	FCP - Raiders	apparel	FCP_Apparel_Raider_Blastmaster_Armor	Raider Blastmaster Armor	Industrial	70.0	Item		Apparel,ApparelArmor	false	false		FCP_Raider_Armor	D:\Steam\steamapps\common\RimWorld\Mods\FCP-Raiders\1.6\Defs\ThingDefs_Apparel\Apparel.xml
FCP	Rick.FCP.Raiders	FCP - Raiders	apparel	FCP_Apparel_Raider_Blastmaster_Helmet	Raider Blastmaster Helmet	Industrial	50.0	Item		Apparel,ApparelArmor,Headgear	false	false		FCP_Raider_Armor	D:\Steam\steamapps\common\RimWorld\Mods\FCP-Raiders\1.6\Defs\ThingDefs_Apparel\Headgear.xml
FCP	Rick.FCP.Raiders	FCP - Raiders	apparel	FCP_Apparel_Raider_Leather_Coat	Raider Leather Coat	Industrial	90.0	Item		Apparel,ApparelArmor	false	false		FCP_Raider_Armor	D:\Steam\steamapps\common\RimWorld\Mods\FCP-Raiders\1.6\Defs\ThingDefs_Apparel\Apparel.xml
FCP	Rick.FCP.Raiders	FCP - Raiders	apparel	FCP_Apparel_Raider_Leathers	Raider Leathers	Industrial	65.0	Item		Apparel,ApparelArmor	false	false		FCP_Raider_Armor	D:\Steam\steamapps\common\RimWorld\Mods\FCP-Raiders\1.6\Defs\ThingDefs_Apparel\Apparel.xml
FCP	Rick.FCP.Raiders	FCP - Raiders	apparel	FCP_Apparel_Raider_Long_Johns	Raider Armor	Industrial	200.0	Item		Apparel	false	false		FCP_Raider_Armor	D:\Steam\steamapps\common\RimWorld\Mods\FCP-Raiders\1.6\Defs\ThingDefs_Apparel\Apparel.xml
FCP	Rick.FCP.Raiders	FCP - Raiders	apparel	FCP_Apparel_Raider_Painspike_Armor	Raider Painspike Armor	Industrial	70.0	Item		Apparel,ApparelArmor	false	false		FCP_Raider_Armor	D:\Steam\steamapps\common\RimWorld\Mods\FCP-Raiders\1.6\Defs\ThingDefs_Apparel\Apparel.xml
FCP	Rick.FCP.Raiders	FCP - Raiders	apparel	FCP_Apparel_Raider_Power_Armor	Raider Power Armor	Industrial	2600.0	Item		ApparelArmor	false	false		FCP_Raider_Power_Armor	D:\Steam\steamapps\common\RimWorld\Mods\FCP-Raiders\1.6\Defs\ThingDefs_Apparel\Power_Armor.xml
FCP	Rick.FCP.Raiders	FCP - Raiders	apparel	FCP_Apparel_Raider_Power_Armor_Helmet	Raider Power Armor Helmet	Industrial		Item		Headgear	false	false		FCP_Power_Armor_Helmet,FCP_Raider_Power_Armor	D:\Steam\steamapps\common\RimWorld\Mods\FCP-Raiders\1.6\Defs\ThingDefs_Apparel\Headgear.xml
FCP	Rick.FCP.Raiders	FCP - Raiders	apparel	FCP_Apparel_Raider_Psycho_Tic_Helmet	Raider Psycho-Tic Helmet	Industrial	50.0	Item		Apparel,ApparelArmor,Headgear	false	false		FCP_Raider_Armor	D:\Steam\steamapps\common\RimWorld\Mods\FCP-Raiders\1.6\Defs\ThingDefs_Apparel\Headgear.xml
FCP	Rick.FCP.Raiders	FCP - Raiders	apparel	FCP_Apparel_Raider_Sadist_Armor	Raider Sadist Armor	Industrial	70.0	Item		Apparel,ApparelArmor	false	false		FCP_Raider_Armor	D:\Steam\steamapps\common\RimWorld\Mods\FCP-Raiders\1.6\Defs\ThingDefs_Apparel\Apparel.xml
FCP	Rick.FCP.Raiders	FCP - Raiders	apparel	FCP_Apparel_Raider_Tire_Armor	Raider Tire Armor	Industrial	75.0	Item		Apparel,ApparelArmor	false	false		FCP_Raider_Armor	D:\Steam\steamapps\common\RimWorld\Mods\FCP-Raiders\1.6\Defs\ThingDefs_Apparel\Apparel.xml
FCP	Rick.FCP.Raiders	FCP - Raiders	apparel	FCP_Apparel_Raider_Wastehound_Helmet	Raider Wastehound Helmet	Industrial	50.0	Item		Apparel,ApparelArmor,Headgear	false	false		FCP_Raider_Armor	D:\Steam\steamapps\common\RimWorld\Mods\FCP-Raiders\1.6\Defs\ThingDefs_Apparel\Headgear.xml
FCP	Rick.FCP.Raiders	FCP - Raiders	apparel	FCP_Apparel_Rusty_Raider_Skull_Gas_Mask	Rusty Raider Skull Gas Mask	Industrial	45.0	Item		Apparel,ApparelArmor,Headgear	false	false		FCP_Raider_Armor	D:\Steam\steamapps\common\RimWorld\Mods\FCP-Raiders\1.6\Defs\ThingDefs_Apparel\Headgear.xml
FCP	Rick.FCP.Raiders	FCP - Raiders	apparel	FCP_Apparel_Sack_Hood	Sack Hood	Industrial	200.0	Item		Apparel,ApparelArmor,Headgear	false	false		FCP_Raider_Armor	D:\Steam\steamapps\common\RimWorld\Mods\FCP-Raiders\1.6\Defs\ThingDefs_Apparel\Headgear.xml
FCP	Rick.FCP.Raiders	FCP - Raiders	apparel	FCP_Apparel_Scabber_Power_Armor	Scabber Power Armor	Industrial	2900.0	Item		ApparelArmor	false	false		FCP_Raider_Power_Armor	D:\Steam\steamapps\common\RimWorld\Mods\FCP-Raiders\1.6\Defs\ThingDefs_Apparel\Power_Armor.xml
FCP	Rick.FCP.Raiders	FCP - Raiders	apparel	FCP_Apparel_Scabber_Power_Armor_Helmet	Scabber Power Armor Helmet	Industrial		Item		Headgear	false	false		FCP_Power_Armor_Helmet,FCP_Raider_Power_Armor	D:\Steam\steamapps\common\RimWorld\Mods\FCP-Raiders\1.6\Defs\ThingDefs_Apparel\Headgear.xml
FCP	Rick.FCP.Raiders	FCP - Raiders	apparel	FCP_Apparel_Waster_Power_Armor	Waster Power Armor	Industrial	3100.0	Item		ApparelArmor	false	false		FCP_Raider_Power_Armor	D:\Steam\steamapps\common\RimWorld\Mods\FCP-Raiders\1.6\Defs\ThingDefs_Apparel\Power_Armor.xml
FCP	Rick.FCP.Raiders	FCP - Raiders	apparel	FCP_Apparel_Waster_Power_Armor_Helmet	Waster Power Armor Helmet	Industrial	460.0	Item		Headgear	false	false		FCP_Power_Armor_Helmet,FCP_Raider_Power_Armor	D:\Steam\steamapps\common\RimWorld\Mods\FCP-Raiders\1.6\Defs\ThingDefs_Apparel\Headgear.xml
FCP	Rick.FCP.UnarmedWeapons	FCP - Unarmed Weapons	weapon	FCP_Unarmed_Ballistic_Fist	Ballistic Fist	Industrial	2000.0	Item		WeaponsMelee	false	false	FCP_Unarmed_Advanced		D:\Steam\steamapps\common\RimWorld\Mods\FCP-Unarmed-Weapons\1.6\Defs\Unarmed_Weapon_Defs.xml
FCP	Rick.FCP.UnarmedWeapons	FCP - Unarmed Weapons	weapon	FCP_Unarmed_Boxing_Glove	Boxing Glove	Industrial	50.0	Item		WeaponsMelee	false	false	FCP_Unarmed		D:\Steam\steamapps\common\RimWorld\Mods\FCP-Unarmed-Weapons\1.6\Defs\Unarmed_Weapon_Defs.xml
FCP	Rick.FCP.UnarmedWeapons	FCP - Unarmed Weapons	weapon	FCP_Unarmed_Displacer_Glove	Displacer Glove	Spacer	2500.0	Item		WeaponsMelee	false	false	FCP_Unarmed_Experimental		D:\Steam\steamapps\common\RimWorld\Mods\FCP-Unarmed-Weapons\1.6\Defs\Unarmed_Weapon_Defs.xml
FCP	Rick.FCP.UnarmedWeapons	FCP - Unarmed Weapons	weapon	FCP_Unarmed_Industrial_Fist	Industrial Hand	Industrial	1200.0	Item		WeaponsMelee	false	false	FCP_Unarmed_Advanced		D:\Steam\steamapps\common\RimWorld\Mods\FCP-Unarmed-Weapons\1.6\Defs\Unarmed_Weapon_Defs.xml
FCP	Rick.FCP.UnarmedWeapons	FCP - Unarmed Weapons	weapon	FCP_Unarmed_Power_Fist	Power Fist	Industrial	1500.0	Item		WeaponsMelee	false	false	FCP_Unarmed_Advanced		D:\Steam\steamapps\common\RimWorld\Mods\FCP-Unarmed-Weapons\1.6\Defs\Unarmed_Weapon_Defs.xml
FCP	Rick.FCP.UnarmedWeapons	FCP - Unarmed Weapons	weapon	FCP_Unarmed_Zap_Glove	Zap Glove	Industrial	800.0	Item		WeaponsMelee	false	false	FCP_Unarmed_Energy		D:\Steam\steamapps\common\RimWorld\Mods\FCP-Unarmed-Weapons\1.6\Defs\Unarmed_Weapon_Defs.xml
FCP	Rick.FCP.Wastelanders	FCP - Wastelanders	apparel	FCP_Apparel_Army_Helmet	Army Helmet	Industrial	100.0	Item		ApparelArmor,ArmorHeadgear	false	false		FCP_Combat_Armors	D:\Steam\steamapps\common\RimWorld\Mods\FCP-Wastelanders\1.6\Defs\ThingDefs_Apparel\ThingDefs_Wastelander_Headgear.xml
FCP	Rick.FCP.Wastelanders	FCP - Wastelanders	apparel	FCP_Apparel_Army_Uniform	Pre-War Army Uniform	Industrial	120.0	Item		Apparel	false	false		FCP_Pre_War_Apparel,FCP_Wastelander_Apparel	D:\Steam\steamapps\common\RimWorld\Mods\FCP-Wastelanders\1.6\Defs\ThingDefs_Apparel\ThingDefs_Wastelander_Apparel.xml
FCP	Rick.FCP.Wastelanders	FCP - Wastelanders	apparel	FCP_Apparel_Assault_Gas_Mask	Assault Gasmask	Industrial	200.0	Item		Apparel,ApparelArmor,Headgear	false	false		FCP_Raider_Armor,FCP_Wastelander_Apparel	D:\Steam\steamapps\common\RimWorld\Mods\FCP-Wastelanders\1.6\Defs\ThingDefs_Apparel\ThingDefs_Wastelander_Headgear.xml
FCP	Rick.FCP.Wastelanders	FCP - Wastelanders	apparel	FCP_Apparel_Athletic_Outfit	Athletic Outfit	Industrial	110.0	Item		Apparel	false	false		FCP_Wastelander_Apparel	D:\Steam\steamapps\common\RimWorld\Mods\FCP-Wastelanders\1.6\Defs\ThingDefs_Apparel\ThingDefs_Wastelander_Apparel.xml
FCP	Rick.FCP.Wastelanders	FCP - Wastelanders	apparel	FCP_Apparel_Benny_Pre_War_Fancy_Suit_Clean	Benny	Industrial	10000.0	Item		Apparel	false	false			D:\Steam\steamapps\common\RimWorld\Mods\FCP-Wastelanders\1.6\Defs\ThingDefs_Apparel\ThingDefs_Wastelander_Apparel.xml
FCP	Rick.FCP.Wastelanders	FCP - Wastelanders	apparel	FCP_Apparel_Brahmin_Skin_Outfit	Brahmin Skin Outfit	Industrial	90.0	Item		Apparel	false	false		FCP_Wastelander_Apparel	D:\Steam\steamapps\common\RimWorld\Mods\FCP-Wastelanders\1.6\Defs\ThingDefs_Apparel\ThingDefs_Wastelander_Apparel.xml
FCP	Rick.FCP.Wastelanders	FCP - Wastelanders	apparel	FCP_Apparel_Bright_Brotherhood_Robe	Bright Brotherhood Robe	Industrial		Item		Apparel	false	false		FCP_Bright_Brotherhood,FCP_Ghoul_Apparel	D:\Steam\steamapps\common\RimWorld\Mods\FCP-Wastelanders\1.6\Defs\ThingDefs_Apparel\ThingDefs_Wastelander_Apparel.xml
FCP	Rick.FCP.Wastelanders	FCP - Wastelanders	apparel	FCP_Apparel_Business_Pre_War	Business Pre War	Industrial	180.0	Item		Apparel	false	false		FCP_Pre_War_Apparel,FCP_Wastelander_Apparel	D:\Steam\steamapps\common\RimWorld\Mods\FCP-Wastelanders\1.6\Defs\ThingDefs_Apparel\ThingDefs_Wastelander_Apparel.xml
FCP	Rick.FCP.Wastelanders	FCP - Wastelanders	apparel	FCP_Apparel_Caravaneer_Outfit	Caravaneer Outfit	Industrial	130.0	Item		Apparel	false	false		FCP_Wastelander_Apparel	D:\Steam\steamapps\common\RimWorld\Mods\FCP-Wastelanders\1.6\Defs\ThingDefs_Apparel\ThingDefs_Wastelander_Apparel.xml
FCP	Rick.FCP.Wastelanders	FCP - Wastelanders	apparel	FCP_Apparel_Chained_Prostitute_Outfit	Chained Prostitute Outfit	Industrial		Item		Apparel	false	false		FCP_Slaves_New_Vegas_Apparel	D:\Steam\steamapps\common\RimWorld\Mods\FCP-Wastelanders\1.6\Defs\ThingDefs_Apparel\ThingDefs_Wastelander_Apparel.xml
FCP	Rick.FCP.Wastelanders	FCP - Wastelanders	apparel	FCP_Apparel_Combat_Armor	Combat Armor	Industrial	950.0	Item		ApparelArmor	false	false		FCP_Combat_Armor,FCP_Combat_Armors	D:\Steam\steamapps\common\RimWorld\Mods\FCP-Wastelanders\1.6\Defs\ThingDefs_Apparel\ThingDefs_Wastelander_Apparel.xml
FCP	Rick.FCP.Wastelanders	FCP - Wastelanders	apparel	FCP_Apparel_Combat_Armor_Heavy	Combat Armor Heavy	Industrial	1050.0	Item		ApparelArmor	false	false		FCP_Combat_Armor_Modular	D:\Steam\steamapps\common\RimWorld\Mods\FCP-Wastelanders\1.6\Defs\ThingDefs_Apparel\ThingDefs_Wastelander_Apparel.xml
FCP	Rick.FCP.Wastelanders	FCP - Wastelanders	apparel	FCP_Apparel_Combat_Armor_Helmet	Modular Combat Armor Helmet	Industrial	120.0	Item		ApparelArmor,ArmorHeadgear	false	false		FCP_Combat_Armor_Modular	D:\Steam\steamapps\common\RimWorld\Mods\FCP-Wastelanders\1.6\Defs\ThingDefs_Apparel\ThingDefs_Wastelander_Headgear.xml
FCP	Rick.FCP.Wastelanders	FCP - Wastelanders	apparel	FCP_Apparel_Combat_Armor_Light	Combat Armor Light	Industrial	350.0	Item		ApparelArmor	false	false		FCP_Combat_Armor,FCP_Combat_Armor_Modular	D:\Steam\steamapps\common\RimWorld\Mods\FCP-Wastelanders\1.6\Defs\ThingDefs_Apparel\ThingDefs_Wastelander_Apparel.xml
FCP	Rick.FCP.Wastelanders	FCP - Wastelanders	apparel	FCP_Apparel_Combat_Armor_Sturdy	Combat Armor Sturdy	Industrial	650.0	Item		ApparelArmor	false	false		FCP_Combat_Armor_Modular	D:\Steam\steamapps\common\RimWorld\Mods\FCP-Wastelanders\1.6\Defs\ThingDefs_Apparel\ThingDefs_Wastelander_Apparel.xml
FCP	Rick.FCP.Wastelanders	FCP - Wastelanders	apparel	FCP_Apparel_Combat_Helmet	Combat Helmet	Industrial	150.0	Item		ApparelArmor,ArmorHeadgear	false	false		FCP_Combat_Armors	D:\Steam\steamapps\common\RimWorld\Mods\FCP-Wastelanders\1.6\Defs\ThingDefs_Apparel\ThingDefs_Wastelander_Headgear.xml
FCP	Rick.FCP.Wastelanders	FCP - Wastelanders	apparel	FCP_Apparel_Exposed_Prostitute_Outfit	Exposed Prostitute Outfit	Industrial	110.0	Item		Apparel	false	false		FCP_Slaves_New_Vegas_Apparel	D:\Steam\steamapps\common\RimWorld\Mods\FCP-Wastelanders\1.6\Defs\ThingDefs_Apparel\ThingDefs_Wastelander_Apparel.xml
FCP	Rick.FCP.Wastelanders	FCP - Wastelanders	apparel	FCP_Apparel_Fancy_Gambler_Dress	Fancy Gambler Dress	Industrial	190.0	Item		Apparel	false	false		FCP_Pre_War_Apparel,FCP_Wastelander_Apparel	D:\Steam\steamapps\common\RimWorld\Mods\FCP-Wastelanders\1.6\Defs\ThingDefs_Apparel\ThingDefs_Wastelander_Apparel.xml
FCP	Rick.FCP.Wastelanders	FCP - Wastelanders	apparel	FCP_Apparel_Fancy_Gambler_Suit	Fancy Gambler Suit	Industrial	190.0	Item		Apparel	false	false		FCP_Pre_War_Apparel,FCP_Wastelander_Apparel	D:\Steam\steamapps\common\RimWorld\Mods\FCP-Wastelanders\1.6\Defs\ThingDefs_Apparel\ThingDefs_Wastelander_Apparel.xml
FCP	Rick.FCP.Wastelanders	FCP - Wastelanders	apparel	FCP_Apparel_Field_Hand_Female_Outfit	Field Hand Female Outfit	Industrial	110.0	Item		Apparel	false	false		FCP_Wastelander_Apparel	D:\Steam\steamapps\common\RimWorld\Mods\FCP-Wastelanders\1.6\Defs\ThingDefs_Apparel\ThingDefs_Wastelander_Apparel.xml
FCP	Rick.FCP.Wastelanders	FCP - Wastelanders	apparel	FCP_Apparel_Field_Hand_Male_Outfit	Field Hand Male Outfit	Industrial	110.0	Item		Apparel	false	false		FCP_Wastelander_Apparel	D:\Steam\steamapps\common\RimWorld\Mods\FCP-Wastelanders\1.6\Defs\ThingDefs_Apparel\ThingDefs_Wastelander_Apparel.xml
FCP	Rick.FCP.Wastelanders	FCP - Wastelanders	apparel	FCP_Apparel_Gas_Ranger	Gas Ranger Outfit	Industrial	210.0	Item		Apparel	false	false			D:\Steam\steamapps\common\RimWorld\Mods\FCP-Wastelanders\1.6\Defs\ThingDefs_Apparel\ThingDefs_Wastelander_Apparel.xml
FCP	Rick.FCP.Wastelanders	FCP - Wastelanders	apparel	FCP_Apparel_Gas_Ranger_Gas_Mask	Ranger Gas Mask	Industrial	160.0	Item		Apparel,Headgear	false	false		FCP_Wastelander_Rangers_Rick	D:\Steam\steamapps\common\RimWorld\Mods\FCP-Wastelanders\1.6\Defs\ThingDefs_Apparel\ThingDefs_Wastelander_Headgear.xml
FCP	Rick.FCP.Wastelanders	FCP - Wastelanders	apparel	FCP_Apparel_Gasmask_Goggles	Gas Mask with Goggles	Industrial	200.0	Item		Apparel,ApparelArmor,Headgear	false	false		FCP_Raider_Armor,FCP_Wastelander_Apparel	D:\Steam\steamapps\common\RimWorld\Mods\FCP-Wastelanders\1.6\Defs\ThingDefs_Apparel\ThingDefs_Wastelander_Headgear.xml
FCP	Rick.FCP.Wastelanders	FCP - Wastelanders	apparel	FCP_Apparel_Grognak_Female	Grognak Female	Industrial	10000.0	Item		Apparel	false	false		FCP_Pre_War_Costume	D:\Steam\steamapps\common\RimWorld\Mods\FCP-Wastelanders\1.6\Defs\ThingDefs_Apparel\ThingDefs_Wastelander_Apparel.xml
FCP	Rick.FCP.Wastelanders	FCP - Wastelanders	apparel	FCP_Apparel_Grognak_Male	Grognak Male	Industrial	10000.0	Item		Apparel	false	false		FCP_Pre_War_Costume	D:\Steam\steamapps\common\RimWorld\Mods\FCP-Wastelanders\1.6\Defs\ThingDefs_Apparel\ThingDefs_Wastelander_Apparel.xml
FCP	Rick.FCP.Wastelanders	FCP - Wastelanders	apparel	FCP_Apparel_Jason_Bright	Jason Bright Costume	Industrial	10000.0	Item		Apparel	false	false		FCP_Ghoul_Apparel	D:\Steam\steamapps\common\RimWorld\Mods\FCP-Wastelanders\1.6\Defs\ThingDefs_Apparel\ThingDefs_Wastelander_Apparel.xml
FCP	Rick.FCP.Wastelanders	FCP - Wastelanders	apparel	FCP_Apparel_Lab_Coat_Capital	Lab Coat Capital	Industrial	220.0	Item		Apparel	false	false		FCP_Pre_War_Apparel,FCP_Wastelander_Apparel	D:\Steam\steamapps\common\RimWorld\Mods\FCP-Wastelanders\1.6\Defs\ThingDefs_Apparel\ThingDefs_Wastelander_Apparel.xml
FCP	Rick.FCP.Wastelanders	FCP - Wastelanders	apparel	FCP_Apparel_Lab_Coat_Commonwealth	Lab Coat Commonwealth	Industrial	240.0	Item		Apparel	false	false		FCP_Pre_War_Apparel,FCP_Wastelander_Apparel	D:\Steam\steamapps\common\RimWorld\Mods\FCP-Wastelanders\1.6\Defs\ThingDefs_Apparel\ThingDefs_Wastelander_Apparel.xml
FCP	Rick.FCP.Wastelanders	FCP - Wastelanders	apparel	FCP_Apparel_Leather_Armor	Leather Armor	Industrial	220.0	Item		Apparel	false	false		FCP_Raider_Apparel,FCP_Wastelander_Apparel	D:\Steam\steamapps\common\RimWorld\Mods\FCP-Wastelanders\1.6\Defs\ThingDefs_Apparel\ThingDefs_Wastelander_Apparel.xml
FCP	Rick.FCP.Wastelanders	FCP - Wastelanders	apparel	FCP_Apparel_Leather_Coat	Leather Coat	Industrial	180.0	Item		Apparel	false	false		FCP_Raider_Apparel,FCP_Slaver_Apparel,FCP_Wastelander_Apparel	D:\Steam\steamapps\common\RimWorld\Mods\FCP-Wastelanders\1.6\Defs\ThingDefs_Apparel\ThingDefs_Wastelander_Apparel.xml
FCP	Rick.FCP.Wastelanders	FCP - Wastelanders	apparel	FCP_Apparel_Manta_Man	Manta Man Costume	Industrial	10000.0	Item		Apparel	false	false		FCP_Pre_War_Costume	D:\Steam\steamapps\common\RimWorld\Mods\FCP-Wastelanders\1.6\Defs\ThingDefs_Apparel\ThingDefs_Wastelander_Apparel.xml
FCP	Rick.FCP.Wastelanders	FCP - Wastelanders	apparel	FCP_Apparel_Merc_Adventurer_Outfit	Merc Adventurer Outfit	Industrial	200.0	Item		Apparel	false	false		FCP_Raider_Apparel,FCP_Slaver_Apparel,FCP_Wastelander_Apparel	D:\Steam\steamapps\common\RimWorld\Mods\FCP-Wastelanders\1.6\Defs\ThingDefs_Apparel\ThingDefs_Wastelander_Apparel.xml
FCP	Rick.FCP.Wastelanders	FCP - Wastelanders	apparel	FCP_Apparel_Merc_Charmer_Dress	Merc Charmer Dress	Industrial	200.0	Item		Apparel	false	false		FCP_Raider_Apparel,FCP_Slaver_Apparel,FCP_Wastelander_Apparel	D:\Steam\steamapps\common\RimWorld\Mods\FCP-Wastelanders\1.6\Defs\ThingDefs_Apparel\ThingDefs_Wastelander_Apparel.xml
FCP	Rick.FCP.Wastelanders	FCP - Wastelanders	apparel	FCP_Apparel_Merc_Charmer_Suit	Merc Charmer Suit	Industrial	180.0	Item		Apparel	false	false		FCP_Raider_Apparel,FCP_Slaver_Apparel,FCP_Wastelander_Apparel	D:\Steam\steamapps\common\RimWorld\Mods\FCP-Wastelanders\1.6\Defs\ThingDefs_Apparel\ThingDefs_Wastelander_Apparel.xml
FCP	Rick.FCP.Wastelanders	FCP - Wastelanders	apparel	FCP_Apparel_Merc_Cruiser_Outfit	Merc Cruiser Outfit	Industrial	210.0	Item		Apparel	false	false		FCP_Raider_Apparel,FCP_Slaver_Apparel,FCP_Wastelander_Apparel	D:\Steam\steamapps\common\RimWorld\Mods\FCP-Wastelanders\1.6\Defs\ThingDefs_Apparel\ThingDefs_Wastelander_Apparel.xml
FCP	Rick.FCP.Wastelanders	FCP - Wastelanders	apparel	FCP_Apparel_Metal_Armor	Metal Armor	Industrial	320.0	Item		ApparelArmor	false	false		FCP_Wastelander_Apparel	D:\Steam\steamapps\common\RimWorld\Mods\FCP-Wastelanders\1.6\Defs\ThingDefs_Apparel\ThingDefs_Wastelander_Apparel.xml
FCP	Rick.FCP.Wastelanders	FCP - Wastelanders	apparel	FCP_Apparel_Military_Fatigues	Military Fatigues	Industrial		Item		Apparel	false	false		FCP_Pre_War_Apparel,FCP_Wastelander_Apparel	D:\Steam\steamapps\common\RimWorld\Mods\FCP-Wastelanders\1.6\Defs\ThingDefs_Apparel\ThingDefs_Wastelander_Apparel.xml
FCP	Rick.FCP.Wastelanders	FCP - Wastelanders	apparel	FCP_Apparel_Mistress_Mystery	Mistress of Mystery Costume	Industrial	10000.0	Item		Apparel	false	false		FCP_Pre_War_Costume	D:\Steam\steamapps\common\RimWorld\Mods\FCP-Wastelanders\1.6\Defs\ThingDefs_Apparel\ThingDefs_Wastelander_Apparel.xml
FCP	Rick.FCP.Wastelanders	FCP - Wastelanders	apparel	FCP_Apparel_Naughty_Nightgown	Naughty Nightgown	Industrial	170.0	Item		Apparel	false	false		FCP_Pre_War_Apparel,FCP_Wastelander_Apparel	D:\Steam\steamapps\common\RimWorld\Mods\FCP-Wastelanders\1.6\Defs\ThingDefs_Apparel\ThingDefs_Wastelander_Apparel.xml
FCP	Rick.FCP.Wastelanders	FCP - Wastelanders	apparel	FCP_Apparel_Naughty_Nightwear	Naughty Nightwear	Industrial	170.0	Item		Apparel	false	false		FCP_Pre_War_Apparel,FCP_Wastelander_Apparel	D:\Steam\steamapps\common\RimWorld\Mods\FCP-Wastelanders\1.6\Defs\ThingDefs_Apparel\ThingDefs_Wastelander_Apparel.xml
FCP	Rick.FCP.Wastelanders	FCP - Wastelanders	apparel	FCP_Apparel_Prospector_Outfit	Prospector Outfit	Industrial	200.0	Item		Apparel	false	false		FCP_Wastelander_Apparel	D:\Steam\steamapps\common\RimWorld\Mods\FCP-Wastelanders\1.6\Defs\ThingDefs_Apparel\ThingDefs_Wastelander_Apparel.xml
FCP	Rick.FCP.Wastelanders	FCP - Wastelanders	apparel	FCP_Apparel_Prostitute_Outfit_Female	Prostitute Outfit Female	Industrial	150.0	Item		Apparel	false	false		FCP_Slaves_New_Vegas_Apparel	D:\Steam\steamapps\common\RimWorld\Mods\FCP-Wastelanders\1.6\Defs\ThingDefs_Apparel\ThingDefs_Wastelander_Apparel.xml
FCP	Rick.FCP.Wastelanders	FCP - Wastelanders	apparel	FCP_Apparel_Prostitute_Outfit_Male	Prostitute Outfit Male	Industrial	150.0	Item		Apparel	false	false		FCP_Slaves_New_Vegas_Apparel	D:\Steam\steamapps\common\RimWorld\Mods\FCP-Wastelanders\1.6\Defs\ThingDefs_Apparel\ThingDefs_Wastelander_Apparel.xml
FCP	Rick.FCP.Wastelanders	FCP - Wastelanders	apparel	FCP_Apparel_Radiation_Suit	Radiations Suit	Industrial	320.0	Item		Apparel	false	false		FCP_Radiation_Apparel	D:\Steam\steamapps\common\RimWorld\Mods\FCP-Wastelanders\1.6\Defs\ThingDefs_Apparel\ThingDefs_Wastelander_Apparel.xml
FCP	Rick.FCP.Wastelanders	FCP - Wastelanders	apparel	FCP_Apparel_Radiations_Suit_Helmet	Radiation Suit Helmet	Industrial	180.0	Item		ApparelArmor,ArmorHeadgear	false	false		FCP_Radiation_Apparel	D:\Steam\steamapps\common\RimWorld\Mods\FCP-Wastelanders\1.6\Defs\ThingDefs_Apparel\ThingDefs_Wastelander_Headgear.xml
FCP	Rick.FCP.Wastelanders	FCP - Wastelanders	apparel	FCP_Apparel_Red_Rocket_Overalls	Red Rocket Overalls	Industrial	140.0	Item		Apparel	false	false		FCP_Pre_War_Apparel,FCP_Wastelander_Apparel	D:\Steam\steamapps\common\RimWorld\Mods\FCP-Wastelanders\1.6\Defs\ThingDefs_Apparel\ThingDefs_Wastelander_Apparel.xml
FCP	Rick.FCP.Wastelanders	FCP - Wastelanders	apparel	FCP_Apparel_Reinforced_Combat_Armor	Reinforced Combat Armor	Industrial	1250.0	Item		ApparelArmor	false	false		FCP_Combat_Armor,FCP_Combat_Armor_Reinforced	D:\Steam\steamapps\common\RimWorld\Mods\FCP-Wastelanders\1.6\Defs\ThingDefs_Apparel\ThingDefs_Wastelander_Apparel.xml
FCP	Rick.FCP.Wastelanders	FCP - Wastelanders	apparel	FCP_Apparel_Reinforced_Combat_Armor_Helmet	Reinforced Combat Armor Helmet	Industrial	250.0	Item		ApparelArmor,ArmorHeadgear	false	false		FCP_Combat_Armor_Reinforced	D:\Steam\steamapps\common\RimWorld\Mods\FCP-Wastelanders\1.6\Defs\ThingDefs_Apparel\ThingDefs_Wastelander_Headgear.xml
FCP	Rick.FCP.Wastelanders	FCP - Wastelanders	apparel	FCP_Apparel_Reinforced_Combat_Armor_Helmet_Mk_II	Reinforced Combat Armor Helmet	Industrial	250.0	Item		ApparelArmor,ArmorHeadgear	false	false		FCP_Combat_Armor_Reinforced_MK_II	D:\Steam\steamapps\common\RimWorld\Mods\FCP-Wastelanders\1.6\Defs\ThingDefs_Apparel\ThingDefs_Wastelander_Headgear.xml
FCP	Rick.FCP.Wastelanders	FCP - Wastelanders	apparel	FCP_Apparel_Reinforced_Combat_Armor_II	Reinforced Combat Armor II	Industrial	1450.0	Item		ApparelArmor	false	false		FCP_Apparel,FCP_Combat_Armor,FCP_Combat_Armor_Reinforced_MK_II	D:\Steam\steamapps\common\RimWorld\Mods\FCP-Wastelanders\1.6\Defs\ThingDefs_Apparel\ThingDefs_Wastelander_Apparel.xml
FCP	Rick.FCP.Wastelanders	FCP - Wastelanders	apparel	FCP_Apparel_Rivet_City_Security_Armor	Rivet City Security Armor	Industrial	950.0	Item		ApparelArmor	false	false		FCP_Combat_Armor,FCP_Combat_Armors	D:\Steam\steamapps\common\RimWorld\Mods\FCP-Wastelanders\1.6\Defs\ThingDefs_Apparel\ThingDefs_Wastelander_Apparel.xml
FCP	Rick.FCP.Wastelanders	FCP - Wastelanders	apparel	FCP_Apparel_Rivet_City_Security_Helmet	Rivet City Security Helmet	Industrial	150.0	Item		ApparelArmor,ArmorHeadgear	false	false		FCP_Combat_Armors	D:\Steam\steamapps\common\RimWorld\Mods\FCP-Wastelanders\1.6\Defs\ThingDefs_Apparel\ThingDefs_Wastelander_Headgear.xml
FCP	Rick.FCP.Wastelanders	FCP - Wastelanders	apparel	FCP_Apparel_Settler_Female_Outfit	Settler Female Outfit	Industrial	100.0	Item		Apparel	false	false		FCP_Wastelander_Apparel	D:\Steam\steamapps\common\RimWorld\Mods\FCP-Wastelanders\1.6\Defs\ThingDefs_Apparel\ThingDefs_Wastelander_Apparel.xml
FCP	Rick.FCP.Wastelanders	FCP - Wastelanders	apparel	FCP_Apparel_Settler_Male_Outfit	Settler Male Outfit	Industrial	100.0	Item		Apparel	false	false		FCP_Wastelander_Apparel	D:\Steam\steamapps\common\RimWorld\Mods\FCP-Wastelanders\1.6\Defs\ThingDefs_Apparel\ThingDefs_Wastelander_Apparel.xml
FCP	Rick.FCP.Wastelanders	FCP - Wastelanders	apparel	FCP_Apparel_Sheriff_Duster	Sheriff Duster	Industrial	210.0	Item		Apparel	false	false		FCP_Wastelander_Apparel_Sheriff	D:\Steam\steamapps\common\RimWorld\Mods\FCP-Wastelanders\1.6\Defs\ThingDefs_Apparel\ThingDefs_Wastelander_Apparel.xml
FCP	Rick.FCP.Wastelanders	FCP - Wastelanders	apparel	FCP_Apparel_Sheriff_Hat	Sheriff Hat	Industrial		Item		Apparel,Headgear	false	false		FCP_Wastelander_Sheriff	D:\Steam\steamapps\common\RimWorld\Mods\FCP-Wastelanders\1.6\Defs\ThingDefs_Apparel\ThingDefs_Wastelander_Headgear.xml
FCP	Rick.FCP.Wastelanders	FCP - Wastelanders	apparel	FCP_Apparel_Silver_Shroud	Silver Shroud Costume	Industrial	10000.0	Item		Apparel	false	false		FCP_Pre_War_Costume	D:\Steam\steamapps\common\RimWorld\Mods\FCP-Wastelanders\1.6\Defs\ThingDefs_Apparel\ThingDefs_Wastelander_Apparel.xml
FCP	Rick.FCP.Wastelanders	FCP - Wastelanders	apparel	FCP_Apparel_Slave_Bandana	Slave Bandana	Industrial	30.0	Item		Apparel,Headgear	false	false		FCP_Slave_Apparel	D:\Steam\steamapps\common\RimWorld\Mods\FCP-Wastelanders\1.6\Defs\ThingDefs_Apparel\ThingDefs_Wastelander_Headgear.xml
FCP	Rick.FCP.Wastelanders	FCP - Wastelanders	apparel	FCP_Apparel_Slave_Rag_Hood	Slave Rag Hood	Industrial	35.0	Item		Apparel,Headgear	false	false		FCP_Slave_Apparel	D:\Steam\steamapps\common\RimWorld\Mods\FCP-Wastelanders\1.6\Defs\ThingDefs_Apparel\ThingDefs_Wastelander_Headgear.xml
FCP	Rick.FCP.Wastelanders	FCP - Wastelanders	apparel	FCP_Apparel_Slave_Rags	Slave Rags	Industrial	60.0	Item		Apparel	false	false		FCP_Slave_Apparel	D:\Steam\steamapps\common\RimWorld\Mods\FCP-Wastelanders\1.6\Defs\ThingDefs_Apparel\ThingDefs_Wastelander_Apparel.xml
FCP	Rick.FCP.Wastelanders	FCP - Wastelanders	apparel	FCP_Apparel_Slave_Scarf_Hat	Slave Scarf Hat	Industrial	35.0	Item		Apparel,Headgear	false	false		FCP_Slave_Apparel	D:\Steam\steamapps\common\RimWorld\Mods\FCP-Wastelanders\1.6\Defs\ThingDefs_Apparel\ThingDefs_Wastelander_Headgear.xml
FCP	Rick.FCP.Wastelanders	FCP - Wastelanders	apparel	FCP_Apparel_Spring_Pre_War_Dress	Spring Pre War Dress	Industrial	160.0	Item		Apparel	false	false		FCP_Pre_War_Apparel,FCP_Wastelander_Apparel	D:\Steam\steamapps\common\RimWorld\Mods\FCP-Wastelanders\1.6\Defs\ThingDefs_Apparel\ThingDefs_Wastelander_Apparel.xml
FCP	Rick.FCP.Wastelanders	FCP - Wastelanders	apparel	FCP_Apparel_Spring_Pre_War_Shirt	Spring Pre War Shirt	Industrial	160.0	Item		Apparel	false	false		FCP_Pre_War_Apparel,FCP_Wastelander_Apparel	D:\Steam\steamapps\common\RimWorld\Mods\FCP-Wastelanders\1.6\Defs\ThingDefs_Apparel\ThingDefs_Wastelander_Apparel.xml
FCP	Rick.FCP.Wastelanders	FCP - Wastelanders	apparel	FCP_Apparel_Surveyor_Outfit	Surveyor Outfit	Industrial	230.0	Item		Apparel	false	false		FCP_Wastelander_Apparel	D:\Steam\steamapps\common\RimWorld\Mods\FCP-Wastelanders\1.6\Defs\ThingDefs_Apparel\ThingDefs_Wastelander_Apparel.xml
FCP	Rick.FCP.Wastelanders	FCP - Wastelanders	apparel	FCP_Apparel_The_Inspector	The Inspector Costume	Industrial	10000.0	Item		Apparel	false	false		FCP_Pre_War_Costume	D:\Steam\steamapps\common\RimWorld\Mods\FCP-Wastelanders\1.6\Defs\ThingDefs_Apparel\ThingDefs_Wastelander_Apparel.xml
FCP	Rick.FCP.Wastelanders	FCP - Wastelanders	apparel	FCP_Apparel_Wasteland_Doctor_Outfit	Wasteland Doctor Outfit	Industrial	240.0	Item		Apparel	false	false		FCP_Wastelander_Apparel	D:\Steam\steamapps\common\RimWorld\Mods\FCP-Wastelanders\1.6\Defs\ThingDefs_Apparel\ThingDefs_Wastelander_Apparel.xml
FCP	Rick.FCP.Wastelanders	FCP - Wastelanders	apparel	FCP_Apparel_Wasteland_Wanderer_Outfit	Wasteland Wanderer Outfit	Industrial	130.0	Item		Apparel	false	false		FCP_Raider_Apparel,FCP_Wastelander_Apparel	D:\Steam\steamapps\common\RimWorld\Mods\FCP-Wastelanders\1.6\Defs\ThingDefs_Apparel\ThingDefs_Wastelander_Apparel.xml
FCP	Rick.FCP.Wastelanders	FCP - Wastelanders	apparel	FCP_Apparel_Wrapped_Cap	Wrapped Cap	Industrial	50.0	Item		Apparel,Headgear	false	false		FCP_Wastelander_Apparel	D:\Steam\steamapps\common\RimWorld\Mods\FCP-Wastelanders\1.6\Defs\ThingDefs_Apparel\ThingDefs_Wastelander_Headgear.xml
Vanilla	Ludeon.RimWorld	RimWorld Core	apparel	Apparel_AdvancedHelmet	flak helmet	Industrial		Item		ArmorHeadgear	false	false		IndustrialMilitaryAdvanced	D:\Steam\steamapps\common\RimWorld\Data\Core\Defs\ThingDefs_Misc\Apparel_Headgear.xml
Vanilla	Ludeon.RimWorld	RimWorld Core	apparel	Apparel_ArmorHelmetRecon	recon helmet	Spacer		Item		ArmorHeadgear	false	false		SpacerMilitary	D:\Steam\steamapps\common\RimWorld\Data\Core\Defs\ThingDefs_Misc\Apparel_Headgear.xml
Vanilla	Ludeon.RimWorld	RimWorld Core	apparel	Apparel_ArmorRecon	recon armor	Spacer		Item		ApparelArmor	false	false		SpacerMilitary	D:\Steam\steamapps\common\RimWorld\Data\Core\Defs\ThingDefs_Misc\Apparel_Various.xml
Vanilla	Ludeon.RimWorld	RimWorld Core	apparel	Apparel_BasicShirt	T-shirt	Medieval		Item		ApparelMisc	false	false		IndustrialBasic	D:\Steam\steamapps\common\RimWorld\Data\Core\Defs\ThingDefs_Misc\Apparel_Various.xml
Vanilla	Ludeon.RimWorld	RimWorld Core	apparel	Apparel_BowlerHat	bowler hat	Medieval		Item		Headgear	false	false		IndustrialBasic,Western	D:\Steam\steamapps\common\RimWorld\Data\Core\Defs\ThingDefs_Misc\Apparel_Headgear.xml
Vanilla	Ludeon.RimWorld	RimWorld Core	apparel	Apparel_Cape	cape	Medieval		Item		ApparelNoble	false	false		Cape,Royal,RoyalTier2,RoyalTier5	D:\Steam\steamapps\common\RimWorld\Data\Core\Defs\ThingDefs_Misc\Apparel_Various.xml
Vanilla	Ludeon.RimWorld	RimWorld Core	apparel	Apparel_ClothMask	face mask	Neolithic		Item		Headgear	false	false			D:\Steam\steamapps\common\RimWorld\Data\Core\Defs\ThingDefs_Misc\Apparel_Headgear.xml
Vanilla	Ludeon.RimWorld	RimWorld Core	apparel	Apparel_CollarShirt	button-down shirt	Medieval		Item		ApparelMisc	false	false		IndustrialBasic	D:\Steam\steamapps\common\RimWorld\Data\Core\Defs\ThingDefs_Misc\Apparel_Various.xml
Vanilla	Ludeon.RimWorld	RimWorld Core	apparel	Apparel_CowboyHat	cowboy hat	Medieval		Item		Headgear	false	false		IndustrialBasic,Western	D:\Steam\steamapps\common\RimWorld\Data\Core\Defs\ThingDefs_Misc\Apparel_Headgear.xml
Vanilla	Ludeon.RimWorld	RimWorld Core	apparel	Apparel_Duster	duster	Medieval		Item		ApparelMisc	false	false		IndustrialAdvanced	D:\Steam\steamapps\common\RimWorld\Data\Core\Defs\ThingDefs_Misc\Apparel_Various.xml
Vanilla	Ludeon.RimWorld	RimWorld Core	apparel	Apparel_FirefoampopPack	firefoam pop pack	Industrial		Item		ApparelUtility	false	false		BeltDefensePop	D:\Steam\steamapps\common\RimWorld\Data\Core\Defs\ThingDefs_Misc\Apparel_Packs.xml
Vanilla	Ludeon.RimWorld	RimWorld Core	apparel	Apparel_FlakJacket	flak jacket	Industrial		Item		ApparelArmor	false	false		IndustrialAdvanced	D:\Steam\steamapps\common\RimWorld\Data\Core\Defs\ThingDefs_Misc\Apparel_Various.xml
Vanilla	Ludeon.RimWorld	RimWorld Core	apparel	Apparel_FlakPants	flak pants	Industrial		Item		ApparelArmor	false	false		IndustrialMilitaryBasic	D:\Steam\steamapps\common\RimWorld\Data\Core\Defs\ThingDefs_Misc\Apparel_Various.xml
Vanilla	Ludeon.RimWorld	RimWorld Core	apparel	Apparel_FlakVest	flak vest	Industrial		Item		ApparelArmor	false	false		IndustrialMilitaryBasic	D:\Steam\steamapps\common\RimWorld\Data\Core\Defs\ThingDefs_Misc\Apparel_Various.xml
Vanilla	Ludeon.RimWorld	RimWorld Core	apparel	Apparel_HatHood	hood	Medieval		Item		Headgear	false	false		BestowerHood	D:\Steam\steamapps\common\RimWorld\Data\Core\Defs\ThingDefs_Misc\Apparel_Headgear.xml
Vanilla	Ludeon.RimWorld	RimWorld Core	apparel	Apparel_Jacket	jacket	Medieval		Item		ApparelMisc	false	false		IndustrialAdvanced	D:\Steam\steamapps\common\RimWorld\Data\Core\Defs\ThingDefs_Misc\Apparel_Various.xml
Vanilla	Ludeon.RimWorld	RimWorld Core	apparel	Apparel_Pants	pants	Medieval		Item		ApparelMisc	false	false		IndustrialBasic	D:\Steam\steamapps\common\RimWorld\Data\Core\Defs\ThingDefs_Misc\Apparel_Various.xml
Vanilla	Ludeon.RimWorld	RimWorld Core	apparel	Apparel_Parka	parka	Neolithic		Item		ApparelMisc	false	false		IndustrialBasic,Neolithic	D:\Steam\steamapps\common\RimWorld\Data\Core\Defs\ThingDefs_Misc\Apparel_Various.xml
Vanilla	Ludeon.RimWorld	RimWorld Core	apparel	Apparel_PlateArmor	plate armor	Medieval		Item		ApparelArmor	false	false		MedievalMilitary	D:\Steam\steamapps\common\RimWorld\Data\Core\Defs\ThingDefs_Misc\Apparel_Various.xml
Vanilla	Ludeon.RimWorld	RimWorld Core	apparel	Apparel_PowerArmor	marine armor	Spacer		Item		ApparelArmor	false	false		SpacerMilitary	D:\Steam\steamapps\common\RimWorld\Data\Core\Defs\ThingDefs_Misc\Apparel_Various.xml
Vanilla	Ludeon.RimWorld	RimWorld Core	apparel	Apparel_PowerArmorHelmet	marine helmet	Spacer		Item		ArmorHeadgear	false	false		SpacerMilitary	D:\Steam\steamapps\common\RimWorld\Data\Core\Defs\ThingDefs_Misc\Apparel_Headgear.xml
Vanilla	Ludeon.RimWorld	RimWorld Core	apparel	Apparel_PsychicFoilHelmet	psychic foil helmet	Medieval	250.0	Item		Headgear	false	false		IndustrialMilitaryAdvanced,IndustrialMilitaryBasic,SpacerMilitary	D:\Steam\steamapps\common\RimWorld\Data\Core\Defs\ThingDefs_Misc\Apparel_Headgear.xml
Vanilla	Ludeon.RimWorld	RimWorld Core	apparel	Apparel_PsychicInsanityLance	psychic insanity lance	Archotech	650.0	Item		ApparelUtility	false	false			D:\Steam\steamapps\common\RimWorld\Data\Core\Defs\ThingDefs_Misc\Apparel_Utility.xml
Vanilla	Ludeon.RimWorld	RimWorld Core	apparel	Apparel_PsychicShockLance	psychic shock lance	Archotech	550.0	Item		ApparelUtility	false	false			D:\Steam\steamapps\common\RimWorld\Data\Core\Defs\ThingDefs_Misc\Apparel_Utility.xml
Vanilla	Ludeon.RimWorld	RimWorld Core	apparel	Apparel_Robe	robe	Medieval		Item		ApparelMisc	false	false		Robe	D:\Steam\steamapps\common\RimWorld\Data\Core\Defs\ThingDefs_Misc\Apparel_Various.xml
Vanilla	Ludeon.RimWorld	RimWorld Core	apparel	Apparel_ShieldBelt	shield belt	Spacer		Item		ApparelUtility	false	false		BeltDefense	D:\Steam\steamapps\common\RimWorld\Data\Core\Defs\ThingDefs_Misc\Apparel_Belts.xml
Vanilla	Ludeon.RimWorld	RimWorld Core	apparel	Apparel_SimpleHelmet	simple helmet	Industrial		Item		ArmorHeadgear	false	false		IndustrialMilitaryBasic	D:\Steam\steamapps\common\RimWorld\Data\Core\Defs\ThingDefs_Misc\Apparel_Headgear.xml
Vanilla	Ludeon.RimWorld	RimWorld Core	apparel	Apparel_SmokepopBelt	smokepop pack	Industrial		Item		ApparelUtility	false	false		BeltDefensePop	D:\Steam\steamapps\common\RimWorld\Data\Core\Defs\ThingDefs_Misc\Apparel_Packs.xml
Vanilla	Ludeon.RimWorld	RimWorld Core	apparel	Apparel_TribalA	tribalwear	Neolithic		Item	Sellable	ApparelMisc	false	false		Neolithic	D:\Steam\steamapps\common\RimWorld\Data\Core\Defs\ThingDefs_Misc\Apparel_Various.xml
Vanilla	Ludeon.RimWorld	RimWorld Core	apparel	Apparel_TribalHeaddress	tribal headdress	Neolithic		Item		Headgear	false	false			D:\Steam\steamapps\common\RimWorld\Data\Core\Defs\ThingDefs_Misc\Apparel_Headgear.xml
Vanilla	Ludeon.RimWorld	RimWorld Core	apparel	Apparel_Tuque	tuque	Medieval		Item		Headgear	false	false		IndustrialBasic	D:\Steam\steamapps\common\RimWorld\Data\Core\Defs\ThingDefs_Misc\Apparel_Headgear.xml
Vanilla	Ludeon.RimWorld	RimWorld Core	apparel	Apparel_WarMask	war mask	Neolithic		Item		Headgear	false	false			D:\Steam\steamapps\common\RimWorld\Data\Core\Defs\ThingDefs_Misc\Apparel_Headgear.xml
Vanilla	Ludeon.RimWorld	RimWorld Core	apparel	Apparel_WarVeil	veil	Neolithic		Item		Headgear	false	false			D:\Steam\steamapps\common\RimWorld\Data\Core\Defs\ThingDefs_Misc\Apparel_Headgear.xml
Vanilla	Ludeon.RimWorld	RimWorld Core	apparel	OrbitalTargeterBombardment	orbital bombardment targeter	Spacer	1200.0	Item	Sellable	ApparelUtility	false	false			D:\Steam\steamapps\common\RimWorld\Data\Core\Defs\ThingDefs_Misc\Weapons\RangedSpecial.xml
Vanilla	Ludeon.RimWorld	RimWorld Core	apparel	OrbitalTargeterPowerBeam	orbital power beam targeter	Spacer	1200.0	Item	Sellable	ApparelUtility	false	false			D:\Steam\steamapps\common\RimWorld\Data\Core\Defs\ThingDefs_Misc\Weapons\RangedSpecial.xml
Vanilla	Ludeon.RimWorld	RimWorld Core	apparel	TornadoGenerator	tornado generator	Spacer	800.0	Item	Sellable	ApparelUtility	false	false			D:\Steam\steamapps\common\RimWorld\Data\Core\Defs\ThingDefs_Misc\Weapons\RangedSpecial.xml
Vanilla	Ludeon.RimWorld	RimWorld Core	weapon	Artillery_AutoMortar	auto-mortar			Item	None		true	false	Artillery,Artillery_BaseDestroyer		D:\Steam\steamapps\common\RimWorld\Data\Core\Defs\ThingDefs_Buildings\Buildings_Mech_Turrets.xml
Vanilla	Ludeon.RimWorld	RimWorld Core	weapon	Artillery_Mortar	mortar			Item	None		true	false	Artillery,Artillery_BaseDestroyer		D:\Steam\steamapps\common\RimWorld\Data\Core\Defs\ThingDefs_Buildings\Buildings_Security_Turrets.xml
Vanilla	Ludeon.RimWorld	RimWorld Core	weapon	Beer	beer	Neolithic	12.0	Item		Drugs	false	false			D:\Steam\steamapps\common\RimWorld\Data\Core\Defs\Drugs\Alcohol_Beer.xml
Vanilla	Ludeon.RimWorld	RimWorld Core	weapon	Bow_Great	greatbow	Neolithic		Item		WeaponsRanged	false	false	Neolithic,NeolithicRangedChief,NeolithicRangedHeavy		D:\Steam\steamapps\common\RimWorld\Data\Core\Defs\ThingDefs_Misc\Weapons\RangedNeolithic.xml
Vanilla	Ludeon.RimWorld	RimWorld Core	weapon	Bow_Recurve	recurve bow	Neolithic		Item		WeaponsRanged	false	false	Neolithic,NeolithicRangedDecent		D:\Steam\steamapps\common\RimWorld\Data\Core\Defs\ThingDefs_Misc\Weapons\RangedNeolithic.xml
Vanilla	Ludeon.RimWorld	RimWorld Core	weapon	Bow_Short	short bow	Neolithic		Item		WeaponsRanged	false	false	Neolithic,NeolithicRangedBasic		D:\Steam\steamapps\common\RimWorld\Data\Core\Defs\ThingDefs_Misc\Weapons\RangedNeolithic.xml
Vanilla	Ludeon.RimWorld	RimWorld Core	weapon	ElephantTusk	elephant tusk	Neolithic	80.0	Item		ItemsMisc	false	false			D:\Steam\steamapps\common\RimWorld\Data\Core\Defs\ThingDefs_Items\Items_Exotic.xml
Vanilla	Ludeon.RimWorld	RimWorld Core	weapon	Gun_AssaultRifle	assault rifle	Industrial		Item		WeaponsRanged	false	false	AssaultRifle,Gun,IndustrialGunAdvanced		D:\Steam\steamapps\common\RimWorld\Data\Core\Defs\ThingDefs_Misc\Weapons\RangedIndustrial.xml
Vanilla	Ludeon.RimWorld	RimWorld Core	weapon	Gun_AutocannonTurret	autocannon			Item	None		true	false	TurretGun		D:\Steam\steamapps\common\RimWorld\Data\Core\Defs\ThingDefs_Buildings\Buildings_Security_Turrets.xml
Vanilla	Ludeon.RimWorld	RimWorld Core	weapon	Gun_Autopistol	autopistol	Industrial		Item		WeaponsRanged	false	false	Autopistol,Gun,SimpleGun		D:\Steam\steamapps\common\RimWorld\Data\Core\Defs\ThingDefs_Misc\Weapons\RangedIndustrial.xml
Vanilla	Ludeon.RimWorld	RimWorld Core	weapon	Gun_BoltActionRifle	bolt-action rifle	Industrial		Item		WeaponsRanged	false	false	Gun		D:\Steam\steamapps\common\RimWorld\Data\Core\Defs\ThingDefs_Misc\Weapons\RangedIndustrial.xml
Vanilla	Ludeon.RimWorld	RimWorld Core	weapon	Gun_ChainShotgun	chain shotgun	Industrial		Item		WeaponsRanged	false	false	Gun,IndustrialGunAdvanced,ShortShots		D:\Steam\steamapps\common\RimWorld\Data\Core\Defs\ThingDefs_Misc\Weapons\RangedIndustrial.xml
Vanilla	Ludeon.RimWorld	RimWorld Core	weapon	Gun_ChargeBlasterHeavy	Gun_ChargeBlasterHeavy	Spacer	1400.0	Item	None	WeaponsRanged	true	false	ChargeBlasterHeavyGun,MechanoidGunHeavy		D:\Steam\steamapps\common\RimWorld\Data\Core\Defs\ThingDefs_Misc\Weapons\RangedMechanoid.xml
Vanilla	Ludeon.RimWorld	RimWorld Core	weapon	Gun_ChargeBlasterHeavyTurret	light charge blaster	Spacer	1400.0	Item	None	WeaponsRanged	true	false			D:\Steam\steamapps\common\RimWorld\Data\Core\Defs\ThingDefs_Buildings\Buildings_Mech_Turrets.xml
Vanilla	Ludeon.RimWorld	RimWorld Core	weapon	Gun_ChargeLance	charge lance	Spacer		Item		WeaponsRanged	false	false	Gun,MechanoidGunMedium,SpacerGun		D:\Steam\steamapps\common\RimWorld\Data\Core\Defs\ThingDefs_Misc\Weapons\RangedSpacer.xml
Vanilla	Ludeon.RimWorld	RimWorld Core	weapon	Gun_ChargeRifle	charge rifle	Spacer		Item		WeaponsRanged	false	false	Gun,SpacerGun		D:\Steam\steamapps\common\RimWorld\Data\Core\Defs\ThingDefs_Misc\Weapons\RangedSpacer.xml
Vanilla	Ludeon.RimWorld	RimWorld Core	weapon	Gun_DoomsdayRocket	doomsday rocket launcher	Spacer	1000.0	Item		WeaponsRanged	false	false	Gun,GunSingleUse		D:\Steam\steamapps\common\RimWorld\Data\Core\Defs\ThingDefs_Misc\Weapons\RangedIndustrialConsumable.xml
Vanilla	Ludeon.RimWorld	RimWorld Core	weapon	Gun_EmpLauncher	EMP launcher	Industrial		Item		WeaponsRanged	false	false	GrenadeEMP,Gun		D:\Steam\steamapps\common\RimWorld\Data\Core\Defs\ThingDefs_Misc\Weapons\RangedIndustrial.xml
Vanilla	Ludeon.RimWorld	RimWorld Core	weapon	Gun_HeavySMG	heavy SMG	Industrial		Item		WeaponsRanged	false	false	Gun,IndustrialGunAdvanced,ShortShots		D:\Steam\steamapps\common\RimWorld\Data\Core\Defs\ThingDefs_Misc\Weapons\RangedIndustrial.xml
Vanilla	Ludeon.RimWorld	RimWorld Core	weapon	Gun_IncendiaryLauncher	incendiary launcher	Industrial		Item		WeaponsRanged	false	false	Gun		D:\Steam\steamapps\common\RimWorld\Data\Core\Defs\ThingDefs_Misc\Weapons\RangedIndustrial.xml
Vanilla	Ludeon.RimWorld	RimWorld Core	weapon	Gun_InfernoCannon	Gun_InfernoCannon	Spacer	1400.0	Item	None	WeaponsRanged	true	false	InfernoCannonGun,MechanoidGunHeavy		D:\Steam\steamapps\common\RimWorld\Data\Core\Defs\ThingDefs_Misc\Weapons\RangedMechanoid.xml
Vanilla	Ludeon.RimWorld	RimWorld Core	weapon	Gun_InfernoCannonTurret	Gun_InfernoCannonTurret	Spacer	1400.0	Item	None	WeaponsRanged	true	false	TurretGun		D:\Steam\steamapps\common\RimWorld\Data\Core\Defs\ThingDefs_Buildings\Buildings_Mech_Turrets.xml
Vanilla	Ludeon.RimWorld	RimWorld Core	weapon	Gun_LMG	LMG	Industrial		Item		WeaponsRanged	false	false	Gun,IndustrialGunAdvanced		D:\Steam\steamapps\common\RimWorld\Data\Core\Defs\ThingDefs_Misc\Weapons\RangedIndustrial.xml
Vanilla	Ludeon.RimWorld	RimWorld Core	weapon	Gun_MachinePistol	machine pistol	Industrial		Item		WeaponsRanged	false	false	Gun,ShortShots		D:\Steam\steamapps\common\RimWorld\Data\Core\Defs\ThingDefs_Misc\Weapons\RangedIndustrial.xml
Vanilla	Ludeon.RimWorld	RimWorld Core	weapon	Gun_Minigun	minigun	Industrial		Item		WeaponsRanged	false	false	Gun,GunHeavy,Minigun		D:\Steam\steamapps\common\RimWorld\Data\Core\Defs\ThingDefs_Misc\Weapons\RangedIndustrial.xml
Vanilla	Ludeon.RimWorld	RimWorld Core	weapon	Gun_MiniTurret	mini-turret gun			Item	None		true	false	TurretGun		D:\Steam\steamapps\common\RimWorld\Data\Core\Defs\ThingDefs_Buildings\Buildings_Security_Turrets.xml
Vanilla	Ludeon.RimWorld	RimWorld Core	weapon	Gun_MiniTurretMech	mini-slugger			Item	None		true	false	TurretGun		D:\Steam\steamapps\common\RimWorld\Data\Core\Defs\ThingDefs_Buildings\Buildings_Mech.xml
Vanilla	Ludeon.RimWorld	RimWorld Core	weapon	Gun_Needle	needle gun	Spacer	1400.0	Item	None	WeaponsRanged	true	false	MechanoidGunLongRange		D:\Steam\steamapps\common\RimWorld\Data\Core\Defs\ThingDefs_Misc\Weapons\RangedMechanoid.xml
Vanilla	Ludeon.RimWorld	RimWorld Core	weapon	Gun_PumpShotgun	pump shotgun	Industrial		Item		WeaponsRanged	false	false	Gun,PumpShotgun,ShortShots		D:\Steam\steamapps\common\RimWorld\Data\Core\Defs\ThingDefs_Misc\Weapons\RangedIndustrial.xml
Vanilla	Ludeon.RimWorld	RimWorld Core	weapon	Gun_Revolver	revolver	Industrial		Item		WeaponsRanged	false	false	Gun,Revolver,SimpleGun		D:\Steam\steamapps\common\RimWorld\Data\Core\Defs\ThingDefs_Misc\Weapons\RangedIndustrial.xml
Vanilla	Ludeon.RimWorld	RimWorld Core	weapon	Gun_RocketswarmLauncher	rocketswarm tube			Item	None		true	false	TurretGun		D:\Steam\steamapps\common\RimWorld\Data\Core\Defs\ThingDefs_Buildings\Buildings_Security_Turrets.xml
Vanilla	Ludeon.RimWorld	RimWorld Core	weapon	Gun_SmokeLauncher	smoke launcher	Industrial		Item		WeaponsRanged	false	false	GrenadeSmoke		D:\Steam\steamapps\common\RimWorld\Data\Core\Defs\ThingDefs_Misc\Weapons\RangedIndustrial.xml
Vanilla	Ludeon.RimWorld	RimWorld Core	weapon	Gun_SniperRifle	sniper rifle	Industrial		Item		WeaponsRanged	false	false	SniperRifle		D:\Steam\steamapps\common\RimWorld\Data\Core\Defs\ThingDefs_Misc\Weapons\RangedIndustrial.xml
Vanilla	Ludeon.RimWorld	RimWorld Core	weapon	Gun_ThumpCannon	thump cannon	Spacer	1400.0	Item	None	WeaponsRanged	true	false	MechanoidGunBreach		D:\Steam\steamapps\common\RimWorld\Data\Core\Defs\ThingDefs_Misc\Weapons\Weapons_Breach.xml
Vanilla	Ludeon.RimWorld	RimWorld Core	weapon	Gun_TripleRocket	triple rocket launcher	Spacer	1000.0	Item		WeaponsRanged	false	false	Gun,GunSingleUse		D:\Steam\steamapps\common\RimWorld\Data\Core\Defs\ThingDefs_Misc\Weapons\RangedIndustrialConsumable.xml
Vanilla	Ludeon.RimWorld	RimWorld Core	weapon	Gun_TurretFoam	foam sprayer			Item	None		true	false	TurretGun		D:\Steam\steamapps\common\RimWorld\Data\Core\Defs\ThingDefs_Buildings\Buildings_Security_Turrets.xml
Vanilla	Ludeon.RimWorld	RimWorld Core	weapon	Gun_TurretSniper	uranium slug cannon			Item	None		true	false	TurretGun		D:\Steam\steamapps\common\RimWorld\Data\Core\Defs\ThingDefs_Buildings\Buildings_Security_Turrets.xml
Vanilla	Ludeon.RimWorld	RimWorld Core	weapon	MeleeWeapon_BreachAxe	breach axe	Neolithic		Item		WeaponsMelee	false	false	NeolithicMeleeDestructive		D:\Steam\steamapps\common\RimWorld\Data\Core\Defs\ThingDefs_Misc\Weapons\Breach.xml
Vanilla	Ludeon.RimWorld	RimWorld Core	weapon	MeleeWeapon_Club	club	Neolithic		Item		WeaponsMelee	false	false	NeolithicMeleeBasic		D:\Steam\steamapps\common\RimWorld\Data\Core\Defs\ThingDefs_Misc\Weapons\MeleeNeolithic.xml
Vanilla	Ludeon.RimWorld	RimWorld Core	weapon	MeleeWeapon_Gladius	gladius	Medieval		Item		WeaponsMelee	false	false	MedievalMeleeDecent		D:\Steam\steamapps\common\RimWorld\Data\Core\Defs\ThingDefs_Misc\Weapons\MeleeMedieval.xml
Vanilla	Ludeon.RimWorld	RimWorld Core	weapon	MeleeWeapon_Ikwa	ikwa	Neolithic		Item		WeaponsMelee	false	false	NeolithicMeleeDecent		D:\Steam\steamapps\common\RimWorld\Data\Core\Defs\ThingDefs_Misc\Weapons\MeleeNeolithic.xml
Vanilla	Ludeon.RimWorld	RimWorld Core	weapon	MeleeWeapon_Knife	knife	Neolithic		Item		WeaponsMelee	false	false	MedievalMeleeBasic,NeolithicMeleeBasic		D:\Steam\steamapps\common\RimWorld\Data\Core\Defs\ThingDefs_Misc\Weapons\MeleeNeolithic.xml
Vanilla	Ludeon.RimWorld	RimWorld Core	weapon	MeleeWeapon_LongSword	longsword	Medieval		Item		WeaponsMelee	false	false	LongSword,MedievalMeleeAdvanced		D:\Steam\steamapps\common\RimWorld\Data\Core\Defs\ThingDefs_Misc\Weapons\MeleeMedieval.xml
Vanilla	Ludeon.RimWorld	RimWorld Core	weapon	MeleeWeapon_Mace	mace	Medieval		Item		WeaponsMelee	false	false	MedievalMeleeDecent		D:\Steam\steamapps\common\RimWorld\Data\Core\Defs\ThingDefs_Misc\Weapons\MeleeMedieval.xml
Vanilla	Ludeon.RimWorld	RimWorld Core	weapon	MeleeWeapon_Spear	spear	Neolithic		Item		WeaponsMelee	false	false	MedievalMeleeAdvanced,NeolithicMeleeAdvanced,Spear		D:\Steam\steamapps\common\RimWorld\Data\Core\Defs\ThingDefs_Misc\Weapons\MeleeNeolithic.xml
Vanilla	Ludeon.RimWorld	RimWorld Core	weapon	Pila	pila	Neolithic		Item		WeaponsRanged	false	false	Neolithic,NeolithicRangedHeavy,NoRelic		D:\Steam\steamapps\common\RimWorld\Data\Core\Defs\ThingDefs_Misc\Weapons\RangedNeolithic.xml
Vanilla	Ludeon.RimWorld	RimWorld Core	weapon	ThrumboHorn	thrumbo horn	Neolithic	800.0	Item		ItemsMisc	false	false			D:\Steam\steamapps\common\RimWorld\Data\Core\Defs\ThingDefs_Items\Items_Exotic.xml
Vanilla	Ludeon.RimWorld	RimWorld Core	weapon	Weapon_GrenadeEMP	EMP grenades	Industrial		Item		Grenades	false	false	GrenadeEMP		D:\Steam\steamapps\common\RimWorld\Data\Core\Defs\ThingDefs_Misc\Weapons\RangedIndustrialGrenades.xml
Vanilla	Ludeon.RimWorld	RimWorld Core	weapon	Weapon_GrenadeFrag	frag grenades	Industrial		Item		Grenades	false	false	EmpireGrenadeDestructive,GrenadeDestructive		D:\Steam\steamapps\common\RimWorld\Data\Core\Defs\ThingDefs_Misc\Weapons\RangedIndustrialGrenades.xml
Vanilla	Ludeon.RimWorld	RimWorld Core	weapon	Weapon_GrenadeMolotov	molotov cocktails	Industrial		Item		Grenades	false	false	GrenadeDestructive,GrenadeFlame		D:\Steam\steamapps\common\RimWorld\Data\Core\Defs\ThingDefs_Misc\Weapons\RangedIndustrialGrenades.xml
Vanilla	Ludeon.RimWorld	RimWorld Core	weapon	WoodLog	wood	Neolithic	1.2	Item		ResourcesRaw	false	false			D:\Steam\steamapps\common\RimWorld\Data\Core\Defs\ThingDefs_Items\Items_Resource_Stuff.xml
Vanilla	Ludeon.RimWorld.Anomaly	RimWorld Anomaly	apparel	Apparel_BiomutationLance	biomutation lance	Archotech	850.0	Item		ApparelUtility	false	false			D:\Steam\steamapps\common\RimWorld\Data\Anomaly\Defs\ThingDefs_Misc\Apparel_Utility.xml
Vanilla	Ludeon.RimWorld.Anomaly	RimWorld Anomaly	apparel	Apparel_CeremonialCultistMask	ceremonial hood	Neolithic		Item		Headgear	false	false		HoraxianCeremonial	D:\Steam\steamapps\common\RimWorld\Data\Anomaly\Defs\ThingDefs_Misc\Apparel_Cult.xml
Vanilla	Ludeon.RimWorld.Anomaly	RimWorld Anomaly	apparel	Apparel_CultistMask	ritual mask	Neolithic		Item		Headgear	false	false		Horaxian	D:\Steam\steamapps\common\RimWorld\Data\Anomaly\Defs\ThingDefs_Misc\Apparel_Cult.xml
Vanilla	Ludeon.RimWorld.Anomaly	RimWorld Anomaly	apparel	Apparel_DeadlifePack	deadlife pack	Industrial		Item		ApparelUtility	false	false			D:\Steam\steamapps\common\RimWorld\Data\Anomaly\Defs\ThingDefs_Misc\Apparel_Packs.xml
Vanilla	Ludeon.RimWorld.Anomaly	RimWorld Anomaly	apparel	Apparel_DisruptorFlarePack	disruptor flare pack	Industrial		Item		ApparelUtility	false	false			D:\Steam\steamapps\common\RimWorld\Data\Anomaly\Defs\ThingDefs_Misc\Apparel_Packs.xml
Vanilla	Ludeon.RimWorld.Anomaly	RimWorld Anomaly	apparel	Apparel_LabCoat	lab coat	Industrial		Item		ApparelMisc	false	false			D:\Steam\steamapps\common\RimWorld\Data\Anomaly\Defs\ThingDefs_Misc\Apparel_Various.xml
Vanilla	Ludeon.RimWorld.Anomaly	RimWorld Anomaly	apparel	Apparel_PackTurret	turret pack	Industrial		Item		ApparelUtility	false	false			D:\Steam\steamapps\common\RimWorld\Data\Anomaly\Defs\ThingDefs_Misc\Apparel_Packs.xml
Vanilla	Ludeon.RimWorld.Anomaly	RimWorld Anomaly	apparel	Apparel_ShardPsychicInsanityLance	shard insanity lance	Archotech		Item		ApparelUtility	false	false			D:\Steam\steamapps\common\RimWorld\Data\Anomaly\Defs\ThingDefs_Misc\Apparel_Utility.xml
Vanilla	Ludeon.RimWorld.Anomaly	RimWorld Anomaly	apparel	Apparel_ShardPsychicShockLance	shard shock lance	Archotech		Item		ApparelUtility	false	false			D:\Steam\steamapps\common\RimWorld\Data\Anomaly\Defs\ThingDefs_Misc\Apparel_Utility.xml
Vanilla	Ludeon.RimWorld.Anomaly	RimWorld Anomaly	weapon	Gun_HellcatRifle	hellcat rifle	Industrial		Item		WeaponsRanged	false	false	AssaultRifle,Gun,IndustrialGunAdvanced		D:\Steam\steamapps\common\RimWorld\Data\Anomaly\Defs\ThingDefs_Misc\Weapons\Weapons_Ranged.xml
Vanilla	Ludeon.RimWorld.Anomaly	RimWorld Anomaly	weapon	Gun_Incinerator	incinerator	Industrial		Item		WeaponsRanged	false	false	Flamethrower,Gun		D:\Steam\steamapps\common\RimWorld\Data\Anomaly\Defs\ThingDefs_Misc\Weapons\Weapons_Ranged.xml
Vanilla	Ludeon.RimWorld.Anomaly	RimWorld Anomaly	weapon	Gun_TacticalTurret	tactical turret gun			Item	None		true	false	TurretGun		D:\Steam\steamapps\common\RimWorld\Data\Anomaly\Defs\ThingDefs_Buildings\Buildings_Misc.xml
Vanilla	Ludeon.RimWorld.Anomaly	RimWorld Anomaly	weapon	NerveSpiker	nerve spiker	Medieval		Item		WeaponsRanged	false	false	NerveSpiker		D:\Steam\steamapps\common\RimWorld\Data\Anomaly\Defs\ThingDefs_Misc\Weapons\Weapons_RangedHoraxian.xml
Vanilla	Ludeon.RimWorld.Biotech	RimWorld Biotech	apparel	Apparel_AirwireHeadset	airwire headset	Spacer		Item	Sellable	Headgear	false	false			D:\Steam\steamapps\common\RimWorld\Data\Biotech\Defs\ThingDefs_Misc\Apparel_Headgear.xml
Vanilla	Ludeon.RimWorld.Biotech	RimWorld Biotech	apparel	Apparel_ArmorHelmetMechCommander	mechcommander helmet	Spacer		Item	Sellable	ArmorHeadgear	false	false			D:\Steam\steamapps\common\RimWorld\Data\Biotech\Defs\ThingDefs_Misc\Apparel_Headgear.xml
Vanilla	Ludeon.RimWorld.Biotech	RimWorld Biotech	apparel	Apparel_ArmorHelmetMechlordHelmet	mechlord helmet	Spacer		Item	Sellable	ArmorHeadgear	false	false		Mechlord,RoyalTier7	D:\Steam\steamapps\common\RimWorld\Data\Biotech\Defs\ThingDefs_Misc\Apparel_Headgear.xml
Vanilla	Ludeon.RimWorld.Biotech	RimWorld Biotech	apparel	Apparel_ArrayHeadset	array headset	Spacer		Item	Sellable	Headgear	false	false			D:\Steam\steamapps\common\RimWorld\Data\Biotech\Defs\ThingDefs_Misc\Apparel_Headgear.xml
Vanilla	Ludeon.RimWorld.Biotech	RimWorld Biotech	apparel	Apparel_Bandolier	heavy bandolier	Industrial		Item		ApparelMisc	false	false		Apparel_Yttakin	D:\Steam\steamapps\common\RimWorld\Data\Biotech\Defs\ThingDefs_Misc\Apparel_Various.xml
Vanilla	Ludeon.RimWorld.Biotech	RimWorld Biotech	apparel	Apparel_GasMask	gas mask	Industrial		Item		Headgear	false	false		IndustrialBasic	D:\Steam\steamapps\common\RimWorld\Data\Biotech\Defs\ThingDefs_Misc\Apparel_Headgear.xml
Vanilla	Ludeon.RimWorld.Biotech	RimWorld Biotech	apparel	Apparel_HeavyShield	heavy shield unit	Medieval		Item	None		true	false			D:\Steam\steamapps\common\RimWorld\Data\Biotech\Defs\ThingDefs_Misc\Apparel_Mech.xml
Vanilla	Ludeon.RimWorld.Biotech	RimWorld Biotech	apparel	Apparel_IntegratorHeadset	integrator headset	Spacer		Item	Sellable	ArmorHeadgear	false	false			D:\Steam\steamapps\common\RimWorld\Data\Biotech\Defs\ThingDefs_Misc\Apparel_Headgear.xml
Vanilla	Ludeon.RimWorld.Biotech	RimWorld Biotech	apparel	Apparel_KidHelmet	kid helmet	Industrial		Item		ArmorHeadgear	false	false		IndustrialMilitaryBasic	D:\Steam\steamapps\common\RimWorld\Data\Biotech\Defs\ThingDefs_Misc\Apparel_Child.xml
Vanilla	Ludeon.RimWorld.Biotech	RimWorld Biotech	apparel	Apparel_KidPants	kid pants	Medieval		Item		ApparelMisc	false	false		IndustrialBasic	D:\Steam\steamapps\common\RimWorld\Data\Biotech\Defs\ThingDefs_Misc\Apparel_Child.xml
Vanilla	Ludeon.RimWorld.Biotech	RimWorld Biotech	apparel	Apparel_KidParka	kid parka	Neolithic		Item		ApparelMisc	false	false		IndustrialBasic,Neolithic	D:\Steam\steamapps\common\RimWorld\Data\Biotech\Defs\ThingDefs_Misc\Apparel_Child.xml
Vanilla	Ludeon.RimWorld.Biotech	RimWorld Biotech	apparel	Apparel_KidRomper	kid romper	Medieval		Item		ApparelMisc	false	false		IndustrialBasic	D:\Steam\steamapps\common\RimWorld\Data\Biotech\Defs\ThingDefs_Misc\Apparel_Child.xml
Vanilla	Ludeon.RimWorld.Biotech	RimWorld Biotech	apparel	Apparel_KidShirt	kid shirt	Medieval		Item		ApparelMisc	false	false		IndustrialBasic	D:\Steam\steamapps\common\RimWorld\Data\Biotech\Defs\ThingDefs_Misc\Apparel_Child.xml
Vanilla	Ludeon.RimWorld.Biotech	RimWorld Biotech	apparel	Apparel_KidTribal	kid tribalwear	Neolithic		Item		ApparelMisc	false	false		Neolithic	D:\Steam\steamapps\common\RimWorld\Data\Biotech\Defs\ThingDefs_Misc\Apparel_Child.xml
Vanilla	Ludeon.RimWorld.Biotech	RimWorld Biotech	apparel	Apparel_MechlordSuit	mechlord suit	Spacer		Item	Sellable	ApparelArmor	false	false		Mechlord,RoyalTier7	D:\Steam\steamapps\common\RimWorld\Data\Biotech\Defs\ThingDefs_Misc\Apparel_Various.xml
Vanilla	Ludeon.RimWorld.Biotech	RimWorld Biotech	apparel	Apparel_PackBandwidth	bandwidth pack	Spacer		Item	Sellable	ApparelUtility	false	false			D:\Steam\steamapps\common\RimWorld\Data\Biotech\Defs\ThingDefs_Misc\Apparel_Packs.xml
Vanilla	Ludeon.RimWorld.Biotech	RimWorld Biotech	apparel	Apparel_PackControl	control pack	Spacer		Item	Sellable	ApparelUtility	false	false			D:\Steam\steamapps\common\RimWorld\Data\Biotech\Defs\ThingDefs_Misc\Apparel_Packs.xml
Vanilla	Ludeon.RimWorld.Biotech	RimWorld Biotech	apparel	Apparel_PackTox	tox pack	Industrial		Item		ApparelUtility	false	false		BeltDefenseTox	D:\Steam\steamapps\common\RimWorld\Data\Biotech\Defs\ThingDefs_Misc\Apparel_Packs.xml
Vanilla	Ludeon.RimWorld.Biotech	RimWorld Biotech	apparel	Apparel_Sash	sash	Industrial		Item		ApparelMisc	false	false		Apparel_Yttakin	D:\Steam\steamapps\common\RimWorld\Data\Biotech\Defs\ThingDefs_Misc\Apparel_Various.xml
Vanilla	Ludeon.RimWorld.Biotech	RimWorld Biotech	weapon	Flamebow	flamebow	Neolithic	45.0	Item		WeaponsRanged	false	false	Neolithic,NeolithicRangedFlame		D:\Steam\steamapps\common\RimWorld\Data\Biotech\Defs\ThingDefs_Misc\Weapons\RangedIndustrial.xml
Vanilla	Ludeon.RimWorld.Biotech	RimWorld Biotech	weapon	Gun_BeamGraser	beam graser	Spacer		Item	Sellable	WeaponsRanged	false	false	BeamGraserGun		D:\Steam\steamapps\common\RimWorld\Data\Biotech\Defs\ThingDefs_Misc\Weapons\RangedMechanoid_Medium.xml
Vanilla	Ludeon.RimWorld.Biotech	RimWorld Biotech	weapon	Gun_ChargeBlasterTurret	charge blaster turret			Item	None		true	false	TurretGun		D:\Steam\steamapps\common\RimWorld\Data\Biotech\Defs\ThingDefs_Races\Races_Mechanoids_SuperHeavy.xml
Vanilla	Ludeon.RimWorld.Biotech	RimWorld Biotech	weapon	Gun_HellsphereCannon	hellsphere cannon	Spacer	1400.0	Item	None	WeaponsRanged	true	false	HellsphereCannonGun		D:\Steam\steamapps\common\RimWorld\Data\Biotech\Defs\ThingDefs_Misc\Weapons\RangedMechanoid_Heavy.xml
Vanilla	Ludeon.RimWorld.Biotech	RimWorld Biotech	weapon	Gun_MiniFlameblaster	mini-flameblaster	Industrial	1000.0	Item	None	WeaponsRanged	true	false	MechanoidGunMiniFlameblaster		D:\Steam\steamapps\common\RimWorld\Data\Biotech\Defs\ThingDefs_Misc\Weapons\RangedMechanoid_Light.xml
Vanilla	Ludeon.RimWorld.Biotech	RimWorld Biotech	weapon	Gun_MiniShotgun	mini-shotgun	Spacer	1000.0	Item	None	WeaponsRanged	true	false	MechanoidGunShortRange		D:\Steam\steamapps\common\RimWorld\Data\Biotech\Defs\ThingDefs_Misc\Weapons\RangedMechanoid_Light.xml
Vanilla	Ludeon.RimWorld.Biotech	RimWorld Biotech	weapon	Gun_NeedleLauncher	needle launcher	Spacer	1400.0	Item	None	WeaponsRanged	true	false	MechanoidGunNeedleLauncher		D:\Steam\steamapps\common\RimWorld\Data\Biotech\Defs\ThingDefs_Misc\Weapons\RangedMechanoid_Medium.xml
Vanilla	Ludeon.RimWorld.Biotech	RimWorld Biotech	weapon	Gun_Slugthrower	slugthrower	Industrial	1000.0	Item	None	WeaponsRanged	true	false	MechanoidGunSlugthrower		D:\Steam\steamapps\common\RimWorld\Data\Biotech\Defs\ThingDefs_Misc\Weapons\RangedMechanoid_Light.xml
Vanilla	Ludeon.RimWorld.Biotech	RimWorld Biotech	weapon	Gun_Spiner	spiner	Industrial	500.0	Item	None	WeaponsRanged	true	false	MechanoidGunSpiner		D:\Steam\steamapps\common\RimWorld\Data\Biotech\Defs\ThingDefs_Misc\Weapons\RangedMechanoid_Light.xml
Vanilla	Ludeon.RimWorld.Biotech	RimWorld Biotech	weapon	Gun_ToxbombLauncher	toxbomb launcher	Industrial		Item		WeaponsRanged	false	false	HeavyTox		D:\Steam\steamapps\common\RimWorld\Data\Biotech\Defs\ThingDefs_Misc\Weapons\RangedIndustrial.xml
Vanilla	Ludeon.RimWorld.Biotech	RimWorld Biotech	weapon	Gun_ToxicNeedle	toxic needle gun	Spacer	1400.0	Item	None	WeaponsRanged	true	false	MechanoidGunToxicNeedle		D:\Steam\steamapps\common\RimWorld\Data\Biotech\Defs\ThingDefs_Misc\Weapons\RangedMechanoid_Medium.xml
Vanilla	Ludeon.RimWorld.Biotech	RimWorld Biotech	weapon	Weapon_GrenadeTox	tox grenades	Industrial		Item		Grenades	false	false	GrenadeTox		D:\Steam\steamapps\common\RimWorld\Data\Biotech\Defs\ThingDefs_Misc\Weapons\RangedIndustrial.xml
Vanilla	Ludeon.RimWorld.Ideology	RimWorld Ideology	apparel	Apparel_AuthorityCap	authority cap	Medieval		Item		Headgear	false	false			D:\Steam\steamapps\common\RimWorld\Data\Ideology\Defs\ThingDefs_Misc\Apparel_Headgear.xml
Vanilla	Ludeon.RimWorld.Ideology	RimWorld Ideology	apparel	Apparel_Blindfold	blindfold	Medieval		Item		Headgear	false	false			D:\Steam\steamapps\common\RimWorld\Data\Ideology\Defs\ThingDefs_Misc\Apparel_Various.xml
Vanilla	Ludeon.RimWorld.Ideology	RimWorld Ideology	apparel	Apparel_BodyStrap	slave body strap	Medieval		Item		ApparelMisc	false	false			D:\Steam\steamapps\common\RimWorld\Data\Ideology\Defs\ThingDefs_Misc\Apparel_Various.xml
Vanilla	Ludeon.RimWorld.Ideology	RimWorld Ideology	apparel	Apparel_Broadwrap	broadwrap	Neolithic		Item		Headgear	false	false			D:\Steam\steamapps\common\RimWorld\Data\Ideology\Defs\ThingDefs_Misc\Apparel_Headgear.xml
Vanilla	Ludeon.RimWorld.Ideology	RimWorld Ideology	apparel	Apparel_Burka	burka	Neolithic		Item		ApparelMisc	false	false			D:\Steam\steamapps\common\RimWorld\Data\Ideology\Defs\ThingDefs_Misc\Apparel_Various.xml
Vanilla	Ludeon.RimWorld.Ideology	RimWorld Ideology	apparel	Apparel_Collar	slave collar	Medieval		Item		Headgear	false	false			D:\Steam\steamapps\common\RimWorld\Data\Ideology\Defs\ThingDefs_Misc\Apparel_Headgear.xml
Vanilla	Ludeon.RimWorld.Ideology	RimWorld Ideology	apparel	Apparel_Flophat	flophat	Medieval		Item		Headgear	false	false			D:\Steam\steamapps\common\RimWorld\Data\Ideology\Defs\ThingDefs_Misc\Apparel_Headgear.xml
Vanilla	Ludeon.RimWorld.Ideology	RimWorld Ideology	apparel	Apparel_Headwrap	headwrap	Neolithic		Item		Headgear	false	false			D:\Steam\steamapps\common\RimWorld\Data\Ideology\Defs\ThingDefs_Misc\Apparel_Headgear.xml
Vanilla	Ludeon.RimWorld.Ideology	RimWorld Ideology	apparel	Apparel_Shadecone	shadecone	Medieval		Item		Headgear	false	false			D:\Steam\steamapps\common\RimWorld\Data\Ideology\Defs\ThingDefs_Misc\Apparel_Headgear.xml
Vanilla	Ludeon.RimWorld.Ideology	RimWorld Ideology	apparel	Apparel_Slicecap	slicecap	Medieval		Item		Headgear	false	false			D:\Steam\steamapps\common\RimWorld\Data\Ideology\Defs\ThingDefs_Misc\Apparel_Headgear.xml
Vanilla	Ludeon.RimWorld.Ideology	RimWorld Ideology	apparel	Apparel_Tailcap	tailcap	Medieval		Item		Headgear	false	false			D:\Steam\steamapps\common\RimWorld\Data\Ideology\Defs\ThingDefs_Misc\Apparel_Headgear.xml
Vanilla	Ludeon.RimWorld.Ideology	RimWorld Ideology	apparel	Apparel_TortureCrown	torture crown	Medieval		Item		Headgear	false	false			D:\Steam\steamapps\common\RimWorld\Data\Ideology\Defs\ThingDefs_Misc\Apparel_Various.xml
Vanilla	Ludeon.RimWorld.Ideology	RimWorld Ideology	apparel	Apparel_VisageMask	visage mask	Neolithic		Item		Headgear	false	false			D:\Steam\steamapps\common\RimWorld\Data\Ideology\Defs\ThingDefs_Misc\Apparel_Headgear.xml
Vanilla	Ludeon.RimWorld.Odyssey	RimWorld Odyssey	apparel	Apparel_CerebrexNode	cerebrex node	Spacer	5000.0	Item	Sellable	ApparelUtility	false	false			D:\Steam\steamapps\common\RimWorld\Data\Odyssey\Defs\ThingDefs_Misc\Apparel_Packs.xml
Vanilla	Ludeon.RimWorld.Odyssey	RimWorld Odyssey	apparel	Apparel_PackHunter	hunter pack	Industrial		Item		ApparelUtility	false	false			D:\Steam\steamapps\common\RimWorld\Data\Odyssey\Defs\ThingDefs_Misc\Apparel_Packs.xml
Vanilla	Ludeon.RimWorld.Odyssey	RimWorld Odyssey	apparel	Apparel_Vacsuit	vacsuit	Spacer		Item		ApparelArmor	false	false		SpacerMilitary,Vacsuit	D:\Steam\steamapps\common\RimWorld\Data\Odyssey\Defs\ThingDefs_Misc\Apparel_Various.xml
Vanilla	Ludeon.RimWorld.Odyssey	RimWorld Odyssey	apparel	Apparel_VacsuitChildren	kid vacsuit	Spacer		Item		ApparelArmor	false	false		SpacerMilitary,Vacsuit	D:\Steam\steamapps\common\RimWorld\Data\Odyssey\Defs\ThingDefs_Misc\Apparel_Various.xml
Vanilla	Ludeon.RimWorld.Odyssey	RimWorld Odyssey	apparel	Apparel_VacsuitHelmet	vacsuit helmet	Spacer		Item		ArmorHeadgear	false	false		SpacerMilitary,Vacsuit	D:\Steam\steamapps\common\RimWorld\Data\Odyssey\Defs\ThingDefs_Misc\Apparel_Headgear.xml
Vanilla	Ludeon.RimWorld.Odyssey	RimWorld Odyssey	weapon	AlphaThrumboHorn	alpha thrumbo horn	Neolithic	3000.0	Item	Sellable	ItemsMisc	false	false			D:\Steam\steamapps\common\RimWorld\Data\Odyssey\Defs\ThingDefs_Items\Items_Exotic.xml
Vanilla	Ludeon.RimWorld.Odyssey	RimWorld Odyssey	weapon	Bow_Great_Unique	unique greatbow	Neolithic		Item	Sellable	WeaponsUnique	false	false	Neolithic,NeolithicRangedChief,NeolithicRangedHeavy		D:\Steam\steamapps\common\RimWorld\Data\Odyssey\Defs\ThingDefs_Items\Weapons_Unique.xml
Vanilla	Ludeon.RimWorld.Odyssey	RimWorld Odyssey	weapon	Gun_AncientArmoredTurret	ancient defender turret gun			Item	None		true	false	TurretGun		D:\Steam\steamapps\common\RimWorld\Data\Odyssey\Defs\ThingDefs_Buildings\Buildings_Security_Turrets.xml
Vanilla	Ludeon.RimWorld.Odyssey	RimWorld Odyssey	weapon	Gun_AssaultRifle_Unique	unique assault rifle	Industrial		Item	Sellable	WeaponsUnique	false	false	AssaultRifle,Gun,IndustrialGunAdvanced		D:\Steam\steamapps\common\RimWorld\Data\Odyssey\Defs\ThingDefs_Items\Weapons_Unique.xml
Vanilla	Ludeon.RimWorld.Odyssey	RimWorld Odyssey	weapon	Gun_BeamRepeater	beam repeater	Spacer		Item		WeaponsRanged	false	false	Gun,GunHeavy,WeaponBeamRepeater		D:\Steam\steamapps\common\RimWorld\Data\Odyssey\Defs\ThingDefs_Misc\Weapons\Ranged_Spacer.xml
Vanilla	Ludeon.RimWorld.Odyssey	RimWorld Odyssey	weapon	Gun_BeamRepeater_Unique	unique beam repeater	Spacer		Item	Sellable	WeaponsUnique	false	false	Gun,GunHeavy,WeaponBeamRepeater		D:\Steam\steamapps\common\RimWorld\Data\Odyssey\Defs\ThingDefs_Items\Weapons_Unique.xml
Vanilla	Ludeon.RimWorld.Odyssey	RimWorld Odyssey	weapon	Gun_BoltActionRifle_Unique	unique bolt-action rifle	Industrial		Item	Sellable	WeaponsUnique	false	false	Gun		D:\Steam\steamapps\common\RimWorld\Data\Odyssey\Defs\ThingDefs_Items\Weapons_Unique.xml
Vanilla	Ludeon.RimWorld.Odyssey	RimWorld Odyssey	weapon	Gun_ChainShotgun_Unique	unique chain shotgun	Industrial		Item	Sellable	WeaponsUnique	false	false	Gun,IndustrialGunAdvanced,ShortShots		D:\Steam\steamapps\common\RimWorld\Data\Odyssey\Defs\ThingDefs_Items\Weapons_Unique.xml
Vanilla	Ludeon.RimWorld.Odyssey	RimWorld Odyssey	weapon	Gun_ChargeLance_Unique	unique charge lance	Spacer		Item	Sellable	WeaponsUnique	false	false	Gun,MechanoidGunMedium,SpacerGun		D:\Steam\steamapps\common\RimWorld\Data\Odyssey\Defs\ThingDefs_Items\Weapons_Unique.xml
Vanilla	Ludeon.RimWorld.Odyssey	RimWorld Odyssey	weapon	Gun_ChargeRifle_Unique	unique charge rifle	Spacer		Item	Sellable	WeaponsUnique	false	false	Gun,SpacerGun		D:\Steam\steamapps\common\RimWorld\Data\Odyssey\Defs\ThingDefs_Items\Weapons_Unique.xml
Vanilla	Ludeon.RimWorld.Odyssey	RimWorld Odyssey	weapon	Gun_HeavySMG_Unique	unique heavy SMG	Industrial		Item	Sellable	WeaponsUnique	false	false	Gun,IndustrialGunAdvanced,ShortShots		D:\Steam\steamapps\common\RimWorld\Data\Odyssey\Defs\ThingDefs_Items\Weapons_Unique.xml
Vanilla	Ludeon.RimWorld.Odyssey	RimWorld Odyssey	weapon	Gun_HellcatRifle_Unique	unique hellcat rifle	Industrial		Item	Sellable	WeaponsUnique	false	false	AssaultRifle,Gun,IndustrialGunAdvanced		D:\Steam\steamapps\common\RimWorld\Data\Odyssey\Defs\ThingDefs_Items\Weapons_Unique.xml
Vanilla	Ludeon.RimWorld.Odyssey	RimWorld Odyssey	weapon	Gun_LMG_Unique	unique LMG	Industrial		Item	Sellable	WeaponsUnique	false	false	Gun,IndustrialGunAdvanced		D:\Steam\steamapps\common\RimWorld\Data\Odyssey\Defs\ThingDefs_Items\Weapons_Unique.xml
Vanilla	Ludeon.RimWorld.Odyssey	RimWorld Odyssey	weapon	Gun_Minigun_Unique	unique minigun	Industrial		Item	Sellable	WeaponsUnique	false	false	Gun,GunHeavy,Minigun		D:\Steam\steamapps\common\RimWorld\Data\Odyssey\Defs\ThingDefs_Items\Weapons_Unique.xml
Vanilla	Ludeon.RimWorld.Odyssey	RimWorld Odyssey	weapon	Gun_Revolver_Unique	unique revolver	Industrial		Item	Sellable	WeaponsUnique	false	false	Gun,Revolver,SimpleGun		D:\Steam\steamapps\common\RimWorld\Data\Odyssey\Defs\ThingDefs_Items\Weapons_Unique.xml
Vanilla	Ludeon.RimWorld.Odyssey	RimWorld Odyssey	weapon	Gun_Scattergun	scattergun	Spacer	1000.0	Item	None	WeaponsRanged	true	false	SentryDroneGunShortRange		D:\Steam\steamapps\common\RimWorld\Data\Odyssey\Defs\ThingDefs_Misc\Weapons\Ranged_Spacer.xml
Vanilla	Ludeon.RimWorld.Odyssey	RimWorld Odyssey	weapon	Gun_SniperRifle_Unique	unique sniper rifle	Industrial		Item	Sellable	WeaponsUnique	false	false	SniperRifle		D:\Steam\steamapps\common\RimWorld\Data\Odyssey\Defs\ThingDefs_Items\Weapons_Unique.xml
Vanilla	Ludeon.RimWorld.Odyssey	RimWorld Odyssey	weapon	MastodonTusk	mastodon tusk	Neolithic	120.0	Item		ItemsMisc	false	false			D:\Steam\steamapps\common\RimWorld\Data\Odyssey\Defs\ThingDefs_Items\Items_Exotic.xml
Vanilla	Ludeon.RimWorld.Royalty	RimWorld Royalty	apparel	Apparel_ArmorCataphract	cataphract armor	Spacer		Item		ApparelArmor	false	false			D:\Steam\steamapps\common\RimWorld\Data\Royalty\Defs\ThingDefs_Misc\Apparel_Various.xml
Vanilla	Ludeon.RimWorld.Royalty	RimWorld Royalty	apparel	Apparel_ArmorCataphractPhoenix	phoenix armor	Spacer		Item		ApparelArmor	false	false			D:\Steam\steamapps\common\RimWorld\Data\Royalty\Defs\ThingDefs_Misc\Apparel_Various.xml
Vanilla	Ludeon.RimWorld.Royalty	RimWorld Royalty	apparel	Apparel_ArmorCataphractPrestige	prestige cataphract armor	Spacer		Item		ApparelArmor	false	false		PrestigeCombatGear	D:\Steam\steamapps\common\RimWorld\Data\Royalty\Defs\ThingDefs_Misc\Apparel_Various.xml
Vanilla	Ludeon.RimWorld.Royalty	RimWorld Royalty	apparel	Apparel_ArmorHelmetCataphract	cataphract helmet	Spacer		Item		ArmorHeadgear	false	false			D:\Steam\steamapps\common\RimWorld\Data\Royalty\Defs\ThingDefs_Misc\Apparel_Various.xml
Vanilla	Ludeon.RimWorld.Royalty	RimWorld Royalty	apparel	Apparel_ArmorHelmetCataphractPrestige	prestige cataphract helmet	Spacer		Item		ArmorHeadgear	false	false		PrestigeCombatGear	D:\Steam\steamapps\common\RimWorld\Data\Royalty\Defs\ThingDefs_Misc\Apparel_Various.xml
Vanilla	Ludeon.RimWorld.Royalty	RimWorld Royalty	apparel	Apparel_ArmorHelmetReconPrestige	prestige recon helmet	Spacer		Item		ArmorHeadgear	false	false		PrestigeCombatGear	D:\Steam\steamapps\common\RimWorld\Data\Royalty\Defs\ThingDefs_Misc\Apparel_Various.xml
Vanilla	Ludeon.RimWorld.Royalty	RimWorld Royalty	apparel	Apparel_ArmorLocust	locust armor	Spacer		Item		ApparelArmor	false	false			D:\Steam\steamapps\common\RimWorld\Data\Royalty\Defs\ThingDefs_Misc\Apparel_Various.xml
Vanilla	Ludeon.RimWorld.Royalty	RimWorld Royalty	apparel	Apparel_ArmorMarineGrenadier	grenadier armor	Spacer		Item		ApparelArmor	false	false			D:\Steam\steamapps\common\RimWorld\Data\Royalty\Defs\ThingDefs_Misc\Apparel_Various.xml
Vanilla	Ludeon.RimWorld.Royalty	RimWorld Royalty	apparel	Apparel_ArmorMarineHelmetPrestige	prestige marine helmet	Spacer		Item		ArmorHeadgear	false	false		PrestigeCombatGear	D:\Steam\steamapps\common\RimWorld\Data\Royalty\Defs\ThingDefs_Misc\Apparel_Various.xml
Vanilla	Ludeon.RimWorld.Royalty	RimWorld Royalty	apparel	Apparel_ArmorMarinePrestige	prestige marine armor	Spacer		Item		ApparelArmor	false	false		PrestigeCombatGear	D:\Steam\steamapps\common\RimWorld\Data\Royalty\Defs\ThingDefs_Misc\Apparel_Various.xml
Vanilla	Ludeon.RimWorld.Royalty	RimWorld Royalty	apparel	Apparel_ArmorReconPrestige	prestige recon armor	Spacer		Item		ApparelArmor	false	false		PrestigeCombatGear	D:\Steam\steamapps\common\RimWorld\Data\Royalty\Defs\ThingDefs_Misc\Apparel_Various.xml
Vanilla	Ludeon.RimWorld.Royalty	RimWorld Royalty	apparel	Apparel_Beret	beret	Medieval		Item		HeadgearNoble	false	false		Royal,RoyalTier2,RoyalTier3	D:\Steam\steamapps\common\RimWorld\Data\Royalty\Defs\ThingDefs_Misc\Apparel_Royal.xml
Vanilla	Ludeon.RimWorld.Royalty	RimWorld Royalty	apparel	Apparel_Coronet	coronet	Medieval		Item		HeadgearNoble	false	false		Royal,RoyalTier5	D:\Steam\steamapps\common\RimWorld\Data\Royalty\Defs\ThingDefs_Misc\Apparel_Royal.xml
Vanilla	Ludeon.RimWorld.Royalty	RimWorld Royalty	apparel	Apparel_Corset	corset	Medieval		Item		ApparelNoble	false	false		Royal,RoyalTier5	D:\Steam\steamapps\common\RimWorld\Data\Royalty\Defs\ThingDefs_Misc\Apparel_Royal.xml
Vanilla	Ludeon.RimWorld.Royalty	RimWorld Royalty	apparel	Apparel_Crown	crown	Medieval		Item		HeadgearNoble	false	false		Royal,RoyalTier6	D:\Steam\steamapps\common\RimWorld\Data\Royalty\Defs\ThingDefs_Misc\Apparel_Royal.xml
Vanilla	Ludeon.RimWorld.Royalty	RimWorld Royalty	apparel	Apparel_CrownStellic	stellic crown	Medieval		Item		HeadgearNoble	false	false		Royal,RoyalTier7	D:\Steam\steamapps\common\RimWorld\Data\Royalty\Defs\ThingDefs_Misc\Apparel_Royal.xml
Vanilla	Ludeon.RimWorld.Royalty	RimWorld Royalty	apparel	Apparel_EltexSkullcap	eltex skullcap	Ultra	500.0	Item		Headgear	false	false		Psychic	D:\Steam\steamapps\common\RimWorld\Data\Royalty\Defs\ThingDefs_Misc\Apparel_Psychic.xml
Vanilla	Ludeon.RimWorld.Royalty	RimWorld Royalty	apparel	Apparel_Gunlink	gunlink	Spacer		Item		ArmorHeadgear	false	false		Gunlink	D:\Steam\steamapps\common\RimWorld\Data\Royalty\Defs\ThingDefs_Misc\Apparel_Various.xml
Vanilla	Ludeon.RimWorld.Royalty	RimWorld Royalty	apparel	Apparel_HatLadies	ladies hat	Medieval		Item		HeadgearNoble	false	false		Royal,RoyalTier2	D:\Steam\steamapps\common\RimWorld\Data\Royalty\Defs\ThingDefs_Misc\Apparel_Royal.xml
Vanilla	Ludeon.RimWorld.Royalty	RimWorld Royalty	apparel	Apparel_HatTop	top hat	Medieval		Item		HeadgearNoble	false	false		Royal,RoyalTier2	D:\Steam\steamapps\common\RimWorld\Data\Royalty\Defs\ThingDefs_Misc\Apparel_Royal.xml
Vanilla	Ludeon.RimWorld.Royalty	RimWorld Royalty	apparel	Apparel_PackBroadshield	low-shield pack	Industrial		Item		ApparelUtility	false	false		BeltDefensePop	D:\Steam\steamapps\common\RimWorld\Data\Royalty\Defs\ThingDefs_Misc\Apparel_Packs.xml
Vanilla	Ludeon.RimWorld.Royalty	RimWorld Royalty	apparel	Apparel_PackJump	jump pack	Industrial		Item		ApparelUtility	false	false		PackJump	D:\Steam\steamapps\common\RimWorld\Data\Royalty\Defs\ThingDefs_Misc\Apparel_Packs.xml
Vanilla	Ludeon.RimWorld.Royalty	RimWorld Royalty	apparel	Apparel_PsyfocusHelmet	eltex helmet	Ultra	500.0	Item		Headgear	false	false		Psychic	D:\Steam\steamapps\common\RimWorld\Data\Royalty\Defs\ThingDefs_Misc\Apparel_Psychic.xml
Vanilla	Ludeon.RimWorld.Royalty	RimWorld Royalty	apparel	Apparel_PsyfocusRobe	eltex robe	Ultra	600.0	Item		ApparelMisc	false	false		Psychic	D:\Steam\steamapps\common\RimWorld\Data\Royalty\Defs\ThingDefs_Misc\Apparel_Psychic.xml
Vanilla	Ludeon.RimWorld.Royalty	RimWorld Royalty	apparel	Apparel_PsyfocusShirt	eltex shirt	Ultra	400.0	Item		ApparelMisc	false	false		Psychic	D:\Steam\steamapps\common\RimWorld\Data\Royalty\Defs\ThingDefs_Misc\Apparel_Psychic.xml
Vanilla	Ludeon.RimWorld.Royalty	RimWorld Royalty	apparel	Apparel_PsyfocusVest	eltex vest	Ultra	500.0	Item		ApparelMisc	false	false		Psychic	D:\Steam\steamapps\common\RimWorld\Data\Royalty\Defs\ThingDefs_Misc\Apparel_Psychic.xml
Vanilla	Ludeon.RimWorld.Royalty	RimWorld Royalty	apparel	Apparel_RobeRoyal	prestige robe	Medieval		Item		ApparelNoble	false	false		Royal,RoyalRobe,RoyalTier6	D:\Steam\steamapps\common\RimWorld\Data\Royalty\Defs\ThingDefs_Misc\Apparel_Royal.xml
Vanilla	Ludeon.RimWorld.Royalty	RimWorld Royalty	apparel	Apparel_ShirtRuffle	formal shirt	Medieval		Item		ApparelNoble	false	false		Royal,RoyalTier2	D:\Steam\steamapps\common\RimWorld\Data\Royalty\Defs\ThingDefs_Misc\Apparel_Royal.xml
Vanilla	Ludeon.RimWorld.Royalty	RimWorld Royalty	apparel	Apparel_VestRoyal	formal vest	Medieval		Item		ApparelNoble	false	false		Royal,RoyalTier5	D:\Steam\steamapps\common\RimWorld\Data\Royalty\Defs\ThingDefs_Misc\Apparel_Royal.xml
Vanilla	Ludeon.RimWorld.Royalty	RimWorld Royalty	apparel	OrbitalTargeterMechCluster	orbital mech cluster targeter	Spacer	1200.0	Item	Sellable	ApparelUtility	false	false			D:\Steam\steamapps\common\RimWorld\Data\Royalty\Defs\ThingDefs_Misc\Weapons\OrbitalWeapons.xml
Vanilla	Ludeon.RimWorld.Royalty	RimWorld Royalty	weapon	MeleeWeapon_Axe	axe	Medieval		Item		WeaponsMelee	false	false	Axe,MedievalMeleeDecent		D:\Steam\steamapps\common\RimWorld\Data\Royalty\Defs\ThingDefs_Misc\Weapons\MeleeMedieval.xml
Vanilla	Ludeon.RimWorld.Royalty	RimWorld Royalty	weapon	MeleeWeapon_MonoSword	monosword	Ultra	2000.0	Item		WeaponsMelee	false	false	UltratechMelee		D:\Steam\steamapps\common\RimWorld\Data\Royalty\Defs\ThingDefs_Misc\Weapons\MeleeUltratech.xml
Vanilla	Ludeon.RimWorld.Royalty	RimWorld Royalty	weapon	MeleeWeapon_MonoSwordBladelink	persona monosword	Ultra	3000.0	Item		WeaponsMeleeBladelink	false	false	Bladelink		D:\Steam\steamapps\common\RimWorld\Data\Royalty\Defs\ThingDefs_Misc\Weapons\MeleeBladelink.xml
Vanilla	Ludeon.RimWorld.Royalty	RimWorld Royalty	weapon	MeleeWeapon_PlasmaSword	plasmasword	Ultra	2000.0	Item		WeaponsMelee	false	false	UltratechMelee		D:\Steam\steamapps\common\RimWorld\Data\Royalty\Defs\ThingDefs_Misc\Weapons\MeleeUltratech.xml
Vanilla	Ludeon.RimWorld.Royalty	RimWorld Royalty	weapon	MeleeWeapon_PlasmaSwordBladelink	persona plasmasword	Ultra	3000.0	Item		WeaponsMeleeBladelink	false	false	Bladelink		D:\Steam\steamapps\common\RimWorld\Data\Royalty\Defs\ThingDefs_Misc\Weapons\MeleeBladelink.xml
Vanilla	Ludeon.RimWorld.Royalty	RimWorld Royalty	weapon	MeleeWeapon_PsyfocusStaff	eltex staff	Ultra	2000.0	Item		WeaponsMelee	false	false	EltexStaff		D:\Steam\steamapps\common\RimWorld\Data\Royalty\Defs\ThingDefs_Misc\Weapons\PsychicWeapons.xml
Vanilla	Ludeon.RimWorld.Royalty	RimWorld Royalty	weapon	MeleeWeapon_Warhammer	warhammer	Medieval		Item		WeaponsMelee	false	false	MedievalMeleeDecent		D:\Steam\steamapps\common\RimWorld\Data\Royalty\Defs\ThingDefs_Misc\Weapons\MeleeMedieval.xml
Vanilla	Ludeon.RimWorld.Royalty	RimWorld Royalty	weapon	MeleeWeapon_Zeushammer	zeushammer	Ultra	2000.0	Item		WeaponsMelee	false	false	UltratechMelee		D:\Steam\steamapps\common\RimWorld\Data\Royalty\Defs\ThingDefs_Misc\Weapons\MeleeUltratech.xml
Vanilla	Ludeon.RimWorld.Royalty	RimWorld Royalty	weapon	MeleeWeapon_ZeusHammerBladelink	persona zeushammer	Ultra	3000.0	Item		WeaponsMeleeBladelink	false	false	Bladelink		D:\Steam\steamapps\common\RimWorld\Data\Royalty\Defs\ThingDefs_Misc\Weapons\MeleeBladelink.xml
Vanilla Expanded	OskarPotocki.VanillaFactionsExpanded.SettlersModule	Vanilla Factions Expanded - Settlers	apparel	Apparel_GreatDress	great dress	Medieval		Item		Apparel	false	false		IndustrialAdvanced,Outlander	D:\Steam\steamapps\workshop\content\294100\2052918119\1.6\Defs\ThingDefs_Misc\Apparel_Various.xml
Vanilla Expanded	OskarPotocki.VanillaFactionsExpanded.SettlersModule	Vanilla Factions Expanded - Settlers	apparel	Apparel_Vest	vest	Medieval		Item		Apparel	false	false		Outlander	D:\Steam\steamapps\workshop\content\294100\2052918119\1.6\Defs\ThingDefs_Misc\Apparel_Various.xml
Vanilla Expanded	OskarPotocki.VanillaFactionsExpanded.SettlersModule	Vanilla Factions Expanded - Settlers	apparel	VFES_Headgear_Bandana	bandana	Industrial		Item	Sellable	Headgear	false	false		Outlander	D:\Steam\steamapps\workshop\content\294100\2052918119\1.6\Defs\ThingDefs_Misc\Apparel_Headgear.xml
Vanilla Expanded	OskarPotocki.VanillaFactionsExpanded.SettlersModule	Vanilla Factions Expanded - Settlers	apparel	VFES_Headgear_FlatCap	flat cap	Industrial		Item	Sellable	Headgear	false	false		IndustrialBasic	D:\Steam\steamapps\workshop\content\294100\2052918119\1.6\Defs\ThingDefs_Misc\Apparel_Headgear.xml
Vanilla Expanded	OskarPotocki.VanillaFactionsExpanded.SettlersModule	Vanilla Factions Expanded - Settlers	apparel	VFES_Headgear_Sombrero	sombrero	Industrial		Item	Sellable	Headgear	false	false		Outlander	D:\Steam\steamapps\workshop\content\294100\2052918119\1.6\Defs\ThingDefs_Misc\Apparel_Headgear.xml
Vanilla Expanded	OskarPotocki.VanillaFactionsExpanded.SettlersModule	Vanilla Factions Expanded - Settlers	weapon	Gun_GatlingGun	gatling gun			Item	None		true	false	TurretGun		D:\Steam\steamapps\workshop\content\294100\2052918119\1.6\Defs\ThingDefs_Buildings\TurretGatlingGun.xml
Vanilla Expanded	OskarPotocki.VanillaFactionsExpanded.SettlersModule	Vanilla Factions Expanded - Settlers	weapon	VFES_Gun_DoubleActionRevolver	double-action revolver	Industrial		Item		WeaponsRanged	false	false	Gun,Revolver,SimpleGun		D:\Steam\steamapps\workshop\content\294100\2052918119\1.6\Defs\ThingDefs_Misc\Weapons\RangedIndustrial.xml
Vanilla Expanded	OskarPotocki.VanillaFactionsExpanded.SettlersModule	Vanilla Factions Expanded - Settlers	weapon	VFES_Gun_DoubleBarreledShotgun	double-barreled shotgun	Industrial		Item		WeaponsRanged	false	false	Gun,SimpleGun		D:\Steam\steamapps\workshop\content\294100\2052918119\1.6\Defs\ThingDefs_Misc\Weapons\RangedIndustrial.xml
Vanilla Expanded	OskarPotocki.VanillaFactionsExpanded.SettlersModule	Vanilla Factions Expanded - Settlers	weapon	VFES_Gun_HuntingRifle	hunting rifle	Industrial		Item		WeaponsRanged	false	false	Gun,SimpleGun		D:\Steam\steamapps\workshop\content\294100\2052918119\1.6\Defs\ThingDefs_Misc\Weapons\RangedIndustrial.xml
Vanilla Expanded	OskarPotocki.VanillaFactionsExpanded.SettlersModule	Vanilla Factions Expanded - Settlers	weapon	VFES_Tomahawk	tomahawk	Neolithic		Item		WeaponsRanged	false	false	Neolithic,NeolithicRangedBasic		D:\Steam\steamapps\workshop\content\294100\2052918119\1.6\Defs\ThingDefs_Misc\Weapons\RangedMedieval.xml
Vanilla Expanded	OskarPotocki.VanillaFactionsExpanded.SettlersModule	Vanilla Factions Expanded - Settlers	weapon	VFES_Weapon_GrenadeDynamite	dynamite	Industrial		Item		Grenades	false	false	GrenadeDestructive		D:\Steam\steamapps\workshop\content\294100\2052918119\1.6\Defs\ThingDefs_Misc\Weapons\RangedIndustrialGrenades.xml
Vanilla Expanded	OskarPotocki.VFE.Deserters	Vanilla Factions Expanded - Deserters	apparel	VFED_Apparel_BombPack	bomb pack	Spacer	900.0	Item		ApparelUtility	false	false		BeltExplosive	D:\Steam\steamapps\workshop\content\294100\3025493377\1.6\Defs\ThingDefs_Misc\Apparel_Belts.xml
Vanilla Expanded	OskarPotocki.VFE.Deserters	Vanilla Factions Expanded - Deserters	apparel	VFED_Apparel_InvisibilityEngulfer	invisibility engulfer	Spacer	1350.0	Item		ApparelUtility	false	false		BeltInvisibility	D:\Steam\steamapps\workshop\content\294100\3025493377\1.6\Defs\ThingDefs_Misc\Apparel_Belts.xml
Vanilla Expanded	OskarPotocki.VFE.Deserters	Vanilla Factions Expanded - Deserters	apparel	VFED_DeserterDeclassifier	deserter declassifier	Spacer	500.0	Item	None	ApparelUtility	false	false			D:\Steam\steamapps\workshop\content\294100\3025493377\1.6\Defs\ThingDefs_Misc\Apparel_Belts.xml
Vanilla Expanded	OskarPotocki.VFE.Deserters	Vanilla Factions Expanded - Deserters	weapon	VFED_Gun_ChargeCycler	charge cycler	Spacer		Item		WeaponsRanged	false	false	Gun,SpacerGun		D:\Steam\steamapps\workshop\content\294100\3025493377\1.6\Defs\ThingDefs_Misc\RangedSpacer.xml
Vanilla Expanded	OskarPotocki.VFE.Deserters	Vanilla Factions Expanded - Deserters	weapon	VFED_Gun_Fletchling	fletchling	Spacer	2100.0	Item		WeaponsRanged	false	false	VFEE_Fletchling		D:\Steam\steamapps\workshop\content\294100\3025493377\1.6\Defs\ThingDefs_Misc\RangedSpacer.xml
Vanilla Expanded	OskarPotocki.VFE.Deserters	Vanilla Factions Expanded - Deserters	weapon	VFED_Gun_Kontarion	kontarion cannon			Item	None		true	false	TurretGun		D:\Steam\steamapps\workshop\content\294100\3025493377\1.6\Defs\ThingDefs_Buildings\Buildings_Security_Turrets.xml
Vanilla Expanded	OskarPotocki.VFE.Deserters	Vanilla Factions Expanded - Deserters	weapon	VFED_Gun_Onager	onager cannon			Item	None		true	false	TurretGun		D:\Steam\steamapps\workshop\content\294100\3025493377\1.6\Defs\ThingDefs_Buildings\Buildings_Security_Turrets.xml
Vanilla Expanded	OskarPotocki.VFE.Deserters	Vanilla Factions Expanded - Deserters	weapon	VFED_Gun_Palintone	palintone cannon			Item	None		true	false	TurretGun		D:\Steam\steamapps\workshop\content\294100\3025493377\1.6\Defs\ThingDefs_Buildings\Buildings_Security_Turrets.xml
Vanilla Expanded	OskarPotocki.VFE.Empire	Vanilla Factions Expanded - Empire	apparel	VFE_Apparel_StellicRobe	stellic robe	Medieval		Item		ApparelNoble	false	false		Royal,RoyalTier6,RoyalTier7,StellicRobe	D:\Steam\steamapps\workshop\content\294100\2938820380\1.6\Defs\ThingDefs_Misc\Apparel_Royal.xml
Vanilla Expanded	OskarPotocki.VFE.Empire	Vanilla Factions Expanded - Empire	apparel	VFEE_Apparel_AbsolverHelmet	absolver helmet	Spacer	1200.0	Item	None	Headgear	false	false		VFEE_Absolver	D:\Steam\steamapps\workshop\content\294100\2938820380\1.6\Defs\ThingDefs_Misc\Apparel_Headgear.xml
Vanilla Expanded	OskarPotocki.VFE.Empire	Vanilla Factions Expanded - Empire	apparel	VFEE_Apparel_ArmorAbsolver	absolver armor	Spacer	3200.0	Item	None	ApparelArmor	false	false		VFEE_Absolver	D:\Steam\steamapps\workshop\content\294100\2938820380\1.6\Defs\ThingDefs_Misc\Apparel_Various.xml
Vanilla Expanded	OskarPotocki.VFE.Empire	Vanilla Factions Expanded - Empire	apparel	VFEE_Apparel_ArmorDeserter	deserter armor	Spacer	4130.0	Item		ApparelArmor	false	false		VFEE_Deserter	D:\Steam\steamapps\workshop\content\294100\2938820380\1.6\Defs\ThingDefs_Misc\Apparel_Various.xml
Vanilla Expanded	OskarPotocki.VFE.Empire	Vanilla Factions Expanded - Empire	apparel	VFEE_Apparel_DeserterHelmet	deserter helmet	Spacer	760.0	Item		Headgear	false	false		VFEE_Deserter	D:\Steam\steamapps\workshop\content\294100\2938820380\1.6\Defs\ThingDefs_Misc\Apparel_Headgear.xml
Vanilla Expanded	OskarPotocki.VFE.Empire	Vanilla Factions Expanded - Empire	apparel	VFEE_Apparel_JanissaryCuirass	janissary cuirass	Spacer	1540.0	Item		ApparelArmor	false	false		VFEE_Janissary	D:\Steam\steamapps\workshop\content\294100\2938820380\1.6\Defs\ThingDefs_Misc\Apparel_Various.xml
Vanilla Expanded	OskarPotocki.VFE.Empire	Vanilla Factions Expanded - Empire	apparel	VFEE_Apparel_JanissaryHelmet	janissary helmet	Spacer	645.0	Item		ArmorHeadgear	false	false		VFEE_Janissary	D:\Steam\steamapps\workshop\content\294100\2938820380\1.6\Defs\ThingDefs_Misc\Apparel_Headgear.xml
Vanilla Expanded	OskarPotocki.VFE.Empire	Vanilla Factions Expanded - Empire	apparel	VFEE_Apparel_TechfriarCrown	techfriar crown	Spacer		Item	None	Headgear	false	false		VFEE_Techfriar	D:\Steam\steamapps\workshop\content\294100\2938820380\1.6\Defs\ThingDefs_Misc\Apparel_Headgear.xml
Vanilla Expanded	OskarPotocki.VFE.Empire	Vanilla Factions Expanded - Empire	weapon	VEE_Gun_Fletcher	fletcher	Spacer	2750.0	Item		WeaponsRanged	false	false	VFEE_Absolver		D:\Steam\steamapps\workshop\content\294100\2938820380\1.6\Defs\ThingDefs_Misc\Weapons\RangedSpacer.xml
Vanilla Expanded	OskarPotocki.VFE.Empire	Vanilla Factions Expanded - Empire	weapon	VFEE_Gun_ChargeThumper	charge thumper	Spacer	1000.0	Item		WeaponsRanged	false	false	Gun,VFEE_SpacerGunBreach		D:\Steam\steamapps\workshop\content\294100\2938820380\1.6\Defs\ThingDefs_Misc\Weapons\RangedSpacer.xml
Vanilla Expanded	OskarPotocki.VFE.Empire	Vanilla Factions Expanded - Empire	weapon	VFEE_Gun_StrikerTurret	striker gun			Item	None		true	false	TurretGun		D:\Steam\steamapps\workshop\content\294100\2938820380\1.6\Defs\ThingDefs_Buildings\Buildings_Security_Turrets.xml
Vanilla Expanded	OskarPotocki.VFE.Empire	Vanilla Factions Expanded - Empire	weapon	VFEE_MeleeWeapon_Toxblade	toxblade	Ultra	1800.0	Item		WeaponsMelee	false	false	UltratechMelee		D:\Steam\steamapps\workshop\content\294100\2938820380\1.6\Defs\ThingDefs_Misc\Weapons\MeleeUltratech.xml
Vanilla Expanded	OskarPotocki.VFE.Empire	Vanilla Factions Expanded - Empire	weapon	VFEE_MeleeWeapon_ToxbladeBladelink	persona toxblade	Ultra	2000.0	Item		WeaponsMeleeBladelink	false	false	Bladelink		D:\Steam\steamapps\workshop\content\294100\2938820380\1.6\Defs\ThingDefs_Misc\Weapons\MeleeBladelink.xml
Vanilla Expanded	OskarPotocki.VFE.Empire	Vanilla Factions Expanded - Empire	weapon	VFEI_TurretArmoredShuttle	double autocannon			Item	None		true	false	TurretGun		D:\Steam\steamapps\workshop\content\294100\2938820380\1.6\Defs\ThingDefs_Buildings\Buildings_Exotic.xml
Vanilla Expanded	OskarPotocki.VFE.Medieval2	Vanilla Factions Expanded - Medieval 2	apparel	VFEM2_Apparel_Cap	cap	Medieval		Item		Headgear	false	false		VFEM2_Cap	D:\Steam\steamapps\workshop\content\294100\3444347874\1.6\Defs\ThingDefs_Misc\Apparel_Headgear.xml
Vanilla Expanded	OskarPotocki.VFE.Medieval2	Vanilla Factions Expanded - Medieval 2	apparel	VFEM2_Apparel_Chaperon	chaperon	Medieval		Item		Headgear	false	false		Aristocrat,VFEM2_Trader	D:\Steam\steamapps\workshop\content\294100\3444347874\1.6\Defs\ThingDefs_Misc\Apparel_Headgear.xml
Vanilla Expanded	OskarPotocki.VFE.Medieval2	Vanilla Factions Expanded - Medieval 2	apparel	VFEM2_Apparel_DameDress	dame dress	Medieval		Item		Apparel	false	false		Aristocrat,Dame,MedievalApparelNoble	D:\Steam\steamapps\workshop\content\294100\3444347874\1.6\Defs\ThingDefs_Misc\Apparel_Various.xml
Vanilla Expanded	OskarPotocki.VFE.Medieval2	Vanilla Factions Expanded - Medieval 2	apparel	VFEM2_Apparel_DameHat	dame hat	Medieval		Item		Headgear	false	false		Aristocrat,Dame,MedievalApparelNoble	D:\Steam\steamapps\workshop\content\294100\3444347874\1.6\Defs\ThingDefs_Misc\Apparel_Headgear.xml
Vanilla Expanded	OskarPotocki.VFE.Medieval2	Vanilla Factions Expanded - Medieval 2	apparel	VFEM2_Apparel_HeavyLeatherArmor	heavy leather armor	Medieval		Item		ApparelArmor	false	false		Apparel_Viking,Apparel_VikingGuardian	D:\Steam\steamapps\workshop\content\294100\3444347874\1.6\Defs\ThingDefs_Misc\Apparel_Various.xml
Vanilla Expanded	OskarPotocki.VFE.Medieval2	Vanilla Factions Expanded - Medieval 2	apparel	VFEM2_Apparel_HeavyLeatherHelmet	heavy leather helmet	Medieval		Item		ArmorHeadgear	false	false		Apparel_VikingGuardian	D:\Steam\steamapps\workshop\content\294100\3444347874\1.6\Defs\ThingDefs_Misc\Apparel_Headgear.xml
Vanilla Expanded	OskarPotocki.VFE.Medieval2	Vanilla Factions Expanded - Medieval 2	apparel	VFEM2_Apparel_JesterHat	jester hat	Medieval		Item		Headgear	false	false		Jester	D:\Steam\steamapps\workshop\content\294100\3444347874\1.6\Defs\ThingDefs_Misc\Apparel_Headgear.xml
Vanilla Expanded	OskarPotocki.VFE.Medieval2	Vanilla Factions Expanded - Medieval 2	apparel	VFEM2_Apparel_JesterOutfit	jester outfit	Medieval		Item		Apparel	false	false		Jester	D:\Steam\steamapps\workshop\content\294100\3444347874\1.6\Defs\ThingDefs_Misc\Apparel_Various.xml
Vanilla Expanded	OskarPotocki.VFE.Medieval2	Vanilla Factions Expanded - Medieval 2	apparel	VFEM2_Apparel_KingsCrown	king's crown	Medieval		Item		Headgear	false	false		King,RoyalTier6	D:\Steam\steamapps\workshop\content\294100\3444347874\1.6\Defs\ThingDefs_Misc\Apparel_Headgear.xml
Vanilla Expanded	OskarPotocki.VFE.Medieval2	Vanilla Factions Expanded - Medieval 2	apparel	VFEM2_Apparel_KingsRobes	king’s robes	Medieval		Item		Apparel	false	false		King,MedievalApparelNoble,RoyalTier6	D:\Steam\steamapps\workshop\content\294100\3444347874\1.6\Defs\ThingDefs_Misc\Apparel_Various.xml
Vanilla Expanded	OskarPotocki.VFE.Medieval2	Vanilla Factions Expanded - Medieval 2	apparel	VFEM2_Apparel_LeatherArmor	leather armor	Medieval		Item		ApparelArmor	false	false		Apparel_VikingRavager	D:\Steam\steamapps\workshop\content\294100\3444347874\1.6\Defs\ThingDefs_Misc\Apparel_Various.xml
Vanilla Expanded	OskarPotocki.VFE.Medieval2	Vanilla Factions Expanded - Medieval 2	apparel	VFEM2_Apparel_LeatherHelmet	leather helmet	Medieval		Item		ArmorHeadgear	false	false		Apparel_VikingRavager	D:\Steam\steamapps\workshop\content\294100\3444347874\1.6\Defs\ThingDefs_Misc\Apparel_Headgear.xml
Vanilla Expanded	OskarPotocki.VFE.Medieval2	Vanilla Factions Expanded - Medieval 2	apparel	VFEM2_Apparel_Mantle	mantle	Medieval		Item	Sellable	ApparelMisc	false	false		MedievalWorker,VFEM2_Medieval	D:\Steam\steamapps\workshop\content\294100\3444347874\1.6\Defs\ThingDefs_Misc\Apparel_Various.xml
Vanilla Expanded	OskarPotocki.VFE.Medieval2	Vanilla Factions Expanded - Medieval 2	apparel	VFEM2_Apparel_PaddedArmor	padded armor	Medieval		Item	Sellable	ApparelMisc	false	false		MedievalMilitary	D:\Steam\steamapps\workshop\content\294100\3444347874\1.6\Defs\ThingDefs_Misc\Apparel_Various.xml
Vanilla Expanded	OskarPotocki.VFE.Medieval2	Vanilla Factions Expanded - Medieval 2	apparel	VFEM2_Apparel_PaddedHelmet	padded helmet	Medieval		Item		Headgear	false	false		MedievalLevy,MedievalMilitary	D:\Steam\steamapps\workshop\content\294100\3444347874\1.6\Defs\ThingDefs_Misc\Apparel_Headgear.xml
Vanilla Expanded	OskarPotocki.VFE.Medieval2	Vanilla Factions Expanded - Medieval 2	apparel	VFEM2_Apparel_PlagueMask	plague mask	Medieval		Item		Headgear	false	false		MedievalApparelPlague	D:\Steam\steamapps\workshop\content\294100\3444347874\1.6\Defs\ThingDefs_Misc\Apparel_Headgear.xml
Vanilla Expanded	OskarPotocki.VFE.Medieval2	Vanilla Factions Expanded - Medieval 2	apparel	VFEM2_Apparel_PlateArmorHeavy	heavy plate armor	Medieval		Item		ApparelArmor	false	false		MedievalArmorElite	D:\Steam\steamapps\workshop\content\294100\3444347874\1.6\Defs\ThingDefs_Misc\Apparel_Various.xml
Vanilla Expanded	OskarPotocki.VFE.Medieval2	Vanilla Factions Expanded - Medieval 2	apparel	VFEM2_Apparel_PlateHelmetHeavy	heavy plate helmet	Medieval		Item		ArmorHeadgear	false	false		MedievalArmorElite	D:\Steam\steamapps\workshop\content\294100\3444347874\1.6\Defs\ThingDefs_Misc\Apparel_Headgear.xml
Vanilla Expanded	OskarPotocki.VFE.Medieval2	Vanilla Factions Expanded - Medieval 2	apparel	VFEM2_Apparel_Tabard	tabard	Medieval		Item		Apparel	false	false		VFEM2_Tabard	D:\Steam\steamapps\workshop\content\294100\3444347874\1.6\Defs\ThingDefs_Misc\Apparel_Various.xml
Vanilla Expanded	OskarPotocki.VFE.Medieval2	Vanilla Factions Expanded - Medieval 2	apparel	VFEM2_Apparel_TorchBelt	torch belt	Neolithic		Item		ApparelUtility	false	false		VFEM2_GrenadeDestructiveBelt	D:\Steam\steamapps\workshop\content\294100\3444347874\1.6\Defs\ThingDefs_Misc\Apparel_TorchPack.xml
Vanilla Expanded	OskarPotocki.VFE.Medieval2	Vanilla Factions Expanded - Medieval 2	weapon	VFEM2_Arbalest	arbalest	Medieval		Item		WeaponsRanged	false	false	Neolithic,VFEM2_Arbalest		D:\Steam\steamapps\workshop\content\294100\3444347874\1.6\Defs\ThingDefs_Misc\Weapons\RangedMedieval.xml
Vanilla Expanded	OskarPotocki.VFE.Medieval2	Vanilla Factions Expanded - Medieval 2	weapon	VFEM2_Gun_ArbalestTurret	arbalest			Item	None		true	false	ArtilleryMedieval		D:\Steam\steamapps\workshop\content\294100\3444347874\1.6\Defs\ThingDefs_Buildings\Buildings_Security_Turrets.xml
Vanilla Expanded	OskarPotocki.VFE.Medieval2	Vanilla Factions Expanded - Medieval 2	weapon	VFEM2_Gun_Arquebus	arquebus	Industrial	165.0	Item		WeaponsRanged	false	false	Gun,VFEM2_MedievalRangedChempowder		D:\Steam\steamapps\workshop\content\294100\3444347874\1.6\Defs\ThingDefs_Misc\Weapons\RangedMedieval.xml
Vanilla Expanded	OskarPotocki.VFE.Medieval2	Vanilla Factions Expanded - Medieval 2	weapon	VFEM2_Gun_ArquebusTurret	arquebus			Item	None		true	false	ArtilleryMedieval		D:\Steam\steamapps\workshop\content\294100\3444347874\1.6\Defs\ThingDefs_Buildings\Buildings_Security_Turrets.xml
Vanilla Expanded	OskarPotocki.VFE.Medieval2	Vanilla Factions Expanded - Medieval 2	weapon	VFEM2_Gun_Flintlock	flintlock	Medieval		Item		WeaponsRanged	false	false	Gun		D:\Steam\steamapps\workshop\content\294100\3444347874\1.6\Defs\ThingDefs_Misc\Weapons\RangedMedieval.xml
Vanilla Expanded	OskarPotocki.VFE.Medieval2	Vanilla Factions Expanded - Medieval 2	weapon	VFEM2_Gun_HandCannon	hand cannon	Industrial	180.0	Item		WeaponsRanged	false	false	Gun,VFEM2_MedievalRangedChempowder		D:\Steam\steamapps\workshop\content\294100\3444347874\1.6\Defs\ThingDefs_Misc\Weapons\RangedMedieval.xml
Vanilla Expanded	OskarPotocki.VFE.Medieval2	Vanilla Factions Expanded - Medieval 2	weapon	VFEM2_Gun_Musket	musket	Medieval		Item		WeaponsRanged	false	false	Gun		D:\Steam\steamapps\workshop\content\294100\3444347874\1.6\Defs\ThingDefs_Misc\Weapons\RangedMedieval.xml
Vanilla Expanded	OskarPotocki.VFE.Medieval2	Vanilla Factions Expanded - Medieval 2	weapon	VFEM2_MeleeWeapon_Claymore	claymore	Medieval		Item		WeaponsMelee	false	false	MedievalMeleeAdvanced,VFEM2_Claymore		D:\Steam\steamapps\workshop\content\294100\3444347874\1.6\Defs\ThingDefs_Misc\Weapons\MeleeMedieval.xml
Vanilla Expanded	OskarPotocki.VFE.Medieval2	Vanilla Factions Expanded - Medieval 2	weapon	VFEM2_MeleeWeapon_DaneAxe	dane axe	Medieval		Item		WeaponsMelee	false	false	VikingMeleeAdvanced		D:\Steam\steamapps\workshop\content\294100\3444347874\1.6\Defs\ThingDefs_Misc\Weapons\MeleeMedieval.xml
Vanilla Expanded	OskarPotocki.VFE.Medieval2	Vanilla Factions Expanded - Medieval 2	weapon	VFEM2_MeleeWeapon_Flail	flail	Medieval		Item		WeaponsMelee	false	false	MedievalMeleeDecent		D:\Steam\steamapps\workshop\content\294100\3444347874\1.6\Defs\ThingDefs_Misc\Weapons\MeleeMedieval.xml
Vanilla Expanded	OskarPotocki.VFE.Medieval2	Vanilla Factions Expanded - Medieval 2	weapon	VFEM2_MeleeWeapon_Halberd	halberd	Medieval		Item		WeaponsMelee	false	false	VFEM2_Halberd		D:\Steam\steamapps\workshop\content\294100\3444347874\1.6\Defs\ThingDefs_Misc\Weapons\MeleeMedieval.xml
Vanilla Expanded	OskarPotocki.VFE.Medieval2	Vanilla Factions Expanded - Medieval 2	weapon	VFEM2_MeleeWeapon_HeavyMace	heavy mace	Medieval		Item		WeaponsMelee	false	false	MedievalMeleeDecent		D:\Steam\steamapps\workshop\content\294100\3444347874\1.6\Defs\ThingDefs_Misc\Weapons\MeleeMedieval.xml
Vanilla Expanded	OskarPotocki.VFE.Medieval2	Vanilla Factions Expanded - Medieval 2	weapon	VFEM2_MeleeWeapon_Pike	pike	Medieval		Item		WeaponsMelee	false	false	VFEM2_Pike		D:\Steam\steamapps\workshop\content\294100\3444347874\1.6\Defs\ThingDefs_Misc\Weapons\MeleeMedieval.xml
Vanilla Expanded	OskarPotocki.VFE.Medieval2	Vanilla Factions Expanded - Medieval 2	weapon	VFEM2_MeleeWeapon_Shortsword	shortsword	Medieval		Item		WeaponsMelee	false	false	MedievalMeleeDecent		D:\Steam\steamapps\workshop\content\294100\3444347874\1.6\Defs\ThingDefs_Misc\Weapons\MeleeMedieval.xml
Vanilla Expanded	OskarPotocki.VFE.Medieval2	Vanilla Factions Expanded - Medieval 2	weapon	VFEM2_MeleeWeapon_Standard	heraldic standard	Medieval		Item		WeaponsMelee	false	false	VFEM2_Standard		D:\Steam\steamapps\workshop\content\294100\3444347874\1.6\Defs\ThingDefs_Misc\Weapons\MeleeMedieval.xml
Vanilla Expanded	OskarPotocki.VFE.Medieval2	Vanilla Factions Expanded - Medieval 2	weapon	VFEM2_ThrowingAxe	throwing axe	Medieval		Item		WeaponsRanged	false	false	Neolithic,VikingRangedBasic		D:\Steam\steamapps\workshop\content\294100\3444347874\1.6\Defs\ThingDefs_Misc\Weapons\RangedMedieval.xml
Vanilla Expanded	OskarPotocki.VFE.Medieval2	Vanilla Factions Expanded - Medieval 2	weapon	VFEM2_Warbow	warbow	Neolithic	135.0	Item		WeaponsRanged	false	false	Neolithic,VFEM2_Warbow		D:\Steam\steamapps\workshop\content\294100\3444347874\1.6\Defs\ThingDefs_Misc\Weapons\RangedMedieval.xml
Vanilla Expanded	OskarPotocki.VFE.Medieval2	Vanilla Factions Expanded - Medieval 2	weapon+apparel	VFEM2_Shield_Heater	heater shield	Medieval		Item		VFEC_Shields	false	false			D:\Steam\steamapps\workshop\content\294100\3444347874\1.6\Defs\ThingDefs_Misc\Shields.xml
Vanilla Expanded	OskarPotocki.VFE.Medieval2	Vanilla Factions Expanded - Medieval 2	weapon+apparel	VFEM2_Shield_Round	round shield	Medieval		Item		VFEC_Shields	false	false			D:\Steam\steamapps\workshop\content\294100\3444347874\1.6\Defs\ThingDefs_Misc\Shields.xml
Vanilla Expanded	OskarPotocki.VFE.Tribals	Vanilla Factions Expanded - Tribals	apparel	VFET_Apparel_TribalHeavy	heavy tribalwear	Neolithic		Item	Sellable	ApparelMisc	false	false		Neolithic	D:\Steam\steamapps\workshop\content\294100\3079786283\1.6\Defs\ThingDefs_Misc\Apparel_Various.xml
Vanilla Expanded	OskarPotocki.VFE.Tribals	Vanilla Factions Expanded - Tribals	apparel	VFET_Apparel_TribalLight	light tribalwear	Neolithic		Item	Sellable	ApparelMisc	false	false		Neolithic	D:\Steam\steamapps\workshop\content\294100\3079786283\1.6\Defs\ThingDefs_Misc\Apparel_Various.xml
Vanilla Expanded	OskarPotocki.VFE.Tribals	Vanilla Factions Expanded - Tribals	apparel	VFET_Apparel_TribalWar	war tribalwear	Neolithic		Item	Sellable	ApparelMisc	false	false		Neolithic	D:\Steam\steamapps\workshop\content\294100\3079786283\1.6\Defs\ThingDefs_Misc\Apparel_Various.xml
Vanilla Expanded	OskarPotocki.VFE.Tribals	Vanilla Factions Expanded - Tribals	weapon	VFET_Chunk	chunk	Neolithic		Item		WeaponsMelee	false	false	NeolithicMeleeBasic		D:\Steam\steamapps\workshop\content\294100\3079786283\1.6\Defs\ThingDefs_Misc\Weapons\MeleeNeolithic.xml
Vanilla Expanded	OskarPotocki.VFE.Tribals	Vanilla Factions Expanded - Tribals	weapon	VFET_Stake	stake	Neolithic	10.0	Item		WeaponsMelee	false	false	NeolithicMeleeBasic		D:\Steam\steamapps\workshop\content\294100\3079786283\1.6\Defs\ThingDefs_Misc\Weapons\MeleeNeolithic.xml
Vanilla Expanded	OskarPotocki.VFE.Tribals	Vanilla Factions Expanded - Tribals	weapon	VFET_Throwspikes	throwspikes	Neolithic		Item		WeaponsRanged	false	false	Neolithic,NeolithicRangedHeavy,NoRelic		D:\Steam\steamapps\workshop\content\294100\3079786283\1.6\Defs\ThingDefs_Misc\Weapons\RangedNeolithic.xml
Vanilla Expanded	vanillaexpanded.gravship	Vanilla Gravship Expanded - Chapter 1	apparel	VGE_Apparel_OxygenPack	oxygen pack	Industrial		Item		ApparelUtility	false	false			D:\Steam\steamapps\workshop\content\294100\3609835606\1.6\Defs\ThingDefs_Misc\Apparel_Packs.xml
Vanilla Expanded	vanillaexpanded.gravship	Vanilla Gravship Expanded - Chapter 1	weapon	VGE_Gun_AnticraftCaster	anticraft caster			Item	None		true	false	TurretGun		D:\Steam\steamapps\workshop\content\294100\3609835606\1.6\Defs\ThingDefs_Buildings\Buildings_Artillery.xml
Vanilla Expanded	vanillaexpanded.gravship	Vanilla Gravship Expanded - Chapter 1	weapon	VGE_Gun_GaussGun	gauss gun			Item	None		true	false	TurretGun		D:\Steam\steamapps\workshop\content\294100\3609835606\1.6\Defs\ThingDefs_Buildings\Buildings_Artillery.xml
Vanilla Expanded	vanillaexpanded.gravship	Vanilla Gravship Expanded - Chapter 1	weapon	VGE_Gun_HeavyChargeAnnihilator	heavy charge annihilator			Item	None		true	false	TurretGun		D:\Steam\steamapps\workshop\content\294100\3609835606\1.6\Defs\ThingDefs_Buildings\Buildings_MechStructures.xml
Vanilla Expanded	vanillaexpanded.gravship	Vanilla Gravship Expanded - Chapter 1	weapon	VGE_Gun_JavelinPod	javelin pod			Item	None		true	false	TurretGun		D:\Steam\steamapps\workshop\content\294100\3609835606\1.6\Defs\ThingDefs_Buildings\Buildings_Artillery.xml
Vanilla Expanded	vanillaexpanded.gravship	Vanilla Gravship Expanded - Chapter 1	weapon	VGE_Gun_MassDriver	mass driver			Item	None		true	false	TurretGun		D:\Steam\steamapps\workshop\content\294100\3609835606\1.6\Defs\ThingDefs_Buildings\Buildings_MechStructures.xml
Vanilla Expanded	vanillaexpanded.gravship	Vanilla Gravship Expanded - Chapter 1	weapon	VGE_Gun_PointDefense	point defense gun			Item	None		true	false	TurretGun		D:\Steam\steamapps\workshop\content\294100\3609835606\1.6\Defs\ThingDefs_Buildings\Buildings_Artillery.xml
Vanilla Expanded	vanillaexpanded.gravship	Vanilla Gravship Expanded - Chapter 1	weapon	VGE_MassLance	mass lance	Spacer	900.0	Item	None	WeaponsRanged	true	false	VGE_MassLance		D:\Steam\steamapps\workshop\content\294100\3609835606\1.6\Defs\ThingDefs_Misc\Weapons\RangedMechanoid.xml
Vanilla Expanded	vanillaexpanded.gravship	Vanilla Gravship Expanded - Chapter 1	weapon	VGE_RocketswarmPod	rocketswarm pod	Spacer	430.0	Item	None	WeaponsRanged	true	false	VGE_RocketswarmPod		D:\Steam\steamapps\workshop\content\294100\3609835606\1.6\Defs\ThingDefs_Misc\Weapons\RangedMechanoid.xml
Vanilla Expanded	VanillaExpanded.VAEAccessories	Vanilla Apparel Expanded — Accessories	apparel	VAEA_Apparel_AmmoPack	ammo pack	Industrial		Item	Sellable	ApparelUtility	false	false		VAEA_AmmoPack,VAEA_Utility_Industrial	D:\Steam\steamapps\workshop\content\294100\2521176396\1.6\Defs\ThingDefs_Misc\Apparel_Utility.xml
Vanilla Expanded	VanillaExpanded.VAEAccessories	Vanilla Apparel Expanded — Accessories	apparel	VAEA_Apparel_Backpack	backpack	Neolithic		Item	Sellable	ApparelUtility	false	false		VAEA_Utility_Industrial,VAEA_Utility_Neolithic	D:\Steam\steamapps\workshop\content\294100\2521176396\1.6\Defs\ThingDefs_Misc\Apparel_Utility.xml
Vanilla Expanded	VanillaExpanded.VAEAccessories	Vanilla Apparel Expanded — Accessories	apparel	VAEA_Apparel_BattleBanner	battle banner	Neolithic		Item	Sellable	ApparelUtility	false	false		MedievalMilitary,VAEA_Utility_Industrial,VAEA_Utility_Neolithic	D:\Steam\steamapps\workshop\content\294100\2521176396\1.6\Defs\ThingDefs_Misc\Apparel_Utility.xml
Vanilla Expanded	VanillaExpanded.VAEAccessories	Vanilla Apparel Expanded — Accessories	apparel	VAEA_Apparel_ExplosiveBelt	explosive belt	Industrial		Item	Sellable	ApparelUtility	false	false		IndustrialMilitaryBasic,VAEA_Utility_Industrial	D:\Steam\steamapps\workshop\content\294100\2521176396\1.6\Defs\ThingDefs_Misc\Apparel_Utility.xml
Vanilla Expanded	VanillaExpanded.VAEAccessories	Vanilla Apparel Expanded — Accessories	apparel	VAEA_Apparel_MedicBag	medic bag	Industrial		Item	Sellable	ApparelUtility	false	false		VAEA_Utility_Industrial	D:\Steam\steamapps\workshop\content\294100\2521176396\1.6\Defs\ThingDefs_Misc\Apparel_Utility.xml
Vanilla Expanded	VanillaExpanded.VAEAccessories	Vanilla Apparel Expanded — Accessories	apparel	VAEA_Apparel_MiniTurretPack	mini-turret pack	Industrial		Item	Sellable	ApparelUtility	false	false		IndustrialMilitaryAdvanced,VAEA_Utility_Industrial	D:\Steam\steamapps\workshop\content\294100\2521176396\1.6\Defs\ThingDefs_Misc\Apparel_Utility.xml
Vanilla Expanded	VanillaExpanded.VAEAccessories	Vanilla Apparel Expanded — Accessories	apparel	VAEA_Apparel_Quiver	quiver	Neolithic		Item	Sellable	ApparelUtility	false	false		VAEA_Quiver,VAEA_Utility_Medieval,VAEA_Utility_Neolithic	D:\Steam\steamapps\workshop\content\294100\2521176396\1.6\Defs\ThingDefs_Misc\Apparel_Utility.xml
Vanilla Expanded	VanillaExpanded.VAEAccessories	Vanilla Apparel Expanded — Accessories	apparel	VAEA_Apparel_RangedShieldBelt	ranged shield belt	Medieval		Item	Sellable	ApparelUtility	false	false		BeltDefense,BeltDefensePop,BeltRangedShield,VAEA_Utility_Industrial,VAEA_Utility_Spacer	D:\Steam\steamapps\workshop\content\294100\2521176396\1.6\Defs\ThingDefs_Misc\Apparel_Utility.xml
Vanilla Expanded	VanillaExpanded.VAEAccessories	Vanilla Apparel Expanded — Accessories	apparel	VAEA_Apparel_RessurectorBelt	ressurector belt	Ultra	1700.0	Item	Sellable	ApparelUtility	false	false		BeltDefense,BeltDefensePop,BeltRangedShield,VAEA_Utility_Ultra	D:\Steam\steamapps\workshop\content\294100\2521176396\1.6\Defs\ThingDefs_Misc\Apparel_Utility.xml
Vanilla Expanded	VanillaExpanded.VAEAccessories	Vanilla Apparel Expanded — Accessories	apparel	VAEA_Apparel_ToolBelt	tool belt	Industrial		Item	Sellable	ApparelUtility	false	false		VAEA_Utility_Industrial	D:\Steam\steamapps\workshop\content\294100\2521176396\1.6\Defs\ThingDefs_Misc\Apparel_Utility.xml
Vanilla Expanded	VanillaExpanded.VAnomalyEInsanity	Vanilla Anomaly Expanded - Insanity	apparel	VAEI_Apparel_Gag	gag	Medieval		Item		ApparelMisc	false	false		VAE_Gag	D:\Steam\steamapps\workshop\content\294100\3342412435\1.6\Defs\ThingDefs\Apparel_Various.xml
Vanilla Expanded	VanillaExpanded.VAnomalyEInsanity	Vanilla Anomaly Expanded - Insanity	apparel	VAEI_Apparel_StraitJacket	straitjacket	Medieval		Item		ApparelMisc	false	false		VAE_Straitjacket	D:\Steam\steamapps\workshop\content\294100\3342412435\1.6\Defs\ThingDefs\Apparel_Various.xml
Vanilla Expanded	VanillaExpanded.VBrewE	Vanilla Brewing Expanded	weapon	VBE_DoubleWhiskey	double-aged whiskey	Neolithic	60.0	Item		Drugs,VBE_DrinksLuxurySpirits	false	false			D:\Steam\steamapps\workshop\content\294100\2186560858\1.6\Defs\ThingDefs_Items\Alcohol_Whiskey.xml
Vanilla Expanded	VanillaExpanded.VBrewE	Vanilla Brewing Expanded	weapon	VBE_Gin	gin	Neolithic	12.0	Item		Drugs,VBE_DrinksLuxurySpirits	false	false			D:\Steam\steamapps\workshop\content\294100\2186560858\1.6\Defs\ThingDefs_Items\Alcohol_Gin.xml
Vanilla Expanded	VanillaExpanded.VBrewE	Vanilla Brewing Expanded	weapon	VBE_Soda	soda	Neolithic	12.0	Item		Drugs,VBE_DrinksNonAlcoholic	false	false			D:\Steam\steamapps\workshop\content\294100\2186560858\1.6\Defs\ThingDefs_Items\Drinks_Soda.xml
Vanilla Expanded	VanillaExpanded.VBrewE	Vanilla Brewing Expanded	weapon	VBE_Tequila	tequila	Neolithic	15.0	Item		Drugs,VBE_DrinksLuxurySpirits	false	false			D:\Steam\steamapps\workshop\content\294100\2186560858\1.6\Defs\ThingDefs_Items\Alcohol_Tequila.xml
Vanilla Expanded	VanillaExpanded.VBrewE	Vanilla Brewing Expanded	weapon	VBE_Vodka	vodka	Neolithic	8.0	Item		Drugs,VBE_DrinksSimpleSpirits	false	false			D:\Steam\steamapps\workshop\content\294100\2186560858\1.6\Defs\ThingDefs_Items\Alcohol_Vodka.xml
Vanilla Expanded	VanillaExpanded.VBrewE	Vanilla Brewing Expanded	weapon	VBE_Whiskey	whiskey	Neolithic	30.0	Item		Drugs,VBE_DrinksSimpleSpirits	false	false			D:\Steam\steamapps\workshop\content\294100\2186560858\1.6\Defs\ThingDefs_Items\Alcohol_Whiskey.xml
Vanilla Expanded	VanillaExpanded.VFESecurity	Vanilla Furniture Expanded - Security	weapon	Gun_AutomatedMortar	automated mortar			Item	None		true	false	Artillery		D:\Steam\steamapps\workshop\content\294100\1845154007\1.6\Defs\ThingDefs_Buildings\Buildings_Artillery.xml
Vanilla Expanded	VanillaExpanded.VFESecurity	Vanilla Furniture Expanded - Security	weapon	Gun_TeslaBlaster	tesla blaster			Item	None		true	false	TurretGun		D:\Steam\steamapps\workshop\content\294100\1845154007\1.6\Defs\ThingDefs_Buildings\Buildings_Turrets.xml
Vanilla Expanded	VanillaExpanded.VFESecurity	Vanilla Furniture Expanded - Security	weapon	VFES_Artillery_ArtilleryGun	artillery gun			Item	None		true	false	Artillery,Artillery_BaseDestroyer		D:\Steam\steamapps\workshop\content\294100\1845154007\1.6\Defs\ThingDefs_Buildings\Buildings_Artillery.xml
Vanilla Expanded	VanillaExpanded.VFESecurity	Vanilla Furniture Expanded - Security	weapon	VFES_Artillery_Catapult	catapult			Item	None		true	false	Artillery,ArtilleryMedieval		D:\Steam\steamapps\workshop\content\294100\1845154007\1.6\Defs\ThingDefs_Buildings\Buildings_Turrets.xml
Vanilla Expanded	VanillaExpanded.VFESecurity	Vanilla Furniture Expanded - Security	weapon	VFES_ComplexCharge_Top	minigun			Item	None		true	false	TurretGun		D:\Steam\steamapps\workshop\content\294100\1845154007\1.6\Defs\ThingDefs_Buildings\Buildings_Turrets.xml
Vanilla Expanded	VanillaExpanded.VFESecurity	Vanilla Furniture Expanded - Security	weapon	VFES_ComplexHmg_Top	HMG			Item	None		true	false	TurretGun		D:\Steam\steamapps\workshop\content\294100\1845154007\1.6\Defs\ThingDefs_Buildings\Buildings_Turrets.xml
Vanilla Expanded	VanillaExpanded.VFESecurity	Vanilla Furniture Expanded - Security	weapon	VFES_ComplexMinigun_Top	minigun			Item	None		true	false	TurretGun		D:\Steam\steamapps\workshop\content\294100\1845154007\1.6\Defs\ThingDefs_Buildings\Buildings_Turrets.xml
Vanilla Expanded	VanillaExpanded.VFESecurity	Vanilla Furniture Expanded - Security	weapon	VFES_Gun_ArmoredTurret	military turret gun			Item	None		true	false	TurretGun		D:\Steam\steamapps\workshop\content\294100\1845154007\1.6\Defs\ThingDefs_Buildings\Buildings_Turrets.xml
Vanilla Expanded	VanillaExpanded.VFESecurity	Vanilla Furniture Expanded - Security	weapon	VFES_Gun_BallistaTurret	ballista			Item	None		true	false	ArtilleryMedieval		D:\Steam\steamapps\workshop\content\294100\1845154007\1.6\Defs\ThingDefs_Buildings\Buildings_Turrets.xml
Vanilla Expanded	VanillaExpanded.VFESecurity	Vanilla Furniture Expanded - Security	weapon	VFES_Gun_ChargeTurret	charged turret gun			Item	None		true	false	TurretGun		D:\Steam\steamapps\workshop\content\294100\1845154007\1.6\Defs\ThingDefs_Buildings\Buildings_Turrets.xml
Vanilla Expanded	VanillaExpanded.VFESecurity	Vanilla Furniture Expanded - Security	weapon	VFES_Gun_ConcealedTurret	concealed turret gun			Item	None		true	false	TurretGun		D:\Steam\steamapps\workshop\content\294100\1845154007\1.6\Defs\ThingDefs_Buildings\Buildings_Concealed.xml
Vanilla Expanded	VanillaExpanded.VFESecurity	Vanilla Furniture Expanded - Security	weapon	VFES_Gun_FlameTurret	flame turret gun			Item	None		true	false	TurretGun		D:\Steam\steamapps\workshop\content\294100\1845154007\1.6\Defs\ThingDefs_Buildings\Buildings_Turrets.xml
Vanilla Expanded	VanillaExpanded.VFESecurity	Vanilla Furniture Expanded - Security	weapon	VFES_Gun_MilitaryTurret	military turret gun			Item	None		true	false	TurretGun		D:\Steam\steamapps\workshop\content\294100\1845154007\1.6\Defs\ThingDefs_Buildings\Buildings_Turrets.xml
Vanilla Expanded	VanillaExpanded.VFESecurity	Vanilla Furniture Expanded - Security	weapon	VFES_Gun_PointDefense	point defense gun			Item	None		true	false	TurretGun		D:\Steam\steamapps\workshop\content\294100\1845154007\1.6\Defs\ThingDefs_Buildings\Buildings_AntiAir.xml
Vanilla Expanded	VanillaExpanded.VFESecurity	Vanilla Furniture Expanded - Security	weapon	VFES_Gun_RailgunTurret	charged turret gun			Item	None		true	false	TurretGun		D:\Steam\steamapps\workshop\content\294100\1845154007\1.6\Defs\ThingDefs_Buildings\Buildings_Turrets.xml
Vanilla Expanded	VanillaExpanded.VFESecurity	Vanilla Furniture Expanded - Security	weapon	VFES_Gun_Searchlight	searchlight			Item	None		true	false	TurretGun		D:\Steam\steamapps\workshop\content\294100\1845154007\1.6\Defs\ThingDefs_Buildings\Buildings_Turrets.xml
Vanilla Expanded	VanillaExpanded.VFESecurity	Vanilla Furniture Expanded - Security	weapon	VFES_Gun_ShotgunTurret	shotgun turret gun			Item	None		true	false	TurretGun		D:\Steam\steamapps\workshop\content\294100\1845154007\1.6\Defs\ThingDefs_Buildings\Buildings_Turrets.xml
Vanilla Expanded	VanillaExpanded.VFESecurity	Vanilla Furniture Expanded - Security	weapon	VFES_TurretDoubleAutocannon_Top	double autocannon			Item	None		true	false	TurretGun		D:\Steam\steamapps\workshop\content\294100\1845154007\1.6\Defs\ThingDefs_Buildings\Buildings_Turrets.xml
Vanilla Expanded	VanillaExpanded.VFESecurity	Vanilla Furniture Expanded - Security	weapon	VFES_TurretMinigun_Top	minigun			Item	None		true	false	TurretGun		D:\Steam\steamapps\workshop\content\294100\1845154007\1.6\Defs\ThingDefs_Buildings\Buildings_Turrets.xml
Vanilla Expanded	VanillaExpanded.VIEHAR	Vanilla Ideology Expanded - Hats and Rags	apparel	VIEHAR_Apparel_Beads	beads	Medieval		Item		Headgear	false	false			D:\Steam\steamapps\workshop\content\294100\2567387768\1.6\Defs\ThingDefs_Misc\Apparel_Headgear.xml
Vanilla Expanded	VanillaExpanded.VIEHAR	Vanilla Ideology Expanded - Hats and Rags	apparel	VIEHAR_Apparel_BishopHat	bishop hat	Neolithic		Item		Headgear	false	false			D:\Steam\steamapps\workshop\content\294100\2567387768\1.6\Defs\ThingDefs_Misc\Apparel_Headgear.xml
Vanilla Expanded	VanillaExpanded.VIEHAR	Vanilla Ideology Expanded - Hats and Rags	apparel	VIEHAR_Apparel_BrimlessHat	brimless hat	Medieval		Item		Headgear	false	false			D:\Steam\steamapps\workshop\content\294100\2567387768\1.6\Defs\ThingDefs_Misc\Apparel_Headgear.xml
Vanilla Expanded	VanillaExpanded.VIEHAR	Vanilla Ideology Expanded - Hats and Rags	apparel	VIEHAR_Apparel_CommisarHat	commissar hat	Medieval		Item		Headgear	false	false			D:\Steam\steamapps\workshop\content\294100\2567387768\1.6\Defs\ThingDefs_Misc\Apparel_Headgear.xml
Vanilla Expanded	VanillaExpanded.VIEHAR	Vanilla Ideology Expanded - Hats and Rags	apparel	VIEHAR_Apparel_DeerSkull	deer skull	Medieval		Item		Headgear	false	false			D:\Steam\steamapps\workshop\content\294100\2567387768\1.6\Defs\ThingDefs_Misc\Apparel_Headgear.xml
Vanilla Expanded	VanillaExpanded.VIEHAR	Vanilla Ideology Expanded - Hats and Rags	apparel	VIEHAR_Apparel_Fez	fez	Medieval		Item		Headgear	false	false			D:\Steam\steamapps\workshop\content\294100\2567387768\1.6\Defs\ThingDefs_Misc\Apparel_Headgear.xml
Vanilla Expanded	VanillaExpanded.VIEHAR	Vanilla Ideology Expanded - Hats and Rags	apparel	VIEHAR_Apparel_Headbag	headbag	Medieval		Item		Headgear	false	false			D:\Steam\steamapps\workshop\content\294100\2567387768\1.6\Defs\ThingDefs_Misc\Apparel_Headgear.xml
Vanilla Expanded	VanillaExpanded.VIEHAR	Vanilla Ideology Expanded - Hats and Rags	apparel	VIEHAR_Apparel_Headscarf	headscarf	Medieval		Item		Headgear	false	false			D:\Steam\steamapps\workshop\content\294100\2567387768\1.6\Defs\ThingDefs_Misc\Apparel_Headgear.xml
Vanilla Expanded	VanillaExpanded.VIEHAR	Vanilla Ideology Expanded - Hats and Rags	apparel	VIEHAR_Apparel_HorseMask	horse mask	Medieval		Item		Headgear	false	false			D:\Steam\steamapps\workshop\content\294100\2567387768\1.6\Defs\ThingDefs_Misc\Apparel_Headgear.xml
Vanilla Expanded	VanillaExpanded.VIEHAR	Vanilla Ideology Expanded - Hats and Rags	apparel	VIEHAR_Apparel_MilitaryCap	military cap	Medieval		Item		Headgear	false	false			D:\Steam\steamapps\workshop\content\294100\2567387768\1.6\Defs\ThingDefs_Misc\Apparel_Headgear.xml
Vanilla Expanded	VanillaExpanded.VIEHAR	Vanilla Ideology Expanded - Hats and Rags	apparel	VIEHAR_Apparel_Rags	rags	Medieval		Item		Apparel	false	false			D:\Steam\steamapps\workshop\content\294100\2567387768\1.6\Defs\ThingDefs_Misc\Apparel_Various.xml
Vanilla Expanded	VanillaExpanded.VIEHAR	Vanilla Ideology Expanded - Hats and Rags	apparel	VIEHAR_Apparel_Skullcap	skullcap	Medieval		Item		Headgear	false	false			D:\Steam\steamapps\workshop\content\294100\2567387768\1.6\Defs\ThingDefs_Misc\Apparel_Headgear.xml
Vanilla Expanded	VanillaExpanded.VIEHAR	Vanilla Ideology Expanded - Hats and Rags	apparel	VIEHAR_Apparel_SpikedSkullcap	spiked skullcap	Medieval		Item		Headgear	false	false			D:\Steam\steamapps\workshop\content\294100\2567387768\1.6\Defs\ThingDefs_Misc\Apparel_Headgear.xml
Vanilla Expanded	VanillaExpanded.VIEHAR	Vanilla Ideology Expanded - Hats and Rags	apparel	VIEHAR_Apparel_WideHat	wide hat	Medieval		Item		Headgear	false	false			D:\Steam\steamapps\workshop\content\294100\2567387768\1.6\Defs\ThingDefs_Misc\Apparel_Headgear.xml
Vanilla Expanded	VanillaExpanded.VPersonaWeaponsE	Vanilla Persona Weapons Expanded	weapon	VPWE_MeleeWeapon_PsyfocusStaffBladelink	persona eltex staff	Ultra	3000.0	Item		WeaponsMeleeBladelink	false	false	Bladelink,EltexStaff		D:\Steam\steamapps\workshop\content\294100\2826922787\1.6\Defs\MeleeBladelink.xml
Vanilla Expanded	VanillaExpanded.VPsycastsE	Vanilla Psycasts Expanded	apparel	VPE_Apparel_EltexCape	eltex cape	Medieval	800.0	Item		ApparelMisc	false	false		Cape,Psychic,Royal,RoyalTier2,RoyalTier5	D:\Steam\steamapps\workshop\content\294100\2842502659\1.6\Defs\ThingDefs_Misc\Apparel_Psychic.xml
Vanilla Expanded	VanillaExpanded.VPsycastsE	Vanilla Psycasts Expanded	apparel	VPE_Apparel_EltexMask	eltex mask	Medieval	500.0	Item		Headgear	false	false		Psychic,Royal,RoyalTier6	D:\Steam\steamapps\workshop\content\294100\2842502659\1.6\Defs\ThingDefs_Misc\Apparel_Psychic.xml
Vanilla Expanded	VanillaExpanded.VPsycastsE	Vanilla Psycasts Expanded	apparel	VPE_Apparel_PlateArmorPrestige	prestige plate armor	Medieval		Item		ApparelArmor	false	false		PrestigeCombatGear	D:\Steam\steamapps\workshop\content\294100\2842502659\1.6\Defs\ThingDefs_Misc\Apparel_Various.xml
Vanilla Expanded	VanillaExpanded.VPsycastsE	Vanilla Psycasts Expanded	apparel	VPE_HeatPearls	heat pearls	Spacer	60.0	Item	None	ApparelUtility	false	false			D:\Steam\steamapps\workshop\content\294100\2842502659\1.6\Defs\ThingDefs_Misc\Weapons\Weapons_Misc.xml
Vanilla Expanded	VanillaExpanded.VPsycastsE	Vanilla Psycasts Expanded	apparel	VPE_Psyring	psyring	Ultra	1200.0	Item	Sellable	ApparelUtility	false	false			D:\Steam\steamapps\workshop\content\294100\2842502659\1.6\Defs\ThingDefs_Misc\Apparel_Various.xml
Vanilla Expanded	VanillaExpanded.VPsycastsE	Vanilla Psycasts Expanded	weapon	VPE_MeleeWeapon_EltexDagger	eltex dagger	Medieval		Item		WeaponsMelee	false	false	VPE_EltexMelee		D:\Steam\steamapps\workshop\content\294100\2842502659\1.6\Defs\ThingDefs_Misc\Weapons\Weapons_EltexMelee.xml
Vanilla Expanded	VanillaExpanded.VPsycastsE	Vanilla Psycasts Expanded	weapon	VPE_MeleeWeapon_EltexMace	eltex mace	Medieval		Item		WeaponsMelee	false	false	VPE_EltexMelee		D:\Steam\steamapps\workshop\content\294100\2842502659\1.6\Defs\ThingDefs_Misc\Weapons\Weapons_EltexMelee.xml
Vanilla Expanded	VanillaExpanded.VPsycastsE	Vanilla Psycasts Expanded	weapon	VPE_MeleeWeapon_EltexSword	eltex sword	Medieval		Item		WeaponsMelee	false	false	VPE_EltexMelee		D:\Steam\steamapps\workshop\content\294100\2842502659\1.6\Defs\ThingDefs_Misc\Weapons\Weapons_EltexMelee.xml
Vanilla Expanded	VanillaExpanded.VWETB	Vanilla Weapons Expanded - Tribal	weapon	VWE_MeleeWeapon_HeavyClub	heavy club	Neolithic		Item		WeaponsMelee	false	false	NeolithicMeleeAdvanced		D:\Steam\steamapps\workshop\content\294100\2454918552\1.6\Defs\ThingDefs_Misc\MeleeNeolithic.xml
Vanilla Expanded	VanillaExpanded.VWETB	Vanilla Weapons Expanded - Tribal	weapon	VWE_MeleeWeapon_LightClub	light club	Neolithic		Item		WeaponsMelee	false	false	NeolithicMeleeBasic		D:\Steam\steamapps\workshop\content\294100\2454918552\1.6\Defs\ThingDefs_Misc\MeleeNeolithic.xml
Vanilla Expanded	VanillaExpanded.VWETB	Vanilla Weapons Expanded - Tribal	weapon	VWE_MeleeWeapon_Shiv	shiv	Neolithic		Item		WeaponsMelee	false	false	NeolithicMeleeBasic		D:\Steam\steamapps\workshop\content\294100\2454918552\1.6\Defs\ThingDefs_Misc\MeleeNeolithic.xml
Vanilla Expanded	VanillaExpanded.VWETB	Vanilla Weapons Expanded - Tribal	weapon	VWE_MeleeWeapon_TribalAxe	tribal axe	Neolithic		Item		WeaponsMelee	false	false	NeolithicMeleeBasic		D:\Steam\steamapps\workshop\content\294100\2454918552\1.6\Defs\ThingDefs_Misc\MeleeNeolithic.xml
Vanilla Expanded	VanillaExpanded.VWETB	Vanilla Weapons Expanded - Tribal	weapon	VWE_Sling	sling	Neolithic		Item		WeaponsRanged	false	false	Neolithic,NeolithicRangedBasic		D:\Steam\steamapps\workshop\content\294100\2454918552\1.6\Defs\ThingDefs_Misc\RangedNeolithic.xml
Vanilla Expanded	VanillaExpanded.VWETB	Vanilla Weapons Expanded - Tribal	weapon	VWE_Throwing_Shards	throwing shards	Neolithic		Item		WeaponsRanged	false	false	Neolithic,NeolithicRangedBasic		D:\Steam\steamapps\workshop\content\294100\2454918552\1.6\Defs\ThingDefs_Misc\RangedNeolithic.xml
Vanilla Expanded	VanillaExpanded.VWETB	Vanilla Weapons Expanded - Tribal	weapon	VWE_Weapon_FireBomb	fire bombs	Neolithic		Item		Grenades	false	false	NeolithicRangedHeavy		D:\Steam\steamapps\workshop\content\294100\2454918552\1.6\Defs\ThingDefs_Misc\RangedNeolithic.xml
Vanilla Expanded	vanillaquestsexpanded.ancients	Vanilla Quests Expanded - Ancients	apparel	VQEA_Apparel_PatientGown	patient gown	Industrial	100.0	Item		ApparelMisc	false	false		VQE_PatientGown	D:\Steam\steamapps\workshop\content\294100\3618306875\1.6\Defs\ThingDefs_Misc\Apparel_Various.xml
Vanilla Expanded	vanillaquestsexpanded.ancients	Vanilla Quests Expanded - Ancients	weapon	VQEA_MeleeWeapon_Scalpel	scalpel	Industrial		Item		WeaponsMelee	false	false			D:\Steam\steamapps\workshop\content\294100\3618306875\1.6\Defs\ThingDefs_Misc\Weapons_Various.xml
Vanilla Expanded	vanillaquestsexpanded.cryptoforge	Vanilla Quests Expanded - Cryptoforge	apparel	VQE_Apparel_CryptoHeavyHelmet	heavy crypto helmet	Ultra	1000.0	Item		ArmorHeadgear	false	false		CryptoHeavy,PrestigeCombatGear	D:\Steam\steamapps\workshop\content\294100\3461526070\1.6\Defs\ThingDefs_Misc\Apparel_Various.xml
Vanilla Expanded	vanillaquestsexpanded.cryptoforge	Vanilla Quests Expanded - Cryptoforge	apparel	VQE_Apparel_CryptoLightHelmet	crypto helmet	Ultra	885.0	Item		ArmorHeadgear	false	false		CryptoLight,PrestigeCombatGear	D:\Steam\steamapps\workshop\content\294100\3461526070\1.6\Defs\ThingDefs_Misc\Apparel_Various.xml
Vanilla Expanded	vanillaquestsexpanded.cryptoforge	Vanilla Quests Expanded - Cryptoforge	apparel	VQE_CryptoArmor	crypto armor	Ultra	1540.0	Item		ApparelArmor	false	false		CryptoLight,PrestigeCombatGear	D:\Steam\steamapps\workshop\content\294100\3461526070\1.6\Defs\ThingDefs_Misc\Apparel_Various.xml
Vanilla Expanded	vanillaquestsexpanded.cryptoforge	Vanilla Quests Expanded - Cryptoforge	apparel	VQE_CryptoHeavyArmor	heavy crypto armor	Ultra	3540.0	Item		ApparelArmor	false	false		CryptoHeavy,PrestigeCombatGear	D:\Steam\steamapps\workshop\content\294100\3461526070\1.6\Defs\ThingDefs_Misc\Apparel_Various.xml
Vanilla Expanded	vanillaquestsexpanded.cryptoforge	Vanilla Quests Expanded - Cryptoforge	weapon	VQE_AncientShieldedTurret_Gun	ancient shielded turret			Item	None		true	false	TurretGun		D:\Steam\steamapps\workshop\content\294100\3461526070\1.6\Defs\ThingDefs_Buildings\Buildings_Security.xml
Vanilla Expanded	vanillaquestsexpanded.cryptoforge	Vanilla Quests Expanded - Cryptoforge	weapon	VQE_AncientSpacerAutocannon_Gun	ancient spacer autocannon			Item	None		true	false	TurretGun		D:\Steam\steamapps\workshop\content\294100\3461526070\1.6\Defs\ThingDefs_Buildings\Buildings_Security.xml
Vanilla Expanded	vanillaquestsexpanded.cryptoforge	Vanilla Quests Expanded - Cryptoforge	weapon	VQE_MeleeWeapon_Cryptoaxe	cryptoaxe	Ultra	2650.0	Item		WeaponsMelee	false	false	Cryptoaxe		D:\Steam\steamapps\workshop\content\294100\3461526070\1.6\Defs\ThingDefs_Misc\Things_Weapons.xml
Vanilla Expanded	vanillaquestsexpanded.cryptoforge	Vanilla Quests Expanded - Cryptoforge	weapon	VQE_Weapon_Cryptobolter	cryptobolter	Ultra	2650.0	Item		WeaponsRanged	false	false	Cryptobolter		D:\Steam\steamapps\workshop\content\294100\3461526070\1.6\Defs\ThingDefs_Misc\Things_Weapons.xml
Vanilla Expanded	vanillaquestsexpanded.deadlife	Vanilla Quests Expanded - Deadlife	apparel	VQED_Apparel_GeneralsCap	general’s cap	Industrial		Item			false	false			D:\Steam\steamapps\workshop\content\294100\3497226454\1.6\Defs\ThingDefs_Misc\Apparel_Various.xml
Vanilla Expanded	vanillaquestsexpanded.deadlife	Vanilla Quests Expanded - Deadlife	apparel	VQED_Apparel_GeneralsInsignia	general's insignia	Industrial		Item		ApparelMisc	false	false			D:\Steam\steamapps\workshop\content\294100\3497226454\1.6\Defs\ThingDefs_Misc\Apparel_Various.xml
Vanilla Expanded	vanillaquestsexpanded.deadlife	Vanilla Quests Expanded - Deadlife	apparel	VQED_Apparel_MilitaryCoat	military coat	Industrial		Item		ApparelMisc	false	false			D:\Steam\steamapps\workshop\content\294100\3497226454\1.6\Defs\ThingDefs_Misc\Apparel_Various.xml
Vanilla Expanded	vanillaquestsexpanded.deadlife	Vanilla Quests Expanded - Deadlife	weapon	VQE_DisruptorFlare	disruptor flare	Neolithic	120.0	Item	Sellable	Grenades	false	false			D:\Steam\steamapps\workshop\content\294100\3497226454\1.6\Defs\ThingDefs_Misc\DisruptorFlares.xml
Vanilla Expanded	vanillaquestsexpanded.deadlife	Vanilla Quests Expanded - Deadlife	weapon	VQED_AncientMilitaryTurret_Gun	ancient military turret			Item	None		true	false	TurretGun		D:\Steam\steamapps\workshop\content\294100\3497226454\1.6\Defs\ThingDefs_Buildings\Buildings_Threats.xml
Vanilla Expanded	vanillaquestsexpanded.deadlife	Vanilla Quests Expanded - Deadlife	weapon	VQED_Gun_Autopistol_Ancient	ancient autopistol	Industrial		Item		WeaponsRanged	false	false			D:\Steam\steamapps\workshop\content\294100\3497226454\1.6\Defs\ThingDefs_Misc\AncientWeapons.xml
Vanilla Expanded	vanillaquestsexpanded.deadlife	Vanilla Quests Expanded - Deadlife	weapon	VQED_Gun_LMG_Ancient	ancient LMG	Industrial		Item		WeaponsRanged	false	false			D:\Steam\steamapps\workshop\content\294100\3497226454\1.6\Defs\ThingDefs_Misc\AncientWeapons.xml
Vanilla Expanded	vanillaquestsexpanded.deadlife	Vanilla Quests Expanded - Deadlife	weapon	VQED_Gun_MachinePistol_Ancient	ancient machine pistol	Industrial		Item		WeaponsRanged	false	false			D:\Steam\steamapps\workshop\content\294100\3497226454\1.6\Defs\ThingDefs_Misc\AncientWeapons.xml
Vanilla Expanded	vanillaquestsexpanded.deadlife	Vanilla Quests Expanded - Deadlife	weapon	VQED_Gun_PumpShotgun_Ancient	ancient shotgun	Industrial		Item		WeaponsRanged	false	false			D:\Steam\steamapps\workshop\content\294100\3497226454\1.6\Defs\ThingDefs_Misc\AncientWeapons.xml
Vanilla Expanded	vanillaquestsexpanded.generator	Vanilla Quests Expanded - The Generator	apparel	VQE_Apparel_Parka	ancient tight parka	Spacer		Item		ApparelMisc	false	false			D:\Steam\steamapps\workshop\content\294100\3411401573\1.6\Defs\ThingDefs_Misc\Apparel_Various.xml
