"Group","PackageId","ModName","SourceRoot","SourceRelativePath","TargetRelativePath","Bytes","SHA256"
"VanillaExpanded","OskarPotocki.VanillaFactionsExpanded.Core","Vanilla Expanded Framework","D:\Steam\steamapps\workshop\content\294100\2023507013","Textures\UI\Abilities\VEF_ControlledBlinking.png","VanillaExpanded\OskarPotocki.VanillaFactionsExpanded.Core\Textures\UI\Abilities\VEF_ControlledBlinking.png","6188","14BEB985A2691A142112201FCAC7C31045DF563D009DD463F487AA3A240AD093"
"VanillaExpanded","OskarPotocki.VanillaFactionsExpanded.Core","Vanilla Expanded Framework","D:\Steam\steamapps\workshop\content\294100\2023507013","Textures\UI\Abilities\VEF_ControlledDetonation.png","VanillaExpanded\OskarPotocki.VanillaFactionsExpanded.Core\Textures\UI\Abilities\VEF_ControlledDetonation.png","9995","F0E750E37FB9641DA577F20E46EF2372CC68485A29FE6676D6F2B5B6276A6D5F"
"VanillaExpanded","OskarPotocki.VanillaFactionsExpanded.Core","Vanilla Expanded Framework","D:\Steam\steamapps\workshop\content\294100\2023507013","Textures\UI\Abilities\VEF_ControlledInvisibility.png","VanillaExpanded\OskarPotocki.VanillaFactionsExpanded.Core\Textures\UI\Abilities\VEF_ControlledInvisibility.png","2157","60148563A90C6F911A5B087804B38269D1F0977447C0B02F114C09B118E75765"
"VanillaExpanded","OskarPotocki.VanillaFactionsExpanded.Core","Vanilla Expanded Framework","D:\Steam\steamapps\workshop\content\294100\2023507013","Textures\UI\Abilities\VEF_CorpseDecay.png","VanillaExpanded\OskarPotocki.VanillaFactionsExpanded.Core\Textures\UI\Abilities\VEF_CorpseDecay.png","6745","8F57BE5A519E74ED1872D71DDC53F269110D64D0E5C2EDA58CA50CA5706D3C12"
"VanillaExpanded","OskarPotocki.VanillaFactionsExpanded.Core","Vanilla Expanded Framework","D:\Steam\steamapps\workshop\content\294100\2023507013","Textures\UI\Abilities\VEF_DiggingDiscipline.png","VanillaExpanded\OskarPotocki.VanillaFactionsExpanded.Core\Textures\UI\Abilities\VEF_DiggingDiscipline.png","7567","68E91B727DB2147DAF75DE9D317326F57CF1896225E8DE2DFECB5C36B810F08C"
"VanillaExpanded","OskarPotocki.VanillaFactionsExpanded.Core","Vanilla Expanded Framework","D:\Steam\steamapps\workshop\content\294100\2023507013","Textures\UI\Abilities\VEF_FumeRegulation.png","VanillaExpanded\OskarPotocki.VanillaFactionsExpanded.Core\Textures\UI\Abilities\VEF_FumeRegulation.png","4345","88D346DFD0A02F003E98AF576DAC3ABCB179400595775674463CD6E6CC5FDC25"
"VanillaExpanded","OskarPotocki.VanillaFactionsExpanded.Core","Vanilla Expanded Framework","D:\Steam\steamapps\workshop\content\294100\2023507013","Textures\UI\AttachTurret.png","VanillaExpanded\OskarPotocki.VanillaFactionsExpanded.Core\Textures\UI\AttachTurret.png","4275","B8D9943892D1507BBAC085475E0AC80B8637F80F47B0E1A22D53D9EBF4A79168"
"VanillaExpanded","OskarPotocki.VanillaFactionsExpanded.Core","Vanilla Expanded Framework","D:\Steam\steamapps\workshop\content\294100\2023507013","Textures\UI\CheckAuto.png","VanillaExpanded\OskarPotocki.VanillaFactionsExpanded.Core\Textures\UI\CheckAuto.png","886","440E0AE726066D3D3755DE875FDF23BB289814803541B6738DB668FDF11607BF"
"VanillaExpanded","OskarPotocki.VanillaFactionsExpanded.Core","Vanilla Expanded Framework","D:\Steam\steamapps\workshop\content\294100\2023507013","Textures\UI\Commands\VEF_Hunt.png","VanillaExpanded\OskarPotocki.VanillaFactionsExpanded.Core\Textures\UI\Commands\VEF_Hunt.png","12519","9C3A7378473049F4F1FD75DCA40679E2ECE8E390C1EA350E47457855671D3007"
"VanillaExpanded","OskarPotocki.VanillaFactionsExpanded.Core","Vanilla Expanded Framework","D:\Steam\steamapps\workshop\content\294100\2023507013","Textures\UI\Commands\VFE_RandomChunks.png","VanillaExpanded\OskarPotocki.VanillaFactionsExpanded.Core\Textures\UI\Commands\VFE_RandomChunks.png","4111","AAD1833592BAC7C6D2E1993728F644DC51FB67A9603493A8811ACD91D8BE583B"
"VanillaExpanded","OskarPotocki.VanillaFactionsExpanded.Core","Vanilla Expanded Framework","D:\Steam\steamapps\workshop\content\294100\2023507013","Textures\UI\CSG\help.png","VanillaExpanded\OskarPotocki.VanillaFactionsExpanded.Core\Textures\UI\CSG\help.png","2991","09EBF32C02EAECC2CBAE6897F0E3D7915D1CC3FEA0F2C05BB9CF135C1B012314"
"VanillaExpanded","OskarPotocki.VanillaFactionsExpanded.Core","Vanilla Expanded Framework","D:\Steam\steamapps\workshop\content\294100\2023507013","Textures\UI\CSG\IConduit.png","VanillaExpanded\OskarPotocki.VanillaFactionsExpanded.Core\Textures\UI\CSG\IConduit.png","567","B546439DDD071ED2E0E7364A5E37A7B58D1E705204A168FA631F92BF9AFD077F"
"VanillaExpanded","OskarPotocki.VanillaFactionsExpanded.Core","Vanilla Expanded Framework","D:\Steam\steamapps\workshop\content\294100\2023507013","Textures\UI\Designators\export.png","VanillaExpanded\OskarPotocki.VanillaFactionsExpanded.Core\Textures\UI\Designators\export.png","15809","B4FA6D18C5A5C51B13C4FE5E8C18B63878DABD5755FC20B208F1E5748C280CE1"
"VanillaExpanded","OskarPotocki.VanillaFactionsExpanded.Core","Vanilla Expanded Framework","D:\Steam\steamapps\workshop\content\294100\2023507013","Textures\UI\Designators\exportFA.png","VanillaExpanded\OskarPotocki.VanillaFactionsExpanded.Core\Textures\UI\Designators\exportFA.png","10429","99120820AA189B920D6D7DC0AA23F6480E6F09D564BF8DB191D79D1124C50E33"
"VanillaExpanded","OskarPotocki.VanillaFactionsExpanded.Core","Vanilla Expanded Framework","D:\Steam\steamapps\workshop\content\294100\2023507013","Textures\UI\EmptyImage.png","VanillaExpanded\OskarPotocki.VanillaFactionsExpanded.Core\Textures\UI\EmptyImage.png","113","D1FD17E13A11452A7AC5582EF3A35D6C517E404628EA339882F26AA0AEC3B723"
"VanillaExpanded","OskarPotocki.VanillaFactionsExpanded.Core","Vanilla Expanded Framework","D:\Steam\steamapps\workshop\content\294100\2023507013","Textures\UI\EmptyImage_east.png","VanillaExpanded\OskarPotocki.VanillaFactionsExpanded.Core\Textures\UI\EmptyImage_east.png","113","D1FD17E13A11452A7AC5582EF3A35D6C517E404628EA339882F26AA0AEC3B723"
"VanillaExpanded","OskarPotocki.VanillaFactionsExpanded.Core","Vanilla Expanded Framework","D:\Steam\steamapps\workshop\content\294100\2023507013","Textures\UI\EnableWarmup\EnableWarmup.png","VanillaExpanded\OskarPotocki.VanillaFactionsExpanded.Core\Textures\UI\EnableWarmup\EnableWarmup.png","2181","0D23E13C205D79C26574422B3103238DE48979605D3141CEE1E1F53BD52BB112"
"VanillaExpanded","OskarPotocki.VanillaFactionsExpanded.Core","Vanilla Expanded Framework","D:\Steam\steamapps\workshop\content\294100\2023507013","Textures\UI\ForceRecharge.png","VanillaExpanded\OskarPotocki.VanillaFactionsExpanded.Core\Textures\UI\ForceRecharge.png","1799","73A243F88307BF228FC87DE2EC9DC4F9B356143120DA4A76E6F6559696AB0B14"
"VanillaExpanded","OskarPotocki.VanillaFactionsExpanded.Core","Vanilla Expanded Framework","D:\Steam\steamapps\workshop\content\294100\2023507013","Textures\UI\Gizmo\AbandonOutpost.png","VanillaExpanded\OskarPotocki.VanillaFactionsExpanded.Core\Textures\UI\Gizmo\AbandonOutpost.png","6119","4602A843D5FFEE808BFFC0D056D9613D671AAC86C7ED6656E8424E715C15CC25"
"VanillaExpanded","OskarPotocki.VanillaFactionsExpanded.Core","Vanilla Expanded Framework","D:\Steam\steamapps\workshop\content\294100\2023507013","Textures\UI\Gizmo\AddToOutpost.png","VanillaExpanded\OskarPotocki.VanillaFactionsExpanded.Core\Textures\UI\Gizmo\AddToOutpost.png","6866","A23C724CDC5EB101012E76BA411D3D15B88B0BBCAAB79DEF7A88ED5BBDB60C61"
"VanillaExpanded","OskarPotocki.VanillaFactionsExpanded.Core","Vanilla Expanded Framework","D:\Steam\steamapps\workshop\content\294100\2023507013","Textures\UI\Gizmo\CancelAbandonOutpost.png","VanillaExpanded\OskarPotocki.VanillaFactionsExpanded.Core\Textures\UI\Gizmo\CancelAbandonOutpost.png","4272","4C43B0D2F76F5DF0B8CB823389B1EA29E005AB80583244A3CD44ACE774066D9A"
"VanillaExpanded","OskarPotocki.VanillaFactionsExpanded.Core","Vanilla Expanded Framework","D:\Steam\steamapps\workshop\content\294100\2023507013","Textures\UI\Gizmo\ExtractFlower.png","VanillaExpanded\OskarPotocki.VanillaFactionsExpanded.Core\Textures\UI\Gizmo\ExtractFlower.png","12736","B9FDF62969C526479BDA12B7D195EC2E383AEF75B4E25864E44B5971C621A9C8"
"VanillaExpanded","OskarPotocki.VanillaFactionsExpanded.Core","Vanilla Expanded Framework","D:\Steam\steamapps\workshop\content\294100\2023507013","Textures\UI\Gizmo\ExtractFlowerOverlay.png","VanillaExpanded\OskarPotocki.VanillaFactionsExpanded.Core\Textures\UI\Gizmo\ExtractFlowerOverlay.png","5895","6E7C61B4B81B98EA71B168FFE1E1ED16EEF87B4E39581D4275CAB47CCEAA2182"
"VanillaExpanded","OskarPotocki.VanillaFactionsExpanded.Core","Vanilla Expanded Framework","D:\Steam\steamapps\workshop\content\294100\2023507013","Textures\UI\Gizmo\LampColourSwitch.png","VanillaExpanded\OskarPotocki.VanillaFactionsExpanded.Core\Textures\UI\Gizmo\LampColourSwitch.png","10869","459E37B8A36CC808439480830B2BF59284767B45BC5969B3DC5DCFFB5659C260"
"VanillaExpanded","OskarPotocki.VanillaFactionsExpanded.Core","Vanilla Expanded Framework","D:\Steam\steamapps\workshop\content\294100\2023507013","Textures\UI\Gizmo\RemoveItemsFromOutpost.png","VanillaExpanded\OskarPotocki.VanillaFactionsExpanded.Core\Textures\UI\Gizmo\RemoveItemsFromOutpost.png","5300","36DFFA9A624364D8C0CB350605D31341174DD8E2964F2C9D2F710161D9E4359D"
"VanillaExpanded","OskarPotocki.VanillaFactionsExpanded.Core","Vanilla Expanded Framework","D:\Steam\steamapps\workshop\content\294100\2023507013","Textures\UI\Gizmo\RemovePawnFromOutpost.png","VanillaExpanded\OskarPotocki.VanillaFactionsExpanded.Core\Textures\UI\Gizmo\RemovePawnFromOutpost.png","2257","BE82CD6ADE8CF4D95B9252643098CFE0A10BBF13141A69CDF134D08E7DA23B5C"
"VanillaExpanded","OskarPotocki.VanillaFactionsExpanded.Core","Vanilla Expanded Framework","D:\Steam\steamapps\workshop\content\294100\2023507013","Textures\UI\Gizmo\RemoveWeeds_Gizmo.png","VanillaExpanded\OskarPotocki.VanillaFactionsExpanded.Core\Textures\UI\Gizmo\RemoveWeeds_Gizmo.png","7565","19DC19D8C5DB8F9A9C6DC19C3E141F13D61CD46A5DDDF27A4A53DA407087E22B"
"VanillaExpanded","OskarPotocki.VanillaFactionsExpanded.Core","Vanilla Expanded Framework","D:\Steam\steamapps\workshop\content\294100\2023507013","Textures\UI\Gizmo\ReplantFlower.png","VanillaExpanded\OskarPotocki.VanillaFactionsExpanded.Core\Textures\UI\Gizmo\ReplantFlower.png","8383","BFE331996FA36C27A9CA0DB4C57609B97885F6B3BBD2CD8BA1B2431EE1DF4458"
"VanillaExpanded","OskarPotocki.VanillaFactionsExpanded.Core","Vanilla Expanded Framework","D:\Steam\steamapps\workshop\content\294100\2023507013","Textures\UI\Gizmo\SetUpOutpost.png","VanillaExpanded\OskarPotocki.VanillaFactionsExpanded.Core\Textures\UI\Gizmo\SetUpOutpost.png","5284","485CCD15EA855F49728C46B914E2C8F5F5D04AE7C1943E7815BC7D5C50731531"
"VanillaExpanded","OskarPotocki.VanillaFactionsExpanded.Core","Vanilla Expanded Framework","D:\Steam\steamapps\workshop\content\294100\2023507013","Textures\UI\Gizmo\Switch.png","VanillaExpanded\OskarPotocki.VanillaFactionsExpanded.Core\Textures\UI\Gizmo\Switch.png","6853","9278D73221FB3F6B8F4D3699A632C4A8874B1D2817338718AECFC05441EBDB1D"
"VanillaExpanded","OskarPotocki.VanillaFactionsExpanded.Core","Vanilla Expanded Framework","D:\Steam\steamapps\workshop\content\294100\2023507013","Textures\UI\IP_Begin.png","VanillaExpanded\OskarPotocki.VanillaFactionsExpanded.Core\Textures\UI\IP_Begin.png","1291","03E27B888609E38087DD8E3FE82852BDB1EFFC76F8B813BEB43F46FB7F9132A8"
"VanillaExpanded","OskarPotocki.VanillaFactionsExpanded.Core","Vanilla Expanded Framework","D:\Steam\steamapps\workshop\content\294100\2023507013","Textures\UI\IP_CancelIngredients.png","VanillaExpanded\OskarPotocki.VanillaFactionsExpanded.Core\Textures\UI\IP_CancelIngredients.png","4137","894837C9F713D79CCE9D86A625AB7A0CA70508229DA7D02E37AA9C3620452B05"
"VanillaExpanded","OskarPotocki.VanillaFactionsExpanded.Core","Vanilla Expanded Framework","D:\Steam\steamapps\workshop\content\294100\2023507013","Textures\UI\IP_ExtractProduct.png","VanillaExpanded\OskarPotocki.VanillaFactionsExpanded.Core\Textures\UI\IP_ExtractProduct.png","3776","AF7B2A9292AA3458114573472E12E37199BF5326EAD7307DBDE4A762E7A08305"
"VanillaExpanded","OskarPotocki.VanillaFactionsExpanded.Core","Vanilla Expanded Framework","D:\Steam\steamapps\workshop\content\294100\2023507013","Textures\UI\IP_IngredientAuto.png","VanillaExpanded\OskarPotocki.VanillaFactionsExpanded.Core\Textures\UI\IP_IngredientAuto.png","11689","17EF2EC04D24C1EA538A924005830369A5114CB99B3753FD1FDBD5840EF111B3"
"VanillaExpanded","OskarPotocki.VanillaFactionsExpanded.Core","Vanilla Expanded Framework","D:\Steam\steamapps\workshop\content\294100\2023507013","Textures\UI\IP_InsertIngredients.png","VanillaExpanded\OskarPotocki.VanillaFactionsExpanded.Core\Textures\UI\IP_InsertIngredients.png","3611","2EF2CFF6B029418DF9D46DE45DE57FE833FF20C9A21836A1868D2A50BED53AED"
"VanillaExpanded","OskarPotocki.VanillaFactionsExpanded.Core","Vanilla Expanded Framework","D:\Steam\steamapps\workshop\content\294100\2023507013","Textures\UI\IP_MachineOff.png","VanillaExpanded\OskarPotocki.VanillaFactionsExpanded.Core\Textures\UI\IP_MachineOff.png","4033","044158141085D8097B202D48D6B8EDDCFDF2C529BD7FA789822F4CE69B9F570D"
"VanillaExpanded","OskarPotocki.VanillaFactionsExpanded.Core","Vanilla Expanded Framework","D:\Steam\steamapps\workshop\content\294100\2023507013","Textures\UI\IP_MachineOn.png","VanillaExpanded\OskarPotocki.VanillaFactionsExpanded.Core\Textures\UI\IP_MachineOn.png","4044","CB7CD85439F08E000C1EF9771C12836C195D51CA2CD2126F00CBEABBD574B4ED"
"VanillaExpanded","OskarPotocki.VanillaFactionsExpanded.Core","Vanilla Expanded Framework","D:\Steam\steamapps\workshop\content\294100\2023507013","Textures\UI\IP_NoIngredient.png","VanillaExpanded\OskarPotocki.VanillaFactionsExpanded.Core\Textures\UI\IP_NoIngredient.png","3045","BD506DA71F9F5043E6240BE05FD4C283853196B497A39967861CC0649B3149FB"
"VanillaExpanded","OskarPotocki.VanillaFactionsExpanded.Core","Vanilla Expanded Framework","D:\Steam\steamapps\workshop\content\294100\2023507013","Textures\UI\IP_SemiautomaticReset.png","VanillaExpanded\OskarPotocki.VanillaFactionsExpanded.Core\Textures\UI\IP_SemiautomaticReset.png","5544","08DF6F7C366BAC87394E5CB7C6858B790CBB227BD69E4E3591429900570DDB47"
"VanillaExpanded","OskarPotocki.VanillaFactionsExpanded.Core","Vanilla Expanded Framework","D:\Steam\steamapps\workshop\content\294100\2023507013","Textures\UI\IP_SetOutput.png","VanillaExpanded\OskarPotocki.VanillaFactionsExpanded.Core\Textures\UI\IP_SetOutput.png","4241","BCF1D674009D8895C094E33028AF0FC3B1917AFCC16D6D3D5B0E9473C92F91F9"
"VanillaExpanded","OskarPotocki.VanillaFactionsExpanded.Core","Vanilla Expanded Framework","D:\Steam\steamapps\workshop\content\294100\2023507013","Textures\UI\Overlays\DoorStateButton.png","VanillaExpanded\OskarPotocki.VanillaFactionsExpanded.Core\Textures\UI\Overlays\DoorStateButton.png","1085","534165BA44778289ECDB73EB2D16426D25B0223A7F1EA5565C21802F0B8AB579"
"VanillaExpanded","OskarPotocki.VanillaFactionsExpanded.Core","Vanilla Expanded Framework","D:\Steam\steamapps\workshop\content\294100\2023507013","Textures\UI\Overlays\DoorStateOverlay_Blue.png","VanillaExpanded\OskarPotocki.VanillaFactionsExpanded.Core\Textures\UI\Overlays\DoorStateOverlay_Blue.png","1119","839927E62CF5B913E5590E0C2E9440F253CCAEAF264D505A1012657E1B2C0473"
"VanillaExpanded","OskarPotocki.VanillaFactionsExpanded.Core","Vanilla Expanded Framework","D:\Steam\steamapps\workshop\content\294100\2023507013","Textures\UI\Overlays\DoorStateOverlay_Green.png","VanillaExpanded\OskarPotocki.VanillaFactionsExpanded.Core\Textures\UI\Overlays\DoorStateOverlay_Green.png","1107","B7817AA79819C66835998E3D29CAC728DA2848A2CD3C6E06206172E54EAE7F2D"
"VanillaExpanded","OskarPotocki.VanillaFactionsExpanded.Core","Vanilla Expanded Framework","D:\Steam\steamapps\workshop\content\294100\2023507013","Textures\UI\Overlays\DoorStateOverlay_Orange.png","VanillaExpanded\OskarPotocki.VanillaFactionsExpanded.Core\Textures\UI\Overlays\DoorStateOverlay_Orange.png","1092","C86762DA4C6CFCAEB1CE7D790D81BF3CB77295143D8D920D36F1E0F89D94B48F"
"VanillaExpanded","OskarPotocki.VanillaFactionsExpanded.Core","Vanilla Expanded Framework","D:\Steam\steamapps\workshop\content\294100\2023507013","Textures\UI\Overlays\DoorStateOverlay_Red.png","VanillaExpanded\OskarPotocki.VanillaFactionsExpanded.Core\Textures\UI\Overlays\DoorStateOverlay_Red.png","1085","534165BA44778289ECDB73EB2D16426D25B0223A7F1EA5565C21802F0B8AB579"
"VanillaExpanded","OskarPotocki.VanillaFactionsExpanded.Core","Vanilla Expanded Framework","D:\Steam\steamapps\workshop\content\294100\2023507013","Textures\UI\Overlays\Drain.png","VanillaExpanded\OskarPotocki.VanillaFactionsExpanded.Core\Textures\UI\Overlays\Drain.png","947","942A5025E6270539092B0BD73D3F753492E011B09CBC42754EF0928785EAA8B8"
"VanillaExpanded","OskarPotocki.VanillaFactionsExpanded.Core","Vanilla Expanded Framework","D:\Steam\steamapps\workshop\content\294100\2023507013","Textures\UI\Overlays\Enable_Overlay.png","VanillaExpanded\OskarPotocki.VanillaFactionsExpanded.Core\Textures\UI\Overlays\Enable_Overlay.png","8844","03E2A8F9ED0E888D7D234F2CB73E2ADE762D166AA4E2FB19DD52BFF3997CAE06"
"VanillaExpanded","OskarPotocki.VanillaFactionsExpanded.Core","Vanilla Expanded Framework","D:\Steam\steamapps\workshop\content\294100\2023507013","Textures\UI\Overlays\FixingWrench.png","VanillaExpanded\OskarPotocki.VanillaFactionsExpanded.Core\Textures\UI\Overlays\FixingWrench.png","1653","18B1C813E09230C7F6508C30248E87C6200FAB7F0F6528FA2AAFD977B70E16CB"
"VanillaExpanded","OskarPotocki.VanillaFactionsExpanded.Core","Vanilla Expanded Framework","D:\Steam\steamapps\workshop\content\294100\2023507013","Textures\UI\Overlays\ForceOpen_Overlay.png","VanillaExpanded\OskarPotocki.VanillaFactionsExpanded.Core\Textures\UI\Overlays\ForceOpen_Overlay.png","5494","06B0708418D834922A597F8DDC896F96CA0F780CEFA3E4EAA27E84F6006DA408"
"VanillaExpanded","OskarPotocki.VanillaFactionsExpanded.Core","Vanilla Expanded Framework","D:\Steam\steamapps\workshop\content\294100\2023507013","Textures\UI\Overlays\IP_InputSlotOverlay.png","VanillaExpanded\OskarPotocki.VanillaFactionsExpanded.Core\Textures\UI\Overlays\IP_InputSlotOverlay.png","995","153A783A61D15A8CA3518D1339E8A22B93D8C0135C1B7716F39DD54150E213B3"
"VanillaExpanded","OskarPotocki.VanillaFactionsExpanded.Core","Vanilla Expanded Framework","D:\Steam\steamapps\workshop\content\294100\2023507013","Textures\UI\Overlays\IP_OutputSlotOverlay.png","VanillaExpanded\OskarPotocki.VanillaFactionsExpanded.Core\Textures\UI\Overlays\IP_OutputSlotOverlay.png","978","8016955A4A3E1FDC98BA7E1FB99A252ABAA8468A488EF1F320EEC01CCC823304"
"VanillaExpanded","OskarPotocki.VanillaFactionsExpanded.Core","Vanilla Expanded Framework","D:\Steam\steamapps\workshop\content\294100\2023507013","Textures\UI\Overlays\RechargingZ.png","VanillaExpanded\OskarPotocki.VanillaFactionsExpanded.Core\Textures\UI\Overlays\RechargingZ.png","1561","AE61D28D21B37D190E1ED4F814BBC341C22FF35617831C070341C65E941D0242"
"VanillaExpanded","OskarPotocki.VanillaFactionsExpanded.Core","Vanilla Expanded Framework","D:\Steam\steamapps\workshop\content\294100\2023507013","Textures\UI\Overlays\Scavenge_Overlay.png","VanillaExpanded\OskarPotocki.VanillaFactionsExpanded.Core\Textures\UI\Overlays\Scavenge_Overlay.png","8570","87F1783ED5876F2BE5E39F0DA2E42911507A3C278CA5C87437E805967568F4F9"
"VanillaExpanded","OskarPotocki.VanillaFactionsExpanded.Core","Vanilla Expanded Framework","D:\Steam\steamapps\workshop\content\294100\2023507013","Textures\UI\Overlays\Study_Overlay.png","VanillaExpanded\OskarPotocki.VanillaFactionsExpanded.Core\Textures\UI\Overlays\Study_Overlay.png","9110","C92F955303DEA02C43AE5956BBAC7AF889F7A4DEB4CD0E1A637F015358AD49DD"
"VanillaExpanded","OskarPotocki.VanillaFactionsExpanded.Core","Vanilla Expanded Framework","D:\Steam\steamapps\workshop\content\294100\2023507013","Textures\UI\Overlays\Weeds\WeedsA.png","VanillaExpanded\OskarPotocki.VanillaFactionsExpanded.Core\Textures\UI\Overlays\Weeds\WeedsA.png","9803","20A99D3BC8D18D94C50FA43F1625625ADB409D6DFF9B6843F28A076E0868A8F0"
"VanillaExpanded","OskarPotocki.VanillaFactionsExpanded.Core","Vanilla Expanded Framework","D:\Steam\steamapps\workshop\content\294100\2023507013","Textures\UI\Overlays\Weeds\WeedsB.png","VanillaExpanded\OskarPotocki.VanillaFactionsExpanded.Core\Textures\UI\Overlays\Weeds\WeedsB.png","10760","909F75C48269797B397DB3B02A4B256F1247783AD176996E5D8AF80C7F2CDA37"
"VanillaExpanded","OskarPotocki.VanillaFactionsExpanded.Core","Vanilla Expanded Framework","D:\Steam\steamapps\workshop\content\294100\2023507013","Textures\UI\Overlays\Weeds\WeedsC.png","VanillaExpanded\OskarPotocki.VanillaFactionsExpanded.Core\Textures\UI\Overlays\Weeds\WeedsC.png","11358","F96210BBF298B44297898E7869B771A42D7091B18AA6FBAAE0CAF5A68CA44561"
"VanillaExpanded","OskarPotocki.VanillaFactionsExpanded.Core","Vanilla Expanded Framework","D:\Steam\steamapps\workshop\content\294100\2023507013","Textures\UI\PS_ExtractNow.png","VanillaExpanded\OskarPotocki.VanillaFactionsExpanded.Core\Textures\UI\PS_ExtractNow.png","9498","44A3F491D0BFD77B591F2F91B425CF80088C9AF8EC9139D24F3A43477CF0B939"
"VanillaExpanded","OskarPotocki.VanillaFactionsExpanded.Core","Vanilla Expanded Framework","D:\Steam\steamapps\workshop\content\294100\2023507013","Textures\UI\PS_Less.png","VanillaExpanded\OskarPotocki.VanillaFactionsExpanded.Core\Textures\UI\PS_Less.png","5926","529197B922F9C6B349FDB0AAD46AEEA79316CB2B98355ABA1E5A0DEB57CF7889"
"VanillaExpanded","OskarPotocki.VanillaFactionsExpanded.Core","Vanilla Expanded Framework","D:\Steam\steamapps\workshop\content\294100\2023507013","Textures\UI\PS_Plus.png","VanillaExpanded\OskarPotocki.VanillaFactionsExpanded.Core\Textures\UI\PS_Plus.png","6785","D0009FDC5E9E6F51D96C5761F86CACCA30B1048B32A529271B895E075D3F60D3"
"VanillaExpanded","OskarPotocki.VanillaFactionsExpanded.Core","Vanilla Expanded Framework","D:\Steam\steamapps\workshop\content\294100\2023507013","Textures\UI\QualitySelectors\IP_QualityAuto.png","VanillaExpanded\OskarPotocki.VanillaFactionsExpanded.Core\Textures\UI\QualitySelectors\IP_QualityAuto.png","11565","5E46FA752FC77C844502D40329FBD9263E40944C09E7E35DDDB24B8F33273D12"
"VanillaExpanded","OskarPotocki.VanillaFactionsExpanded.Core","Vanilla Expanded Framework","D:\Steam\steamapps\workshop\content\294100\2023507013","Textures\UI\QualitySelectors\IP_QualityAwful.png","VanillaExpanded\OskarPotocki.VanillaFactionsExpanded.Core\Textures\UI\QualitySelectors\IP_QualityAwful.png","9759","1361692E56B9B5AFFEA6CC29778DBDC83DCB693D3DFF65D458887AFF4F0101CE"
"VanillaExpanded","OskarPotocki.VanillaFactionsExpanded.Core","Vanilla Expanded Framework","D:\Steam\steamapps\workshop\content\294100\2023507013","Textures\UI\QualitySelectors\IP_QualityCancel.png","VanillaExpanded\OskarPotocki.VanillaFactionsExpanded.Core\Textures\UI\QualitySelectors\IP_QualityCancel.png","5583","8436C3E3700ADE6552A54E01A01CE00EB1E42E73B3722A497331FCB4E9076C11"
"VanillaExpanded","OskarPotocki.VanillaFactionsExpanded.Core","Vanilla Expanded Framework","D:\Steam\steamapps\workshop\content\294100\2023507013","Textures\UI\QualitySelectors\IP_QualityExcellent.png","VanillaExpanded\OskarPotocki.VanillaFactionsExpanded.Core\Textures\UI\QualitySelectors\IP_QualityExcellent.png","9458","D60CEDB3A181CB6347095462D43A4BDBF7472D5746A40A0E5E869EEBB0CCE732"
"VanillaExpanded","OskarPotocki.VanillaFactionsExpanded.Core","Vanilla Expanded Framework","D:\Steam\steamapps\workshop\content\294100\2023507013","Textures\UI\QualitySelectors\IP_QualityGood.png","VanillaExpanded\OskarPotocki.VanillaFactionsExpanded.Core\Textures\UI\QualitySelectors\IP_QualityGood.png","9774","B9CFEF3882264E4C6DE1E0D1B4AF997D5C20E9374E85990BFBC5EC11A9B2CEDF"
"VanillaExpanded","OskarPotocki.VanillaFactionsExpanded.Core","Vanilla Expanded Framework","D:\Steam\steamapps\workshop\content\294100\2023507013","Textures\UI\QualitySelectors\IP_QualityLegendary.png","VanillaExpanded\OskarPotocki.VanillaFactionsExpanded.Core\Textures\UI\QualitySelectors\IP_QualityLegendary.png","8313","07B4197F4EA8D19FE915B865BED10F3A3AF324360F28EB9F8D0E1E8BFEDFA952"
"VanillaExpanded","OskarPotocki.VanillaFactionsExpanded.Core","Vanilla Expanded Framework","D:\Steam\steamapps\workshop\content\294100\2023507013","Textures\UI\QualitySelectors\IP_QualityMasterwork.png","VanillaExpanded\OskarPotocki.VanillaFactionsExpanded.Core\Textures\UI\QualitySelectors\IP_QualityMasterwork.png","8979","A58C7B1D7E90331BAD0428961B4C7626EF800E10E1B8FD0202918F1109FF4876"
"VanillaExpanded","OskarPotocki.VanillaFactionsExpanded.Core","Vanilla Expanded Framework","D:\Steam\steamapps\workshop\content\294100\2023507013","Textures\UI\QualitySelectors\IP_QualityNormal.png","VanillaExpanded\OskarPotocki.VanillaFactionsExpanded.Core\Textures\UI\QualitySelectors\IP_QualityNormal.png","9804","70DBBBDA74FAA2E86A883D397A99DAAF42EFF86A4C76C361A1587160C1749747"
"VanillaExpanded","OskarPotocki.VanillaFactionsExpanded.Core","Vanilla Expanded Framework","D:\Steam\steamapps\workshop\content\294100\2023507013","Textures\UI\QualitySelectors\IP_QualityPoor.png","VanillaExpanded\OskarPotocki.VanillaFactionsExpanded.Core\Textures\UI\QualitySelectors\IP_QualityPoor.png","9791","2F1F4F1069D3DDADDE142D2108E4C06E6533E7D3949897015994E23C7116FE05"
"VanillaExpanded","OskarPotocki.VanillaFactionsExpanded.Core","Vanilla Expanded Framework","D:\Steam\steamapps\workshop\content\294100\2023507013","Textures\UI\QualitySelectors\PS_QualitySelect.png","VanillaExpanded\OskarPotocki.VanillaFactionsExpanded.Core\Textures\UI\QualitySelectors\PS_QualitySelect.png","1715","13E1D8022B2216296112B018BD3962223B8F4818F0EF8DD8D6E1E770F06E56B2"
"VanillaExpanded","OskarPotocki.VanillaFactionsExpanded.Core","Vanilla Expanded Framework","D:\Steam\steamapps\workshop\content\294100\2023507013","Textures\UI\QuestChainIcon.png","VanillaExpanded\OskarPotocki.VanillaFactionsExpanded.Core\Textures\UI\QuestChainIcon.png","2787","D48272660F02AE748D65F7C1AA8B968C78C012DB4024D73EA440138913C2007F"
"VanillaExpanded","OskarPotocki.VanillaFactionsExpanded.Core","Vanilla Expanded Framework","D:\Steam\steamapps\workshop\content\294100\2023507013","Textures\UI\SelectZone.png","VanillaExpanded\OskarPotocki.VanillaFactionsExpanded.Core\Textures\UI\SelectZone.png","696","2549F78E55F713AB1E2213374BA32F9B4388367E33447E67CA342D591E146569"
"VanillaExpanded","OskarPotocki.VanillaFactionsExpanded.Core","Vanilla Expanded Framework","D:\Steam\steamapps\workshop\content\294100\2023507013","Textures\UI\ToggleIcon.png","VanillaExpanded\OskarPotocki.VanillaFactionsExpanded.Core\Textures\UI\ToggleIcon.png","4395","D650DCA0CABA2200258D3CF570063734191137F44CF562FD489B3505E9CAFD0D"
"VanillaExpanded","OskarPotocki.VanillaFactionsExpanded.Core","Vanilla Expanded Framework","D:\Steam\steamapps\workshop\content\294100\2023507013","Textures\UI\TransferStorageContent.png","VanillaExpanded\OskarPotocki.VanillaFactionsExpanded.Core\Textures\UI\TransferStorageContent.png","2206","CE6D2B2DF4D5B0F50691E8B141D43346A88F5BD3D3505BA5FE70C99F974D78EA"
"VanillaExpanded","OskarPotocki.VanillaFactionsExpanded.Core","Vanilla Expanded Framework","D:\Steam\steamapps\workshop\content\294100\2023507013","Textures\UI\VEF_ChangeGraphic.png","VanillaExpanded\OskarPotocki.VanillaFactionsExpanded.Core\Textures\UI\VEF_ChangeGraphic.png","4627","8577286294EC4A34449F76C302730AB9FEA01D816A195029F1C95C66BA9C87C7"
"VanillaExpanded","OskarPotocki.VanillaFactionsExpanded.Core","Vanilla Expanded Framework","D:\Steam\steamapps\workshop\content\294100\2023507013","Textures\UI\VEF_ChooseGraphic.png","VanillaExpanded\OskarPotocki.VanillaFactionsExpanded.Core\Textures\UI\VEF_ChooseGraphic.png","5988","1547819E65C5053A7D8BD1A81C469F17900BF4D40190BAE8259A4D1376BF2ED9"
"VanillaExpanded","OskarPotocki.VanillaFactionsExpanded.Core","Vanilla Expanded Framework","D:\Steam\steamapps\workshop\content\294100\2023507013","Textures\UI\VELogo.png","VanillaExpanded\OskarPotocki.VanillaFactionsExpanded.Core\Textures\UI\VELogo.png","3986","1DE032A3CDB58DAABA3654C9188680D41C3E69992BF6F50250BE2CD31B155ED6"
"VanillaExpanded","OskarPotocki.VanillaFactionsExpanded.Core","Vanilla Expanded Framework","D:\Steam\steamapps\workshop\content\294100\2023507013","Textures\UI\Widgets\Note.png","VanillaExpanded\OskarPotocki.VanillaFactionsExpanded.Core\Textures\UI\Widgets\Note.png","13561","05A86C7802E0FFC32CE46CB4351D5A1086CB2106C7F5FE3CDBD9AF0A3FA36B30"
"VanillaExpanded","OskarPotocki.VanillaFactionsExpanded.Core","Vanilla Expanded Framework","D:\Steam\steamapps\workshop\content\294100\2023507013","Textures\UI\Widgets\RandomizeIcon.png","VanillaExpanded\OskarPotocki.VanillaFactionsExpanded.Core\Textures\UI\Widgets\RandomizeIcon.png","755","1E43DEEC43AD53A7E5D5CAA8B7F4B33995467DA64FF94EB64E21373E29316174"
"VanillaExpanded","OskarPotocki.VanillaFactionsExpanded.Core","Vanilla Expanded Framework","D:\Steam\steamapps\workshop\content\294100\2023507013","Textures\UI\Widgets\VFELogo.png","VanillaExpanded\OskarPotocki.VanillaFactionsExpanded.Core\Textures\UI\Widgets\VFELogo.png","2485","BA32C8FC1D37917FFACA0A9D128536E7B394BAB3D1EF749840AE7A4FD587B2F5"
"VanillaExpanded","OskarPotocki.VanillaFactionsExpanded.SettlersModule","Vanilla Factions Expanded - Settlers","D:\Steam\steamapps\workshop\content\294100\2052918119","Textures\UI\ChemfuelCancel.png","VanillaExpanded\OskarPotocki.VanillaFactionsExpanded.SettlersModule\Textures\UI\ChemfuelCancel.png","23009","ECB11C423DB1A5E27646649F3609ACF2BF6C07D0CBA582D89A06888294A2EF60"
"VanillaExpanded","OskarPotocki.VanillaFactionsExpanded.SettlersModule","Vanilla Factions Expanded - Settlers","D:\Steam\steamapps\workshop\content\294100\2052918119","Textures\UI\ChemfuelEmpty.png","VanillaExpanded\OskarPotocki.VanillaFactionsExpanded.SettlersModule\Textures\UI\ChemfuelEmpty.png","20522","4DF7498CB42ADC7B560893E75C7B2C8E72224CF8349AC900509A27323CDF8623"
"VanillaExpanded","OskarPotocki.VanillaFactionsExpanded.SettlersModule","Vanilla Factions Expanded - Settlers","D:\Steam\steamapps\workshop\content\294100\2052918119","Textures\UI\ChemfuelInsert.png","VanillaExpanded\OskarPotocki.VanillaFactionsExpanded.SettlersModule\Textures\UI\ChemfuelInsert.png","21622","070291ADBAE868CA03E0400F828C7851FA82E277975EF458E91E8CC2BFEE1D8D"
"VanillaExpanded","OskarPotocki.VanillaFactionsExpanded.SettlersModule","Vanilla Factions Expanded - Settlers","D:\Steam\steamapps\workshop\content\294100\2052918119","Textures\UI\ChemfuelReset.png","VanillaExpanded\OskarPotocki.VanillaFactionsExpanded.SettlersModule\Textures\UI\ChemfuelReset.png","26970","233E41B9562D567B50878A457C7043DF71C6A83749FDB7370D384AE18A4709F9"
"VanillaExpanded","OskarPotocki.VanillaFactionsExpanded.SettlersModule","Vanilla Factions Expanded - Settlers","D:\Steam\steamapps\workshop\content\294100\2052918119","Textures\UI\HeroArt\StoryTellers\DiegoDire.png","VanillaExpanded\OskarPotocki.VanillaFactionsExpanded.SettlersModule\Textures\UI\HeroArt\StoryTellers\DiegoDire.png","253956","DC3EDDB882FB4E2B1935C0E4C34E9677EC4698279B47FB6BF362AFD92B1B7EC1"
"VanillaExpanded","OskarPotocki.VanillaFactionsExpanded.SettlersModule","Vanilla Factions Expanded - Settlers","D:\Steam\steamapps\workshop\content\294100\2052918119","Textures\UI\HeroArt\StoryTellers\DiegoDireTiny.png","VanillaExpanded\OskarPotocki.VanillaFactionsExpanded.SettlersModule\Textures\UI\HeroArt\StoryTellers\DiegoDireTiny.png","29234","CCF0EF4F08753D287BC40F17D0BA542C13AB14311C77CA241F7D4397257E1F06"
"VanillaExpanded","OskarPotocki.VanillaFactionsExpanded.SettlersModule","Vanilla Factions Expanded - Settlers","D:\Steam\steamapps\workshop\content\294100\2052918119","Textures\UI\RemoveChemsine.png","VanillaExpanded\OskarPotocki.VanillaFactionsExpanded.SettlersModule\Textures\UI\RemoveChemsine.png","17131","E2E575F8B5C61D0C8563E510CB069DEA7593D6011FF2EAB1D7B48099F769CBA4"
"VanillaExpanded","OskarPotocki.VanillaVehiclesExpanded","Vanilla Vehicles Expanded","D:\Steam\steamapps\workshop\content\294100\3014906877","Textures\UI\ActivateBlindsmokePop.png","VanillaExpanded\OskarPotocki.VanillaVehiclesExpanded\Textures\UI\ActivateBlindsmokePop.png","9467","6DA02760EF70E2555ADF3C90A43FA4FC71B5DE34B1613B92AED46AE7E138F73C"
"VanillaExpanded","OskarPotocki.VanillaVehiclesExpanded","Vanilla Vehicles Expanded","D:\Steam\steamapps\workshop\content\294100\3014906877","Textures\UI\HonkHorn.png","VanillaExpanded\OskarPotocki.VanillaVehiclesExpanded\Textures\UI\HonkHorn.png","22304","453B169551DFC72AEEC9CCCB5F0115DF7233D9FC03B2734F7EBD0ED369CAA9DD"
"VanillaExpanded","OskarPotocki.VanillaVehiclesExpanded","Vanilla Vehicles Expanded","D:\Steam\steamapps\workshop\content\294100\3014906877","Textures\UI\Icons\ThingCategories\CarParts.png","VanillaExpanded\OskarPotocki.VanillaVehiclesExpanded\Textures\UI\Icons\ThingCategories\CarParts.png","3398","C6E5DE9B804D533F65238D5C5AF8AAEEEA5738DBBEBA545B9A5FFFF594FF9EF5"
"VanillaExpanded","OskarPotocki.VanillaVehiclesExpanded","Vanilla Vehicles Expanded","D:\Steam\steamapps\workshop\content\294100\3014906877","Textures\UI\Issues\VVE_Acceleration.png","VanillaExpanded\OskarPotocki.VanillaVehiclesExpanded\Textures\UI\Issues\VVE_Acceleration.png","2739","AD6F8F65F6E5DB00E3840DD585EEC8AB98F39B1C48F30192D6097C17D96C0605"
"VanillaExpanded","OskarPotocki.VanillaVehiclesExpanded","Vanilla Vehicles Expanded","D:\Steam\steamapps\workshop\content\294100\3014906877","Textures\UI\Issues\VVE_Driving.png","VanillaExpanded\OskarPotocki.VanillaVehiclesExpanded\Textures\UI\Issues\VVE_Driving.png","1587","18B4AA08CD7581105E2034602683B04F8E5459242E22D58EC3EED432663F16B9"
"VanillaExpanded","OskarPotocki.VanillaVehiclesExpanded","Vanilla Vehicles Expanded","D:\Steam\steamapps\workshop\content\294100\3014906877","Textures\UI\Issues\VVE_Flying.png","VanillaExpanded\OskarPotocki.VanillaVehiclesExpanded\Textures\UI\Issues\VVE_Flying.png","2285","D7AD6985B44A97D6E48DF98C74D095C588BC945982187B024C2FC9CE69330395"
"VanillaExpanded","OskarPotocki.VanillaVehiclesExpanded","Vanilla Vehicles Expanded","D:\Steam\steamapps\workshop\content\294100\3014906877","Textures\UI\Issues\VVE_FuelEfficiency.png","VanillaExpanded\OskarPotocki.VanillaVehiclesExpanded\Textures\UI\Issues\VVE_FuelEfficiency.png","1847","FD04A54CBDA6B157061E151A9D4281D087F34FBB8BA4998B14276E07D46C8600"
"VanillaExpanded","OskarPotocki.VanillaVehiclesExpanded","Vanilla Vehicles Expanded","D:\Steam\steamapps\workshop\content\294100\3014906877","Textures\UI\Issues\VVE_ImpactDamage.png","VanillaExpanded\OskarPotocki.VanillaVehiclesExpanded\Textures\UI\Issues\VVE_ImpactDamage.png","3665","72BA3B7E7C1CF6D383FBDF8FDD7DA793A16686BD846A6FF9DE79BF9DB03EEFD7"
"VanillaExpanded","OskarPotocki.VanillaVehiclesExpanded","Vanilla Vehicles Expanded","D:\Steam\steamapps\workshop\content\294100\3014906877","Textures\UI\Issues\VVE_MaxSpeed.png","VanillaExpanded\OskarPotocki.VanillaVehiclesExpanded\Textures\UI\Issues\VVE_MaxSpeed.png","3229","DA8A0A34587526C70325883344BC5949CBB0CCD90F0E4419593DDE6B6138B717"
"VanillaExpanded","OskarPotocki.VanillaVehiclesExpanded","Vanilla Vehicles Expanded","D:\Steam\steamapps\workshop\content\294100\3014906877","Textures\UI\Issues\VVE_Sailing.png","VanillaExpanded\OskarPotocki.VanillaVehiclesExpanded\Textures\UI\Issues\VVE_Sailing.png","1626","A576D1FF5006EEDC9F02A8FF2A96BE848786CB1BBD4D05A209D7EEEC94EF390C"
"VanillaExpanded","OskarPotocki.VanillaVehiclesExpanded","Vanilla Vehicles Expanded","D:\Steam\steamapps\workshop\content\294100\3014906877","Textures\UI\Issues\VVE_VehicleRepairs.png","VanillaExpanded\OskarPotocki.VanillaVehiclesExpanded\Textures\UI\Issues\VVE_VehicleRepairs.png","2923","CFB21BFAB625D1DF3B490D0AC0ACE3AD663E52794068938D9D01C54F6DE7BB30"
"VanillaExpanded","OskarPotocki.VanillaVehiclesExpanded","Vanilla Vehicles Expanded","D:\Steam\steamapps\workshop\content\294100\3014906877","Textures\UI\Memes\VVE_Nauticals.png","VanillaExpanded\OskarPotocki.VanillaVehiclesExpanded\Textures\UI\Memes\VVE_Nauticals.png","7316","F7B3C56CE00A152AFB4036445E16F99112B0E3FA3761F9E439A723FFA0ECC9B6"
"VanillaExpanded","OskarPotocki.VanillaVehiclesExpanded","Vanilla Vehicles Expanded","D:\Steam\steamapps\workshop\content\294100\3014906877","Textures\UI\Memes\VVE_Roadragers.png","VanillaExpanded\OskarPotocki.VanillaVehiclesExpanded\Textures\UI\Memes\VVE_Roadragers.png","8468","345DBF8A5DC2EAEA8E816935F787454364D1148B71876A9F32B8551E1C59693A"
"VanillaExpanded","OskarPotocki.VanillaVehiclesExpanded","Vanilla Vehicles Expanded","D:\Steam\steamapps\workshop\content\294100\3014906877","Textures\UI\Memes\VVE_Skyseekers.png","VanillaExpanded\OskarPotocki.VanillaVehiclesExpanded\Textures\UI\Memes\VVE_Skyseekers.png","9135","F109767026D51125BB2CA7B2462BD5F2B50091650EF9B090553B5112AED548F0"
"VanillaExpanded","OskarPotocki.VanillaVehiclesExpanded","Vanilla Vehicles Expanded","D:\Steam\steamapps\workshop\content\294100\3014906877","Textures\UI\Memes\VVE_Travelers.png","VanillaExpanded\OskarPotocki.VanillaVehiclesExpanded\Textures\UI\Memes\VVE_Travelers.png","7244","8B0AC03B6F3EC148758A01F304F160EDBB108F489E122942FA4195EF285D2919"
"VanillaExpanded","OskarPotocki.VanillaVehiclesExpanded","Vanilla Vehicles Expanded","D:\Steam\steamapps\workshop\content\294100\3014906877","Textures\UI\RestoreWreck.png","VanillaExpanded\OskarPotocki.VanillaVehiclesExpanded\Textures\UI\RestoreWreck.png","11222","D939F72D3E4E06AEA93F92F7D88B3A89590A91B73E3DD2777EF35C081C86C70D"
"VanillaExpanded","OskarPotocki.VanillaVehiclesExpandedTier3","Vanilla Vehicles Expanded - Tier 3","D:\Steam\steamapps\workshop\content\294100\3047892432","Textures\Things\Vehicles\Tier3\Tier3_Artillery\Tier3_Artillery_Gizmo.png","VanillaExpanded\OskarPotocki.VanillaVehiclesExpandedTier3\Textures\Things\Vehicles\Tier3\Tier3_Artillery\Tier3_Artillery_Gizmo.png","3684","006FF418A718C52ED42D9349F103DAD1A0D3D26CF03BD39B59C9EE0DA7F5C1D7"
"VanillaExpanded","OskarPotocki.VanillaVehiclesExpandedTier3","Vanilla Vehicles Expanded - Tier 3","D:\Steam\steamapps\workshop\content\294100\3047892432","Textures\UI\HermanoRefrigeration.png","VanillaExpanded\OskarPotocki.VanillaVehiclesExpandedTier3\Textures\UI\HermanoRefrigeration.png","8126","53B2EFD405AA8CFBED85B4C33F185D14064533F5F809EACA5D211E4D3F1BBBA3"
"VanillaExpanded","OskarPotocki.VFE.Deserters","Vanilla Factions Expanded - Deserters","D:\Steam\steamapps\workshop\content\294100\3025493377","Textures\Overlays\AerodroneStrikeTarget.png","VanillaExpanded\OskarPotocki.VFE.Deserters\Textures\Overlays\AerodroneStrikeTarget.png","12325","FF0A520275FC7F13E97C71FC0763BEAF9F0E3661ECBC048F2A96F1C1F2D5E39F"
"VanillaExpanded","OskarPotocki.VFE.Deserters","Vanilla Factions Expanded - Deserters","D:\Steam\steamapps\workshop\content\294100\3025493377","Textures\Overlays\NoAmmo_Autocannon.png","VanillaExpanded\OskarPotocki.VFE.Deserters\Textures\Overlays\NoAmmo_Autocannon.png","3156","040758C21957B19C7F6A1D56208371E8B02A4AC69B3E19F28169140E740126AA"
"VanillaExpanded","OskarPotocki.VFE.Deserters","Vanilla Factions Expanded - Deserters","D:\Steam\steamapps\workshop\content\294100\3025493377","Textures\Overlays\NoAmmo_Missile.png","VanillaExpanded\OskarPotocki.VFE.Deserters\Textures\Overlays\NoAmmo_Missile.png","3509","DFE8E53CA4865E46D5DCE203E5AD331D0B5CAC26DA76BE4A0856B1BDD32A3052"
"VanillaExpanded","OskarPotocki.VFE.Deserters","Vanilla Factions Expanded - Deserters","D:\Steam\steamapps\workshop\content\294100\3025493377","Textures\Overlays\NoAmmo_UraniumSlug.png","VanillaExpanded\OskarPotocki.VFE.Deserters\Textures\Overlays\NoAmmo_UraniumSlug.png","2654","3F0E4B5261CF189FD34F66F72BD5B850F8F0C4FEE19E26401527570701F38AE2"
"VanillaExpanded","OskarPotocki.VFE.Deserters","Vanilla Factions Expanded - Deserters","D:\Steam\steamapps\workshop\content\294100\3025493377","Textures\UI\BombPack_Detonate.png","VanillaExpanded\OskarPotocki.VFE.Deserters\Textures\UI\BombPack_Detonate.png","8171","E42539C04ED1DF34D3A35AD3A10944FBC5B906B4BC07D14D5D3C8663889EF7FA"
"VanillaExpanded","OskarPotocki.VFE.Deserters","Vanilla Factions Expanded - Deserters","D:\Steam\steamapps\workshop\content\294100\3025493377","Textures\UI\ChargeBlasterMode_ChargedShot.png","VanillaExpanded\OskarPotocki.VFE.Deserters\Textures\UI\ChargeBlasterMode_ChargedShot.png","7503","DA3F962D69F0711550CC4A3B69F2DB1FF06DE6DF5FBD8D5295F564064FB34040"
"VanillaExpanded","OskarPotocki.VFE.Deserters","Vanilla Factions Expanded - Deserters","D:\Steam\steamapps\workshop\content\294100\3025493377","Textures\UI\ChargeBlasterMode_ThumpShot.png","VanillaExpanded\OskarPotocki.VFE.Deserters\Textures\UI\ChargeBlasterMode_ThumpShot.png","6547","54F4F38CB5EEF569AF7EAA13BAF394E4F134BE2FA19A6CD19C7DE8F025FB6519"
"VanillaExpanded","OskarPotocki.VFE.Deserters","Vanilla Factions Expanded - Deserters","D:\Steam\steamapps\workshop\content\294100\3025493377","Textures\UI\EnableInvisibility.png","VanillaExpanded\OskarPotocki.VFE.Deserters\Textures\UI\EnableInvisibility.png","3500","120E7567D06B4D95C90F6DA4F9C767012CA2FD11E59B596374BE7F74502E2D16"
"VanillaExpanded","OskarPotocki.VFE.Deserters","Vanilla Factions Expanded - Deserters","D:\Steam\steamapps\workshop\content\294100\3025493377","Textures\UI\IconCombat_1.png","VanillaExpanded\OskarPotocki.VFE.Deserters\Textures\UI\IconCombat_1.png","2929","D2A8226874C707BF027529F1BE09E55CCF904A405D22CDF8E5259EFFC50580E3"
"VanillaExpanded","OskarPotocki.VFE.Deserters","Vanilla Factions Expanded - Deserters","D:\Steam\steamapps\workshop\content\294100\3025493377","Textures\UI\IconCombat_2.png","VanillaExpanded\OskarPotocki.VFE.Deserters\Textures\UI\IconCombat_2.png","2747","49CFF5D6D2AF86B3623D7E646736555A44E93AA95294DFC3137EDF80C55BD5F1"
"VanillaExpanded","OskarPotocki.VFE.Deserters","Vanilla Factions Expanded - Deserters","D:\Steam\steamapps\workshop\content\294100\3025493377","Textures\UI\IconCombat_3.png","VanillaExpanded\OskarPotocki.VFE.Deserters\Textures\UI\IconCombat_3.png","2736","DD4260A02BB9420D168BCF491B87CBD3A4BB6AFA1D565674D39D797A3EFD9997"
"VanillaExpanded","OskarPotocki.VFE.Deserters","Vanilla Factions Expanded - Deserters","D:\Steam\steamapps\workshop\content\294100\3025493377","Textures\UI\IconVisibility_1.png","VanillaExpanded\OskarPotocki.VFE.Deserters\Textures\UI\IconVisibility_1.png","1805","CC97E23C79E8A254BC0F8ADA1E0A2D4F4909FB4703FA21E45321CF6A1C26EF37"
"VanillaExpanded","OskarPotocki.VFE.Deserters","Vanilla Factions Expanded - Deserters","D:\Steam\steamapps\workshop\content\294100\3025493377","Textures\UI\IconVisibility_2.png","VanillaExpanded\OskarPotocki.VFE.Deserters\Textures\UI\IconVisibility_2.png","1731","AFDCC5E7F945B2BEE7D4F750151902D2D213B8523C53BB9D9CD0E29BECB949E1"
"VanillaExpanded","OskarPotocki.VFE.Deserters","Vanilla Factions Expanded - Deserters","D:\Steam\steamapps\workshop\content\294100\3025493377","Textures\UI\IconVisibility_3.png","VanillaExpanded\OskarPotocki.VFE.Deserters\Textures\UI\IconVisibility_3.png","1733","0FE7E4D1F073B417C3DE318C549436CBC79C97283E2A485252F980AF30B763A1"
"VanillaExpanded","OskarPotocki.VFE.Deserters","Vanilla Factions Expanded - Deserters","D:\Steam\steamapps\workshop\content\294100\3025493377","Textures\UI\IconVisibility_4.png","VanillaExpanded\OskarPotocki.VFE.Deserters\Textures\UI\IconVisibility_4.png","1737","50AFAC1601640A605786C6F5CA9848484B9403A25E00286AA76AB8CABE732C23"
"VanillaExpanded","OskarPotocki.VFE.Deserters","Vanilla Factions Expanded - Deserters","D:\Steam\steamapps\workshop\content\294100\3025493377","Textures\UI\IconVisibility_5.png","VanillaExpanded\OskarPotocki.VFE.Deserters\Textures\UI\IconVisibility_5.png","1737","AF42A2B82861E851C5A91D803FB760996445256A94C490C570FB37B3AE22F504"
"VanillaExpanded","OskarPotocki.VFE.Deserters","Vanilla Factions Expanded - Deserters","D:\Steam\steamapps\workshop\content\294100\3025493377","Textures\UI\IconVisibility_6.png","VanillaExpanded\OskarPotocki.VFE.Deserters\Textures\UI\IconVisibility_6.png","2671","CAB4220986A0F67933135A61AC776ECB415F885BA267175DBEEECC52122F0E4A"
"VanillaExpanded","OskarPotocki.VFE.Deserters","Vanilla Factions Expanded - Deserters","D:\Steam\steamapps\workshop\content\294100\3025493377","Textures\UI\IntelScraper_TurnOff.png","VanillaExpanded\OskarPotocki.VFE.Deserters\Textures\UI\IntelScraper_TurnOff.png","7355","E118D32DDFD83CA2D088D04894C41A461A9BC261F5D85C6094C64DF005B80717"
"VanillaExpanded","OskarPotocki.VFE.Deserters","Vanilla Factions Expanded - Deserters","D:\Steam\steamapps\workshop\content\294100\3025493377","Textures\UI\IntelScraper_TurnOn.png","VanillaExpanded\OskarPotocki.VFE.Deserters\Textures\UI\IntelScraper_TurnOn.png","7557","8C7F98884B8F078CEC190638D0E6BD09238B75A3328012B245381CD12AECAEDD"
"VanillaExpanded","OskarPotocki.VFE.Deserters","Vanilla Factions Expanded - Deserters","D:\Steam\steamapps\workshop\content\294100\3025493377","Textures\UI\Plot_Completed.png","VanillaExpanded\OskarPotocki.VFE.Deserters\Textures\UI\Plot_Completed.png","1065","1D8F0AA9250A80E426ED7AAC52E97884475884F0E76EE92FF9370F9C79FF72AA"
"VanillaExpanded","OskarPotocki.VFE.Empire","Vanilla Factions Expanded - Empire","D:\Steam\steamapps\workshop\content\294100\2938820380","Textures\UI\BestowAcolyte.png","VanillaExpanded\OskarPotocki.VFE.Empire\Textures\UI\BestowAcolyte.png","8352","AB10B90C268652F6A3C5821747C1C397A20970E04944583A077DCCD0441170AA"
"VanillaExpanded","OskarPotocki.VFE.Empire","Vanilla Factions Expanded - Empire","D:\Steam\steamapps\workshop\content\294100\2938820380","Textures\UI\BestowBaron.png","VanillaExpanded\OskarPotocki.VFE.Empire\Textures\UI\BestowBaron.png","8605","6F694AD87CFB98AF605A28232F0F50DF0B88784676AE96E179D00FF52A0AD53E"
"VanillaExpanded","OskarPotocki.VFE.Empire","Vanilla Factions Expanded - Empire","D:\Steam\steamapps\workshop\content\294100\2938820380","Textures\UI\BestowCount.png","VanillaExpanded\OskarPotocki.VFE.Empire\Textures\UI\BestowCount.png","9076","2F7ED73791EE21823F5713D97A82D16524970EBF9A41695EE8EE8144D3EDDD40"
"VanillaExpanded","OskarPotocki.VFE.Empire","Vanilla Factions Expanded - Empire","D:\Steam\steamapps\workshop\content\294100\2938820380","Textures\UI\BestowFreeholder.png","VanillaExpanded\OskarPotocki.VFE.Empire\Textures\UI\BestowFreeholder.png","8036","DEC0B87CB697F9726BE9F059CEF666C653A61AA550B3CA7FE61A6A17E6FDDA90"
"VanillaExpanded","OskarPotocki.VFE.Empire","Vanilla Factions Expanded - Empire","D:\Steam\steamapps\workshop\content\294100\2938820380","Textures\UI\BestowHonor.png","VanillaExpanded\OskarPotocki.VFE.Empire\Textures\UI\BestowHonor.png","10687","49AFF1A962DCD5E061BB8A5C9B76154687B580D5D4542A655972870F09CA2DDD"
"VanillaExpanded","OskarPotocki.VFE.Empire","Vanilla Factions Expanded - Empire","D:\Steam\steamapps\workshop\content\294100\2938820380","Textures\UI\BestowKnight.png","VanillaExpanded\OskarPotocki.VFE.Empire\Textures\UI\BestowKnight.png","8697","7839975EF71E1CB9E7B86F6D3CC085CECC17E124EC8EEF4C315ACB99BC9A0925"
"VanillaExpanded","OskarPotocki.VFE.Empire","Vanilla Factions Expanded - Empire","D:\Steam\steamapps\workshop\content\294100\2938820380","Textures\UI\BestowPraetor.png","VanillaExpanded\OskarPotocki.VFE.Empire\Textures\UI\BestowPraetor.png","9238","C523D7A0FB7351F0F76A28532F7FC77B69913E45BDB1BC5D91C94399C4A72A05"
"VanillaExpanded","OskarPotocki.VFE.Empire","Vanilla Factions Expanded - Empire","D:\Steam\steamapps\workshop\content\294100\2938820380","Textures\UI\BestowYeoman.png","VanillaExpanded\OskarPotocki.VFE.Empire\Textures\UI\BestowYeoman.png","8791","F5040DAC4AD8293C8D48DCAB22BF2617F3A992D01498FE6D8F8ACE7235740B12"
"VanillaExpanded","OskarPotocki.VFE.Empire","Vanilla Factions Expanded - Empire","D:\Steam\steamapps\workshop\content\294100\2938820380","Textures\UI\Deserters.png","VanillaExpanded\OskarPotocki.VFE.Empire\Textures\UI\Deserters.png","2285","F66A1295D74B9FF0BB254C60FE78C0F097DF8EE8D40BAE8ECB14664FA04D84B9"
"VanillaExpanded","OskarPotocki.VFE.Empire","Vanilla Factions Expanded - Empire","D:\Steam\steamapps\workshop\content\294100\2938820380","Textures\UI\GreyTitleIcons\RoyalTitleIcon_Acolyte.png","VanillaExpanded\OskarPotocki.VFE.Empire\Textures\UI\GreyTitleIcons\RoyalTitleIcon_Acolyte.png","919","72B288B82C1BE27BBA5DB2D3A8ED8D794E76A948A58CF440D992DE35B2739BA3"
"VanillaExpanded","OskarPotocki.VFE.Empire","Vanilla Factions Expanded - Empire","D:\Steam\steamapps\workshop\content\294100\2938820380","Textures\UI\GreyTitleIcons\RoyalTitleIcon_Archcount.png","VanillaExpanded\OskarPotocki.VFE.Empire\Textures\UI\GreyTitleIcons\RoyalTitleIcon_Archcount.png","1952","E8133AAA5AE9EAA87CB25F34C92DBA31D6DDC15D6DEB2A91E2938DB47595EBBD"
"VanillaExpanded","OskarPotocki.VFE.Empire","Vanilla Factions Expanded - Empire","D:\Steam\steamapps\workshop\content\294100\2938820380","Textures\UI\GreyTitleIcons\RoyalTitleIcon_Archduke.png","VanillaExpanded\OskarPotocki.VFE.Empire\Textures\UI\GreyTitleIcons\RoyalTitleIcon_Archduke.png","3141","C9DC3E61D31696539ECECF6CBA3A837A2F96E0B76AFBBD817BC61BB16570398E"
"VanillaExpanded","OskarPotocki.VFE.Empire","Vanilla Factions Expanded - Empire","D:\Steam\steamapps\workshop\content\294100\2938820380","Textures\UI\GreyTitleIcons\RoyalTitleIcon_Baron.png","VanillaExpanded\OskarPotocki.VFE.Empire\Textures\UI\GreyTitleIcons\RoyalTitleIcon_Baron.png","1723","437FA51AED2A8BA0C39B47D9645DB7FE530A4AE2A774081BF021108852BF6132"
"VanillaExpanded","OskarPotocki.VFE.Empire","Vanilla Factions Expanded - Empire","D:\Steam\steamapps\workshop\content\294100\2938820380","Textures\UI\GreyTitleIcons\RoyalTitleIcon_Consul.png","VanillaExpanded\OskarPotocki.VFE.Empire\Textures\UI\GreyTitleIcons\RoyalTitleIcon_Consul.png","2528","6B79E0E48AFDAF7706243879265F577539CE46FCDE605AC35B2A028EA079C382"
"VanillaExpanded","OskarPotocki.VFE.Empire","Vanilla Factions Expanded - Empire","D:\Steam\steamapps\workshop\content\294100\2938820380","Textures\UI\GreyTitleIcons\RoyalTitleIcon_Count.png","VanillaExpanded\OskarPotocki.VFE.Empire\Textures\UI\GreyTitleIcons\RoyalTitleIcon_Count.png","1842","03C543EC62E172136E1F8E1664F4739D57D16815A829A20A952DF58C6E6B30F5"
"VanillaExpanded","OskarPotocki.VFE.Empire","Vanilla Factions Expanded - Empire","D:\Steam\steamapps\workshop\content\294100\2938820380","Textures\UI\GreyTitleIcons\RoyalTitleIcon_Despot.png","VanillaExpanded\OskarPotocki.VFE.Empire\Textures\UI\GreyTitleIcons\RoyalTitleIcon_Despot.png","2677","A7F850FEF1078669C2E81553DA024CDA730861462DEDC6CF4DC47A73F70DD9C2"
"VanillaExpanded","OskarPotocki.VFE.Empire","Vanilla Factions Expanded - Empire","D:\Steam\steamapps\workshop\content\294100\2938820380","Textures\UI\GreyTitleIcons\RoyalTitleIcon_Duke.png","VanillaExpanded\OskarPotocki.VFE.Empire\Textures\UI\GreyTitleIcons\RoyalTitleIcon_Duke.png","2731","8C9CFBEF2EC54521B20AF5753CFD74EFB9C32790218D1B4809758BCDD9C507BD"
"VanillaExpanded","OskarPotocki.VFE.Empire","Vanilla Factions Expanded - Empire","D:\Steam\steamapps\workshop\content\294100\2938820380","Textures\UI\GreyTitleIcons\RoyalTitleIcon_Emperor.png","VanillaExpanded\OskarPotocki.VFE.Empire\Textures\UI\GreyTitleIcons\RoyalTitleIcon_Emperor.png","2396","0DC068DDFD40543EF293FE20335AE5DD28E0DE60FBBFF9634E4BF05CEADDE977"
"VanillaExpanded","OskarPotocki.VFE.Empire","Vanilla Factions Expanded - Empire","D:\Steam\steamapps\workshop\content\294100\2938820380","Textures\UI\GreyTitleIcons\RoyalTitleIcon_Freeholder.png","VanillaExpanded\OskarPotocki.VFE.Empire\Textures\UI\GreyTitleIcons\RoyalTitleIcon_Freeholder.png","223","DF59FE544D91B89FA2070A05B98F811F45623F389C438B5F60708CADF23B7380"
"VanillaExpanded","OskarPotocki.VFE.Empire","Vanilla Factions Expanded - Empire","D:\Steam\steamapps\workshop\content\294100\2938820380","Textures\UI\GreyTitleIcons\RoyalTitleIcon_HighStellarch.png","VanillaExpanded\OskarPotocki.VFE.Empire\Textures\UI\GreyTitleIcons\RoyalTitleIcon_HighStellarch.png","2054","435271C60305C2E153F8FB5067E9A393A8382136A18935C32C082BDA84C869E0"
"VanillaExpanded","OskarPotocki.VFE.Empire","Vanilla Factions Expanded - Empire","D:\Steam\steamapps\workshop\content\294100\2938820380","Textures\UI\GreyTitleIcons\RoyalTitleIcon_Knight.png","VanillaExpanded\OskarPotocki.VFE.Empire\Textures\UI\GreyTitleIcons\RoyalTitleIcon_Knight.png","1562","7FBE325264E03FC451E5846465E8F2CCD94A74E88B03CAEABCD304E688E19529"
"VanillaExpanded","OskarPotocki.VFE.Empire","Vanilla Factions Expanded - Empire","D:\Steam\steamapps\workshop\content\294100\2938820380","Textures\UI\GreyTitleIcons\RoyalTitleIcon_Magister.png","VanillaExpanded\OskarPotocki.VFE.Empire\Textures\UI\GreyTitleIcons\RoyalTitleIcon_Magister.png","2764","FEE7368F1283672FA913122822BF88CD6BF546FE19A228BA043955B199CE864E"
"VanillaExpanded","OskarPotocki.VFE.Empire","Vanilla Factions Expanded - Empire","D:\Steam\steamapps\workshop\content\294100\2938820380","Textures\UI\GreyTitleIcons\RoyalTitleIcon_Marquess.png","VanillaExpanded\OskarPotocki.VFE.Empire\Textures\UI\GreyTitleIcons\RoyalTitleIcon_Marquess.png","2137","5E7196EBD07C831C6B8AF52C4135ABA075AE4E26A45FAAFC86D6100DA8C497F3"
"VanillaExpanded","OskarPotocki.VFE.Empire","Vanilla Factions Expanded - Empire","D:\Steam\steamapps\workshop\content\294100\2938820380","Textures\UI\GreyTitleIcons\RoyalTitleIcon_Praetor.png","VanillaExpanded\OskarPotocki.VFE.Empire\Textures\UI\GreyTitleIcons\RoyalTitleIcon_Praetor.png","1960","A6481A095D6AB905483438CE365D3D385BC80C1FFD09C6687799969890F9F3DA"
"VanillaExpanded","OskarPotocki.VFE.Empire","Vanilla Factions Expanded - Empire","D:\Steam\steamapps\workshop\content\294100\2938820380","Textures\UI\GreyTitleIcons\RoyalTitleIcon_Proconsul.png","VanillaExpanded\OskarPotocki.VFE.Empire\Textures\UI\GreyTitleIcons\RoyalTitleIcon_Proconsul.png","2910","FAEEC7CFFA64DB263754293E235C8BA6569284478196362B2354125AE1EEEB01"
"VanillaExpanded","OskarPotocki.VFE.Empire","Vanilla Factions Expanded - Empire","D:\Steam\steamapps\workshop\content\294100\2938820380","Textures\UI\GreyTitleIcons\RoyalTitleIcon_Stellarch.png","VanillaExpanded\OskarPotocki.VFE.Empire\Textures\UI\GreyTitleIcons\RoyalTitleIcon_Stellarch.png","1968","6A6104EDF3C03EC25293F0B228D9B345D4C6FF1D53815DC5A6DD91B51ED8CC41"
"VanillaExpanded","OskarPotocki.VFE.Empire","Vanilla Factions Expanded - Empire","D:\Steam\steamapps\workshop\content\294100\2938820380","Textures\UI\GreyTitleIcons\RoyalTitleIcon_Yeoman.png","VanillaExpanded\OskarPotocki.VFE.Empire\Textures\UI\GreyTitleIcons\RoyalTitleIcon_Yeoman.png","734","8135F7372B844B970B2433578951D5B476D7FEDFEA134427B632355A7A56B5B7"
"VanillaExpanded","OskarPotocki.VFE.Empire","Vanilla Factions Expanded - Empire","D:\Steam\steamapps\workshop\content\294100\2938820380","Textures\UI\NewFamilyBase.png","VanillaExpanded\OskarPotocki.VFE.Empire\Textures\UI\NewFamilyBase.png","1677","30A60772A4DC3E6690C9A642319548A2FF3585D6AC7D87E8A69E09ECE6790C8A"
"VanillaExpanded","OskarPotocki.VFE.Empire","Vanilla Factions Expanded - Empire","D:\Steam\steamapps\workshop\content\294100\2938820380","Textures\UI\NobleRanks\RoyalTitleIcon_Acolyte.png","VanillaExpanded\OskarPotocki.VFE.Empire\Textures\UI\NobleRanks\RoyalTitleIcon_Acolyte.png","1002","4EAA7E488A1C07A43E4DA538EBF10F83BC62A7F0CE3C3C070604D4E35A10911C"
"VanillaExpanded","OskarPotocki.VFE.Empire","Vanilla Factions Expanded - Empire","D:\Steam\steamapps\workshop\content\294100\2938820380","Textures\UI\NobleRanks\RoyalTitleIcon_Archcount.png","VanillaExpanded\OskarPotocki.VFE.Empire\Textures\UI\NobleRanks\RoyalTitleIcon_Archcount.png","2016","14CB667C33B643F761EC450287CCBF671CE3AF9A2EF0E9C1FFAE062ACC96EA27"
"VanillaExpanded","OskarPotocki.VFE.Empire","Vanilla Factions Expanded - Empire","D:\Steam\steamapps\workshop\content\294100\2938820380","Textures\UI\NobleRanks\RoyalTitleIcon_Archduke.png","VanillaExpanded\OskarPotocki.VFE.Empire\Textures\UI\NobleRanks\RoyalTitleIcon_Archduke.png","3163","6E7CF3761534759106C54EEFE5E26E253ECE21216E78B86808F4565146884D84"
"VanillaExpanded","OskarPotocki.VFE.Empire","Vanilla Factions Expanded - Empire","D:\Steam\steamapps\workshop\content\294100\2938820380","Textures\UI\NobleRanks\RoyalTitleIcon_Baron.png","VanillaExpanded\OskarPotocki.VFE.Empire\Textures\UI\NobleRanks\RoyalTitleIcon_Baron.png","1767","6D75D9F8999A55C8396226E13551DA8704E1C4CC17AB90B467E23C1B2B99EE33"
"VanillaExpanded","OskarPotocki.VFE.Empire","Vanilla Factions Expanded - Empire","D:\Steam\steamapps\workshop\content\294100\2938820380","Textures\UI\NobleRanks\RoyalTitleIcon_Consul.png","VanillaExpanded\OskarPotocki.VFE.Empire\Textures\UI\NobleRanks\RoyalTitleIcon_Consul.png","2755","AA01E72F838931ABF8D8B21989CA0C3A0DA63648D9D75496041029AA0D440240"
"VanillaExpanded","OskarPotocki.VFE.Empire","Vanilla Factions Expanded - Empire","D:\Steam\steamapps\workshop\content\294100\2938820380","Textures\UI\NobleRanks\RoyalTitleIcon_Count.png","VanillaExpanded\OskarPotocki.VFE.Empire\Textures\UI\NobleRanks\RoyalTitleIcon_Count.png","1951","E15E5283D107F1E07DFF30B98CC17EBA5215F34E57747506BC6FF750FB355C5A"
"VanillaExpanded","OskarPotocki.VFE.Empire","Vanilla Factions Expanded - Empire","D:\Steam\steamapps\workshop\content\294100\2938820380","Textures\UI\NobleRanks\RoyalTitleIcon_Despot.png","VanillaExpanded\OskarPotocki.VFE.Empire\Textures\UI\NobleRanks\RoyalTitleIcon_Despot.png","2954","4F6C5F90FED5089703B74346A0B372D54BCAC8731F672B0391EB1DEDCEE124A0"
"VanillaExpanded","OskarPotocki.VFE.Empire","Vanilla Factions Expanded - Empire","D:\Steam\steamapps\workshop\content\294100\2938820380","Textures\UI\NobleRanks\RoyalTitleIcon_Duke.png","VanillaExpanded\OskarPotocki.VFE.Empire\Textures\UI\NobleRanks\RoyalTitleIcon_Duke.png","2552","AAE8E4ACA618BECB22714FDF3D366F51CB21994C7A1D10A5A3F9A55E1FA9832E"
"VanillaExpanded","OskarPotocki.VFE.Empire","Vanilla Factions Expanded - Empire","D:\Steam\steamapps\workshop\content\294100\2938820380","Textures\UI\NobleRanks\RoyalTitleIcon_Emperor.png","VanillaExpanded\OskarPotocki.VFE.Empire\Textures\UI\NobleRanks\RoyalTitleIcon_Emperor.png","2615","A1E9D21AFEDF394577B5E84D80DFA234C3A336A30F559B39D1ADC46F16400DBA"
"VanillaExpanded","OskarPotocki.VFE.Empire","Vanilla Factions Expanded - Empire","D:\Steam\steamapps\workshop\content\294100\2938820380","Textures\UI\NobleRanks\RoyalTitleIcon_Freeholder.png","VanillaExpanded\OskarPotocki.VFE.Empire\Textures\UI\NobleRanks\RoyalTitleIcon_Freeholder.png","316","99D1AF1B924B77EB4383059EB56E0DCB8D4349B4B8EF753640CE3BD400E7BB54"
"VanillaExpanded","OskarPotocki.VFE.Empire","Vanilla Factions Expanded - Empire","D:\Steam\steamapps\workshop\content\294100\2938820380","Textures\UI\NobleRanks\RoyalTitleIcon_HighStellarch.png","VanillaExpanded\OskarPotocki.VFE.Empire\Textures\UI\NobleRanks\RoyalTitleIcon_HighStellarch.png","2240","398295D0CB03CA16AA07D58AA5C69FFE5588706C7A9C67C4CAE0FA4251A86A25"
"VanillaExpanded","OskarPotocki.VFE.Empire","Vanilla Factions Expanded - Empire","D:\Steam\steamapps\workshop\content\294100\2938820380","Textures\UI\NobleRanks\RoyalTitleIcon_Knight.png","VanillaExpanded\OskarPotocki.VFE.Empire\Textures\UI\NobleRanks\RoyalTitleIcon_Knight.png","1637","9C6D44BF7BDFBDB82AC5B180A8951822551CECA2E283D5EE3069CC2765A59F2D"
"VanillaExpanded","OskarPotocki.VFE.Empire","Vanilla Factions Expanded - Empire","D:\Steam\steamapps\workshop\content\294100\2938820380","Textures\UI\NobleRanks\RoyalTitleIcon_Magister.png","VanillaExpanded\OskarPotocki.VFE.Empire\Textures\UI\NobleRanks\RoyalTitleIcon_Magister.png","2851","E3E7DC7B317A9678DFCEA9945F66444D0620CD7C56D7A626164A529163D691D4"
"VanillaExpanded","OskarPotocki.VFE.Empire","Vanilla Factions Expanded - Empire","D:\Steam\steamapps\workshop\content\294100\2938820380","Textures\UI\NobleRanks\RoyalTitleIcon_Marquess.png","VanillaExpanded\OskarPotocki.VFE.Empire\Textures\UI\NobleRanks\RoyalTitleIcon_Marquess.png","2167","1E83716BDDF5E67BBED518D085641FAF224DFA2C21FA8B2E7C0BFA37069A08FA"
"VanillaExpanded","OskarPotocki.VFE.Empire","Vanilla Factions Expanded - Empire","D:\Steam\steamapps\workshop\content\294100\2938820380","Textures\UI\NobleRanks\RoyalTitleIcon_Praetor.png","VanillaExpanded\OskarPotocki.VFE.Empire\Textures\UI\NobleRanks\RoyalTitleIcon_Praetor.png","1938","0BF6010F5E817FCF4F05731FE0C4DAE4E70AA73DC929F0A56808DD439BD8370F"
"VanillaExpanded","OskarPotocki.VFE.Empire","Vanilla Factions Expanded - Empire","D:\Steam\steamapps\workshop\content\294100\2938820380","Textures\UI\NobleRanks\RoyalTitleIcon_Proconsul.png","VanillaExpanded\OskarPotocki.VFE.Empire\Textures\UI\NobleRanks\RoyalTitleIcon_Proconsul.png","2958","87D4D9B12BEF9FE65488F2A12CA7F571B8439178F257B707EC78705DAD4DB8A5"
"VanillaExpanded","OskarPotocki.VFE.Empire","Vanilla Factions Expanded - Empire","D:\Steam\steamapps\workshop\content\294100\2938820380","Textures\UI\NobleRanks\RoyalTitleIcon_Stellarch.png","VanillaExpanded\OskarPotocki.VFE.Empire\Textures\UI\NobleRanks\RoyalTitleIcon_Stellarch.png","2228","33E827264A42F6E5DA64CF6FA677BBF62AD922FC047CB41623076E4BD790C514"
"VanillaExpanded","OskarPotocki.VFE.Empire","Vanilla Factions Expanded - Empire","D:\Steam\steamapps\workshop\content\294100\2938820380","Textures\UI\NobleRanks\RoyalTitleIcon_Yeoman.png","VanillaExpanded\OskarPotocki.VFE.Empire\Textures\UI\NobleRanks\RoyalTitleIcon_Yeoman.png","794","9FD41AE72A182E1824E6B803481368FC94AAFA4424DA298FFF092EA5C2A93146"
"VanillaExpanded","OskarPotocki.VFE.Empire","Vanilla Factions Expanded - Empire","D:\Steam\steamapps\workshop\content\294100\2938820380","Textures\UI\Rituals\BestowingParade.png","VanillaExpanded\OskarPotocki.VFE.Empire\Textures\UI\Rituals\BestowingParade.png","5519","5704BAAAEE7D5C245933E1509D84ADF41700A82EDA3B2650C91E550A3A2D6851"
"VanillaExpanded","OskarPotocki.VFE.Empire","Vanilla Factions Expanded - Empire","D:\Steam\steamapps\workshop\content\294100\2938820380","Textures\UI\Rituals\Ritual_GrandBall.png","VanillaExpanded\OskarPotocki.VFE.Empire\Textures\UI\Rituals\Ritual_GrandBall.png","3970","A1E448C73353E0566EE0368D2E6142D89E0970379FA72547BEBEF68803DD4434"
"VanillaExpanded","OskarPotocki.VFE.Empire","Vanilla Factions Expanded - Empire","D:\Steam\steamapps\workshop\content\294100\2938820380","Textures\UI\RoyalAddress.png","VanillaExpanded\OskarPotocki.VFE.Empire\Textures\UI\RoyalAddress.png","6347","7BB398D5BF89BB81DC5401FA5E6E1A1C3CF66DCBAFDE7B007C6D92F7E359E78B"
"VanillaExpanded","OskarPotocki.VFE.Empire","Vanilla Factions Expanded - Empire","D:\Steam\steamapps\workshop\content\294100\2938820380","Textures\UI\RoyalGossip.png","VanillaExpanded\OskarPotocki.VFE.Empire\Textures\UI\RoyalGossip.png","8137","905A270607F71E5DD9AFF87FB5DD1CE9B4A519D20CF21C84725468874B1FD173"
"VanillaExpanded","OskarPotocki.VFE.Empire","Vanilla Factions Expanded - Empire","D:\Steam\steamapps\workshop\content\294100\2938820380","Textures\UI\SmallTitleIcons\RoyalTitleIcon_Acolyte.png","VanillaExpanded\OskarPotocki.VFE.Empire\Textures\UI\SmallTitleIcons\RoyalTitleIcon_Acolyte.png","542","4935B09C7C390DFEAB71D94F5A03E36F67CD46C0CEC86F32D1A2CABF8E81F28F"
"VanillaExpanded","OskarPotocki.VFE.Empire","Vanilla Factions Expanded - Empire","D:\Steam\steamapps\workshop\content\294100\2938820380","Textures\UI\SmallTitleIcons\RoyalTitleIcon_Archcount.png","VanillaExpanded\OskarPotocki.VFE.Empire\Textures\UI\SmallTitleIcons\RoyalTitleIcon_Archcount.png","869","88F29570D9D2361CE321E6FE9A0A4AE9693E01F5BD54E507AF0B9DF1D98CBAC6"
"VanillaExpanded","OskarPotocki.VFE.Empire","Vanilla Factions Expanded - Empire","D:\Steam\steamapps\workshop\content\294100\2938820380","Textures\UI\SmallTitleIcons\RoyalTitleIcon_Archduke.png","VanillaExpanded\OskarPotocki.VFE.Empire\Textures\UI\SmallTitleIcons\RoyalTitleIcon_Archduke.png","1455","E37FAE9C2F55AD9372985196145DA1FB20E34967762F8B5F7F8EE7774EF2FAE8"
"VanillaExpanded","OskarPotocki.VFE.Empire","Vanilla Factions Expanded - Empire","D:\Steam\steamapps\workshop\content\294100\2938820380","Textures\UI\SmallTitleIcons\RoyalTitleIcon_Baron.png","VanillaExpanded\OskarPotocki.VFE.Empire\Textures\UI\SmallTitleIcons\RoyalTitleIcon_Baron.png","817","8E35FF6E38E088CBC635402729B768440B4E70E2C2BEB52792496D6C3CFD5FFC"
"VanillaExpanded","OskarPotocki.VFE.Empire","Vanilla Factions Expanded - Empire","D:\Steam\steamapps\workshop\content\294100\2938820380","Textures\UI\SmallTitleIcons\RoyalTitleIcon_Consul.png","VanillaExpanded\OskarPotocki.VFE.Empire\Textures\UI\SmallTitleIcons\RoyalTitleIcon_Consul.png","1245","538DFEC3D336F475E453175213A3B063E52DB9CA6B44B66FF00700DF5B3DA74E"
"VanillaExpanded","OskarPotocki.VFE.Empire","Vanilla Factions Expanded - Empire","D:\Steam\steamapps\workshop\content\294100\2938820380","Textures\UI\SmallTitleIcons\RoyalTitleIcon_Count.png","VanillaExpanded\OskarPotocki.VFE.Empire\Textures\UI\SmallTitleIcons\RoyalTitleIcon_Count.png","917","CC5C140FB6C4423CB038D4CC6D6C2AEDE637C8DD2C85A4629D93062C1FBDC0E4"
"VanillaExpanded","OskarPotocki.VFE.Empire","Vanilla Factions Expanded - Empire","D:\Steam\steamapps\workshop\content\294100\2938820380","Textures\UI\SmallTitleIcons\RoyalTitleIcon_Despot.png","VanillaExpanded\OskarPotocki.VFE.Empire\Textures\UI\SmallTitleIcons\RoyalTitleIcon_Despot.png","1401","58FB5AD0D71B24944FEAEB06DA5ABD11D41F8279EAD85DF45E62BB61123270FA"
"VanillaExpanded","OskarPotocki.VFE.Empire","Vanilla Factions Expanded - Empire","D:\Steam\steamapps\workshop\content\294100\2938820380","Textures\UI\SmallTitleIcons\RoyalTitleIcon_Duke.png","VanillaExpanded\OskarPotocki.VFE.Empire\Textures\UI\SmallTitleIcons\RoyalTitleIcon_Duke.png","1219","A5D6691344DACE8818069DD52FAE10306D9B299C0BF079E8F1602D630EEBA8A2"
"VanillaExpanded","OskarPotocki.VFE.Empire","Vanilla Factions Expanded - Empire","D:\Steam\steamapps\workshop\content\294100\2938820380","Textures\UI\SmallTitleIcons\RoyalTitleIcon_Emperor.png","VanillaExpanded\OskarPotocki.VFE.Empire\Textures\UI\SmallTitleIcons\RoyalTitleIcon_Emperor.png","1244","9A333638BBC93AA295C49699045239255B39446845639F28ED9D3311323953CB"
"VanillaExpanded","OskarPotocki.VFE.Empire","Vanilla Factions Expanded - Empire","D:\Steam\steamapps\workshop\content\294100\2938820380","Textures\UI\SmallTitleIcons\RoyalTitleIcon_Freeholder.png","VanillaExpanded\OskarPotocki.VFE.Empire\Textures\UI\SmallTitleIcons\RoyalTitleIcon_Freeholder.png","174","C0D597610A1031E60E06EA1BEDD8FFAEBC0B6B22AC725C1993A116860588D9B3"
"VanillaExpanded","OskarPotocki.VFE.Empire","Vanilla Factions Expanded - Empire","D:\Steam\steamapps\workshop\content\294100\2938820380","Textures\UI\SmallTitleIcons\RoyalTitleIcon_HighStellarch.png","VanillaExpanded\OskarPotocki.VFE.Empire\Textures\UI\SmallTitleIcons\RoyalTitleIcon_HighStellarch.png","1084","6B6724C5454F638851C0E7618BAF742DF26593D581257B037F32746B2438C114"
"VanillaExpanded","OskarPotocki.VFE.Empire","Vanilla Factions Expanded - Empire","D:\Steam\steamapps\workshop\content\294100\2938820380","Textures\UI\SmallTitleIcons\RoyalTitleIcon_Knight.png","VanillaExpanded\OskarPotocki.VFE.Empire\Textures\UI\SmallTitleIcons\RoyalTitleIcon_Knight.png","805","C0072218A6F7C798FD6E761D053E4ACCB2BC088898A550B6742F12014D670CC7"
"VanillaExpanded","OskarPotocki.VFE.Empire","Vanilla Factions Expanded - Empire","D:\Steam\steamapps\workshop\content\294100\2938820380","Textures\UI\SmallTitleIcons\RoyalTitleIcon_Magister.png","VanillaExpanded\OskarPotocki.VFE.Empire\Textures\UI\SmallTitleIcons\RoyalTitleIcon_Magister.png","1350","4C195F91F04355EE6B87164821E81663C924D1A7DBED4B01420D48FB9D1BFC3B"
"VanillaExpanded","OskarPotocki.VFE.Empire","Vanilla Factions Expanded - Empire","D:\Steam\steamapps\workshop\content\294100\2938820380","Textures\UI\SmallTitleIcons\RoyalTitleIcon_Marquess.png","VanillaExpanded\OskarPotocki.VFE.Empire\Textures\UI\SmallTitleIcons\RoyalTitleIcon_Marquess.png","984","ECBFB7B7D4D65554F4EC4470EE9587EB67E18AA299D740629D2680F7DE9A0298"
"VanillaExpanded","OskarPotocki.VFE.Empire","Vanilla Factions Expanded - Empire","D:\Steam\steamapps\workshop\content\294100\2938820380","Textures\UI\SmallTitleIcons\RoyalTitleIcon_Praetor.png","VanillaExpanded\OskarPotocki.VFE.Empire\Textures\UI\SmallTitleIcons\RoyalTitleIcon_Praetor.png","933","33B77EDCA451F88B5A8F4E931684D0734DB4C23C1828B02A65FC4D4C760A8A7C"
"VanillaExpanded","OskarPotocki.VFE.Empire","Vanilla Factions Expanded - Empire","D:\Steam\steamapps\workshop\content\294100\2938820380","Textures\UI\SmallTitleIcons\RoyalTitleIcon_Proconsul.png","VanillaExpanded\OskarPotocki.VFE.Empire\Textures\UI\SmallTitleIcons\RoyalTitleIcon_Proconsul.png","1359","BE703C17AF0433DC0FD33907D9AE8A9D43AD536A6174976A249563A23D2C794A"
"VanillaExpanded","OskarPotocki.VFE.Empire","Vanilla Factions Expanded - Empire","D:\Steam\steamapps\workshop\content\294100\2938820380","Textures\UI\SmallTitleIcons\RoyalTitleIcon_Stellarch.png","VanillaExpanded\OskarPotocki.VFE.Empire\Textures\UI\SmallTitleIcons\RoyalTitleIcon_Stellarch.png","1139","A423160313D8837FC4834F21091590D86F37374676CD4CCC927324E21108D875"
"VanillaExpanded","OskarPotocki.VFE.Empire","Vanilla Factions Expanded - Empire","D:\Steam\steamapps\workshop\content\294100\2938820380","Textures\UI\SmallTitleIcons\RoyalTitleIcon_Yeoman.png","VanillaExpanded\OskarPotocki.VFE.Empire\Textures\UI\SmallTitleIcons\RoyalTitleIcon_Yeoman.png","471","4BC89D916841A86FF5DB6E9F0CAE67427368B23A81C4648E270EB73A56B37C5A"
"VanillaExpanded","OskarPotocki.VFE.Empire","Vanilla Factions Expanded - Empire","D:\Steam\steamapps\workshop\content\294100\2938820380","Textures\UI\VassalageIcons\Vassalage_Farming.png","VanillaExpanded\OskarPotocki.VFE.Empire\Textures\UI\VassalageIcons\Vassalage_Farming.png","8533","A6AB86AA88C6158D25E57DAE3CE8A4E07B9231570ACC60BB1339AA91D634E07D"
"VanillaExpanded","OskarPotocki.VFE.Empire","Vanilla Factions Expanded - Empire","D:\Steam\steamapps\workshop\content\294100\2938820380","Textures\UI\VassalageIcons\Vassalage_GoldTax.png","VanillaExpanded\OskarPotocki.VFE.Empire\Textures\UI\VassalageIcons\Vassalage_GoldTax.png","14672","F25C8571B1C811B2D2A68CB9DA0F474FB2B41D8D8D463BAFEFB771D1E4F53F09"
"VanillaExpanded","OskarPotocki.VFE.Empire","Vanilla Factions Expanded - Empire","D:\Steam\steamapps\workshop\content\294100\2938820380","Textures\UI\VassalageIcons\Vassalage_HonorTax.png","VanillaExpanded\OskarPotocki.VFE.Empire\Textures\UI\VassalageIcons\Vassalage_HonorTax.png","6392","402B5FC7D657ED178EEBA2AAA709E1CC80260F278990DEFEAE58703E61189B5C"
"VanillaExpanded","OskarPotocki.VFE.Empire","Vanilla Factions Expanded - Empire","D:\Steam\steamapps\workshop\content\294100\2938820380","Textures\UI\VassalageIcons\Vassalage_SilverTax.png","VanillaExpanded\OskarPotocki.VFE.Empire\Textures\UI\VassalageIcons\Vassalage_SilverTax.png","12991","D8F7916C41535FE85E770D9559F67FD58F1A25574224EF796F1FB16BF644753E"
"VanillaExpanded","OskarPotocki.VFE.Empire","Vanilla Factions Expanded - Empire","D:\Steam\steamapps\workshop\content\294100\2938820380","Textures\UI\VassalageIcons\Vassalage_Slavers.png","VanillaExpanded\OskarPotocki.VFE.Empire\Textures\UI\VassalageIcons\Vassalage_Slavers.png","15273","049957545A8414F44C2B3A4C0AABB7BBF8F7C7B6B5832E76A9F433CB262D917D"
"VanillaExpanded","OskarPotocki.VFE.Empire","Vanilla Factions Expanded - Empire","D:\Steam\steamapps\workshop\content\294100\2938820380","Textures\UI\VassalageIcons\Vassalage_SteelMining.png","VanillaExpanded\OskarPotocki.VFE.Empire\Textures\UI\VassalageIcons\Vassalage_SteelMining.png","15489","9C921E86C2759BD18686A53AC279964AD59C80365F4C639E9FC916DEF4B559DE"
"VanillaExpanded","OskarPotocki.VFE.Empire","Vanilla Factions Expanded - Empire","D:\Steam\steamapps\workshop\content\294100\2938820380","Textures\UI\VassalageIcons\Vassalage_WoodCutting.png","VanillaExpanded\OskarPotocki.VFE.Empire\Textures\UI\VassalageIcons\Vassalage_WoodCutting.png","10582","C03A0CB66D87813340044806B9DF4CC39C7C766D6FFD6086D27474B826709622"
"VanillaExpanded","OskarPotocki.VFE.Medieval2","Vanilla Factions Expanded - Medieval 2","D:\Steam\steamapps\workshop\content\294100\3444347874","Textures\MapIcons\CastleCivil.png","VanillaExpanded\OskarPotocki.VFE.Medieval2\Textures\MapIcons\CastleCivil.png","5138","ECEBAF93BF1E4B2EA7EE7F93EC1C6A4312390EA583985168F4DCE2339E88D52F"
"VanillaExpanded","OskarPotocki.VFE.Medieval2","Vanilla Factions Expanded - Medieval 2","D:\Steam\steamapps\workshop\content\294100\3444347874","Textures\MapIcons\CastleRough.png","VanillaExpanded\OskarPotocki.VFE.Medieval2\Textures\MapIcons\CastleRough.png","4837","532868FE4D08EB7F089C2173B7CE8D78901BB83307355686AAA2AF82AAD5F6EE"
"VanillaExpanded","OskarPotocki.VFE.Medieval2","Vanilla Factions Expanded - Medieval 2","D:\Steam\steamapps\workshop\content\294100\3444347874","Textures\MapIcons\CastleSavage.png","VanillaExpanded\OskarPotocki.VFE.Medieval2\Textures\MapIcons\CastleSavage.png","7525","29DA74981BA57596E2BE954A0AE24130EDD34B54EF67073595EA446C192B51E0"
"VanillaExpanded","OskarPotocki.VFE.Medieval2","Vanilla Factions Expanded - Medieval 2","D:\Steam\steamapps\workshop\content\294100\3444347874","Textures\MapIcons\ClanCivil.png","VanillaExpanded\OskarPotocki.VFE.Medieval2\Textures\MapIcons\ClanCivil.png","7666","D712A0A90AD802C0CDE062C8D40802EA6FCAEA92909EBBCBDFD879134614CE84"
"VanillaExpanded","OskarPotocki.VFE.Medieval2","Vanilla Factions Expanded - Medieval 2","D:\Steam\steamapps\workshop\content\294100\3444347874","Textures\MapIcons\ClanRough.png","VanillaExpanded\OskarPotocki.VFE.Medieval2\Textures\MapIcons\ClanRough.png","8170","FDEBCA2390E96F0866DA9361E3FED1592FE038E0FC71ABB74A57F5184B36727B"
"VanillaExpanded","OskarPotocki.VFE.Medieval2","Vanilla Factions Expanded - Medieval 2","D:\Steam\steamapps\workshop\content\294100\3444347874","Textures\MapIcons\ClanSavage.png","VanillaExpanded\OskarPotocki.VFE.Medieval2\Textures\MapIcons\ClanSavage.png","7453","4FBAEEE28F35EE084AF5CD1B9ADA664A882C71856C9427EAB93EF861D68F33D8"
"VanillaExpanded","OskarPotocki.VFE.Medieval2","Vanilla Factions Expanded - Medieval 2","D:\Steam\steamapps\workshop\content\294100\3444347874","Textures\MapIcons\Expanding\CastleExpanding.png","VanillaExpanded\OskarPotocki.VFE.Medieval2\Textures\MapIcons\Expanding\CastleExpanding.png","6113","C9A83B97424BE4648E616F451651FD998AB78545A083E94C00AC76AFB79C23CF"
"VanillaExpanded","OskarPotocki.VFE.Medieval2","Vanilla Factions Expanded - Medieval 2","D:\Steam\steamapps\workshop\content\294100\3444347874","Textures\MapIcons\Expanding\CastleExpanding\CastleExpanding.png","VanillaExpanded\OskarPotocki.VFE.Medieval2\Textures\MapIcons\Expanding\CastleExpanding\CastleExpanding.png","6113","C9A83B97424BE4648E616F451651FD998AB78545A083E94C00AC76AFB79C23CF"
"VanillaExpanded","OskarPotocki.VFE.Medieval2","Vanilla Factions Expanded - Medieval 2","D:\Steam\steamapps\workshop\content\294100\3444347874","Textures\MapIcons\Expanding\ClanExpanding.png","VanillaExpanded\OskarPotocki.VFE.Medieval2\Textures\MapIcons\Expanding\ClanExpanding.png","5281","FFBD436D48F00F3C807B2C1173010166941C072C1BDEB3A73017F215CE6713B7"
"VanillaExpanded","OskarPotocki.VFE.Medieval2","Vanilla Factions Expanded - Medieval 2","D:\Steam\steamapps\workshop\content\294100\3444347874","Textures\MapIcons\Expanding\TradingGuildExpanding.png","VanillaExpanded\OskarPotocki.VFE.Medieval2\Textures\MapIcons\Expanding\TradingGuildExpanding.png","6635","3C60AF83BE7C3FA6BEB57724726057CD74653214A90FA3A6830993994D4CA79E"
"VanillaExpanded","OskarPotocki.VFE.Medieval2","Vanilla Factions Expanded - Medieval 2","D:\Steam\steamapps\workshop\content\294100\3444347874","Textures\MapIcons\PlayerCastle.png","VanillaExpanded\OskarPotocki.VFE.Medieval2\Textures\MapIcons\PlayerCastle.png","4776","6059AA0F85106622A762916DC866F2885BE78DAFDF4E3BFF8393D9ED5EEDB3FD"
"VanillaExpanded","OskarPotocki.VFE.Medieval2","Vanilla Factions Expanded - Medieval 2","D:\Steam\steamapps\workshop\content\294100\3444347874","Textures\MapIcons\SiegeCamp.png","VanillaExpanded\OskarPotocki.VFE.Medieval2\Textures\MapIcons\SiegeCamp.png","5179","30F299FA7C39671D0B679895FA8093D4321CCFF2BAC538DF890F8D80CA92E90F"
"VanillaExpanded","OskarPotocki.VFE.Medieval2","Vanilla Factions Expanded - Medieval 2","D:\Steam\steamapps\workshop\content\294100\3444347874","Textures\MapIcons\Skirmish.png","VanillaExpanded\OskarPotocki.VFE.Medieval2\Textures\MapIcons\Skirmish.png","9040","6985ABDC240C084CF12E3DB2F9200127E7F75D1324F1C9A91A885D84A75CE46D"
"VanillaExpanded","OskarPotocki.VFE.Medieval2","Vanilla Factions Expanded - Medieval 2","D:\Steam\steamapps\workshop\content\294100\3444347874","Textures\MapIcons\TradingGuild.png","VanillaExpanded\OskarPotocki.VFE.Medieval2\Textures\MapIcons\TradingGuild.png","7264","51EF05A95FBE7647026A657499443A214B173342BA09F1348F19FC8D55375105"
"VanillaExpanded","OskarPotocki.VFE.Medieval2","Vanilla Factions Expanded - Medieval 2","D:\Steam\steamapps\workshop\content\294100\3444347874","Textures\Things\Heraldics\Symbols\HeraldrySymbol_Anchor.png","VanillaExpanded\OskarPotocki.VFE.Medieval2\Textures\Things\Heraldics\Symbols\HeraldrySymbol_Anchor.png","11030","A89A8168BF5356709DD83492EF33B5FBB040160DD1AFDEAE007C1FFD721AB8DE"
"VanillaExpanded","OskarPotocki.VFE.Medieval2","Vanilla Factions Expanded - Medieval 2","D:\Steam\steamapps\workshop\content\294100\3444347874","Textures\Things\Heraldics\Symbols\HeraldrySymbol_Bat.png","VanillaExpanded\OskarPotocki.VFE.Medieval2\Textures\Things\Heraldics\Symbols\HeraldrySymbol_Bat.png","10904","AD4CAE300A89BFFF037186F87CD69BC1C5495820CC3BEA53BA47F9E13CF2681B"
"VanillaExpanded","OskarPotocki.VFE.Medieval2","Vanilla Factions Expanded - Medieval 2","D:\Steam\steamapps\workshop\content\294100\3444347874","Textures\Things\Heraldics\Symbols\HeraldrySymbol_Bow.png","VanillaExpanded\OskarPotocki.VFE.Medieval2\Textures\Things\Heraldics\Symbols\HeraldrySymbol_Bow.png","11313","EF8B181D97A187A223DA20BEB3E51F3EE648F0DBD2C2FBEE19CEAEDBEA84E03A"
"VanillaExpanded","OskarPotocki.VFE.Medieval2","Vanilla Factions Expanded - Medieval 2","D:\Steam\steamapps\workshop\content\294100\3444347874","Textures\Things\Heraldics\Symbols\HeraldrySymbol_Bull.png","VanillaExpanded\OskarPotocki.VFE.Medieval2\Textures\Things\Heraldics\Symbols\HeraldrySymbol_Bull.png","11866","A5E95DC4F8BA542949A0F792AB3433570DC62C6E5679F9344AE46C9222FD1E7D"
"VanillaExpanded","OskarPotocki.VFE.Medieval2","Vanilla Factions Expanded - Medieval 2","D:\Steam\steamapps\workshop\content\294100\3444347874","Textures\Things\Heraldics\Symbols\HeraldrySymbol_BurningSword.png","VanillaExpanded\OskarPotocki.VFE.Medieval2\Textures\Things\Heraldics\Symbols\HeraldrySymbol_BurningSword.png","13007","20CB10E4DA4E2AC069BF6F567B445214238AB987FC48D75F9696F6CA85636741"
"VanillaExpanded","OskarPotocki.VFE.Medieval2","Vanilla Factions Expanded - Medieval 2","D:\Steam\steamapps\workshop\content\294100\3444347874","Textures\Things\Heraldics\Symbols\HeraldrySymbol_Castle.png","VanillaExpanded\OskarPotocki.VFE.Medieval2\Textures\Things\Heraldics\Symbols\HeraldrySymbol_Castle.png","7560","B2B3F61E222C0DA1A969EB4E33E56EEECA8E24C39439D4D761C1ADD3B1B2D3DC"
"VanillaExpanded","OskarPotocki.VFE.Medieval2","Vanilla Factions Expanded - Medieval 2","D:\Steam\steamapps\workshop\content\294100\3444347874","Textures\Things\Heraldics\Symbols\HeraldrySymbol_Cat.png","VanillaExpanded\OskarPotocki.VFE.Medieval2\Textures\Things\Heraldics\Symbols\HeraldrySymbol_Cat.png","12160","8ED6B15AAF5857B4F28815D91D9C1FF1D1870EB11B8002AB975411087DDE7280"
"VanillaExpanded","OskarPotocki.VFE.Medieval2","Vanilla Factions Expanded - Medieval 2","D:\Steam\steamapps\workshop\content\294100\3444347874","Textures\Things\Heraldics\Symbols\HeraldrySymbol_Cave.png","VanillaExpanded\OskarPotocki.VFE.Medieval2\Textures\Things\Heraldics\Symbols\HeraldrySymbol_Cave.png","9988","7F940D65275635B00640D90A4683A614F4ADBB6ADD4D6D16BF8731CDFA8EA760"
"VanillaExpanded","OskarPotocki.VFE.Medieval2","Vanilla Factions Expanded - Medieval 2","D:\Steam\steamapps\workshop\content\294100\3444347874","Textures\Things\Heraldics\Symbols\HeraldrySymbol_Centipede.png","VanillaExpanded\OskarPotocki.VFE.Medieval2\Textures\Things\Heraldics\Symbols\HeraldrySymbol_Centipede.png","11656","2FA52C5DEFC790829EBCD1311711F950AAB5164E3A70FB4CA887F671EEF1696F"
"VanillaExpanded","OskarPotocki.VFE.Medieval2","Vanilla Factions Expanded - Medieval 2","D:\Steam\steamapps\workshop\content\294100\3444347874","Textures\Things\Heraldics\Symbols\HeraldrySymbol_Chicken.png","VanillaExpanded\OskarPotocki.VFE.Medieval2\Textures\Things\Heraldics\Symbols\HeraldrySymbol_Chicken.png","11597","F745A0F7B5B541A6B4F600609C650E22747D27259E0E8DE2BB7B458B2D1E5C77"
"VanillaExpanded","OskarPotocki.VFE.Medieval2","Vanilla Factions Expanded - Medieval 2","D:\Steam\steamapps\workshop\content\294100\3444347874","Textures\Things\Heraldics\Symbols\HeraldrySymbol_Column.png","VanillaExpanded\OskarPotocki.VFE.Medieval2\Textures\Things\Heraldics\Symbols\HeraldrySymbol_Column.png","8653","6F9DEB10ECE977B4B8553983F9C12229F9367DF0045A2C80A42E70402294D89F"
"VanillaExpanded","OskarPotocki.VFE.Medieval2","Vanilla Factions Expanded - Medieval 2","D:\Steam\steamapps\workshop\content\294100\3444347874","Textures\Things\Heraldics\Symbols\HeraldrySymbol_Cross.png","VanillaExpanded\OskarPotocki.VFE.Medieval2\Textures\Things\Heraldics\Symbols\HeraldrySymbol_Cross.png","7213","9C46AA51D9272E006F5DB45C492A066656B5809894FC0F36D7CAEBE5718797E7"
"VanillaExpanded","OskarPotocki.VFE.Medieval2","Vanilla Factions Expanded - Medieval 2","D:\Steam\steamapps\workshop\content\294100\3444347874","Textures\Things\Heraldics\Symbols\HeraldrySymbol_CrossedAxes.png","VanillaExpanded\OskarPotocki.VFE.Medieval2\Textures\Things\Heraldics\Symbols\HeraldrySymbol_CrossedAxes.png","11785","168CBA2FB181959868473189FB0A821CB0A17FC77CC6BE983A30E7D75C2B0E63"
"VanillaExpanded","OskarPotocki.VFE.Medieval2","Vanilla Factions Expanded - Medieval 2","D:\Steam\steamapps\workshop\content\294100\3444347874","Textures\Things\Heraldics\Symbols\HeraldrySymbol_CrossedSwords.png","VanillaExpanded\OskarPotocki.VFE.Medieval2\Textures\Things\Heraldics\Symbols\HeraldrySymbol_CrossedSwords.png","12577","F871134615900F8FDEF879C3AD513CAA02BA3C073AC94D119706C64FC7949B66"
"VanillaExpanded","OskarPotocki.VFE.Medieval2","Vanilla Factions Expanded - Medieval 2","D:\Steam\steamapps\workshop\content\294100\3444347874","Textures\Things\Heraldics\Symbols\HeraldrySymbol_Crown.png","VanillaExpanded\OskarPotocki.VFE.Medieval2\Textures\Things\Heraldics\Symbols\HeraldrySymbol_Crown.png","9954","AD261E4CC3BDF5B0DD8EDDF552B6028BA4A1DFAF75B0533C12689AA98BEC33BC"
"VanillaExpanded","OskarPotocki.VFE.Medieval2","Vanilla Factions Expanded - Medieval 2","D:\Steam\steamapps\workshop\content\294100\3444347874","Textures\Things\Heraldics\Symbols\HeraldrySymbol_Dove.png","VanillaExpanded\OskarPotocki.VFE.Medieval2\Textures\Things\Heraldics\Symbols\HeraldrySymbol_Dove.png","10032","325D4A3FF15B15E26EDF1DBC0D1415034397C863D7401BEE0A92594D07BDE048"
"VanillaExpanded","OskarPotocki.VFE.Medieval2","Vanilla Factions Expanded - Medieval 2","D:\Steam\steamapps\workshop\content\294100\3444347874","Textures\Things\Heraldics\Symbols\HeraldrySymbol_Dragon.png","VanillaExpanded\OskarPotocki.VFE.Medieval2\Textures\Things\Heraldics\Symbols\HeraldrySymbol_Dragon.png","12916","CDAC8E84936BFF4BD6ECC7A802787F52B0B2CCBA756579330E879017173B37E7"
"VanillaExpanded","OskarPotocki.VFE.Medieval2","Vanilla Factions Expanded - Medieval 2","D:\Steam\steamapps\workshop\content\294100\3444347874","Textures\Things\Heraldics\Symbols\HeraldrySymbol_Eagle.png","VanillaExpanded\OskarPotocki.VFE.Medieval2\Textures\Things\Heraldics\Symbols\HeraldrySymbol_Eagle.png","12456","45A89BB277C45B5641D3420C2E5871CE53EFE1517849709980898CFB2A7DE56F"
"VanillaExpanded","OskarPotocki.VFE.Medieval2","Vanilla Factions Expanded - Medieval 2","D:\Steam\steamapps\workshop\content\294100\3444347874","Textures\Things\Heraldics\Symbols\HeraldrySymbol_Empire.png","VanillaExpanded\OskarPotocki.VFE.Medieval2\Textures\Things\Heraldics\Symbols\HeraldrySymbol_Empire.png","10719","9683216CEF2F0AC43CC8AD630A2BD680691AB14A5ABFE3449303827729675DCE"
"VanillaExpanded","OskarPotocki.VFE.Medieval2","Vanilla Factions Expanded - Medieval 2","D:\Steam\steamapps\workshop\content\294100\3444347874","Textures\Things\Heraldics\Symbols\HeraldrySymbol_Eye.png","VanillaExpanded\OskarPotocki.VFE.Medieval2\Textures\Things\Heraldics\Symbols\HeraldrySymbol_Eye.png","10767","2157D10AEB277F5C5B59775E86F3EF7B77F52FA5F898A55742F219C8041EA171"
"VanillaExpanded","OskarPotocki.VFE.Medieval2","Vanilla Factions Expanded - Medieval 2","D:\Steam\steamapps\workshop\content\294100\3444347874","Textures\Things\Heraldics\Symbols\HeraldrySymbol_Fangs.png","VanillaExpanded\OskarPotocki.VFE.Medieval2\Textures\Things\Heraldics\Symbols\HeraldrySymbol_Fangs.png","11308","D139F62F6E7861B9FE5311759B98ADC152A4081B9A3B5D0877A731CAD9D14C42"
"VanillaExpanded","OskarPotocki.VFE.Medieval2","Vanilla Factions Expanded - Medieval 2","D:\Steam\steamapps\workshop\content\294100\3444347874","Textures\Things\Heraldics\Symbols\HeraldrySymbol_Fire.png","VanillaExpanded\OskarPotocki.VFE.Medieval2\Textures\Things\Heraldics\Symbols\HeraldrySymbol_Fire.png","11491","36AF77920D4D3C63FC9F175806D3AFCC0C634F7C550DA9E063783CD2791A3E1C"
"VanillaExpanded","OskarPotocki.VFE.Medieval2","Vanilla Factions Expanded - Medieval 2","D:\Steam\steamapps\workshop\content\294100\3444347874","Textures\Things\Heraldics\Symbols\HeraldrySymbol_Fishes.png","VanillaExpanded\OskarPotocki.VFE.Medieval2\Textures\Things\Heraldics\Symbols\HeraldrySymbol_Fishes.png","12517","36C3F4BFCEEA6B7DC2AB1EF7F04B45F1AE6E509C7D57E63700D1DD7A29820D85"
"VanillaExpanded","OskarPotocki.VFE.Medieval2","Vanilla Factions Expanded - Medieval 2","D:\Steam\steamapps\workshop\content\294100\3444347874","Textures\Things\Heraldics\Symbols\HeraldrySymbol_FleurDeLis.png","VanillaExpanded\OskarPotocki.VFE.Medieval2\Textures\Things\Heraldics\Symbols\HeraldrySymbol_FleurDeLis.png","11349","4F900CEB198D42E29B71E79F2A9DCFF43FE95551099F81B89283AFF772D905EE"
"VanillaExpanded","OskarPotocki.VFE.Medieval2","Vanilla Factions Expanded - Medieval 2","D:\Steam\steamapps\workshop\content\294100\3444347874","Textures\Things\Heraldics\Symbols\HeraldrySymbol_Flower.png","VanillaExpanded\OskarPotocki.VFE.Medieval2\Textures\Things\Heraldics\Symbols\HeraldrySymbol_Flower.png","13236","3D1231EC21CD6AC36F6C2CB6D544869006D39A7A5927A3632D75C03C5BD898E0"
"VanillaExpanded","OskarPotocki.VFE.Medieval2","Vanilla Factions Expanded - Medieval 2","D:\Steam\steamapps\workshop\content\294100\3444347874","Textures\Things\Heraldics\Symbols\HeraldrySymbol_Goat.png","VanillaExpanded\OskarPotocki.VFE.Medieval2\Textures\Things\Heraldics\Symbols\HeraldrySymbol_Goat.png","11375","D6548D0A24513C610DB5F0922D46B6669F1B32492D15B161D09DFF027173A5C0"
"VanillaExpanded","OskarPotocki.VFE.Medieval2","Vanilla Factions Expanded - Medieval 2","D:\Steam\steamapps\workshop\content\294100\3444347874","Textures\Things\Heraldics\Symbols\HeraldrySymbol_Grapes.png","VanillaExpanded\OskarPotocki.VFE.Medieval2\Textures\Things\Heraldics\Symbols\HeraldrySymbol_Grapes.png","13174","DE0FD9B8BEFC22F89931D7C629D3314690B40410690D64BB13BDAB6B6E041469"
"VanillaExpanded","OskarPotocki.VFE.Medieval2","Vanilla Factions Expanded - Medieval 2","D:\Steam\steamapps\workshop\content\294100\3444347874","Textures\Things\Heraldics\Symbols\HeraldrySymbol_HelixienSlug.png","VanillaExpanded\OskarPotocki.VFE.Medieval2\Textures\Things\Heraldics\Symbols\HeraldrySymbol_HelixienSlug.png","12384","EC982A8DF8BB4C1EA1FE444C2F9DBE0B136646B8D532753B2972E64FBBEB2616"
"VanillaExpanded","OskarPotocki.VFE.Medieval2","Vanilla Factions Expanded - Medieval 2","D:\Steam\steamapps\workshop\content\294100\3444347874","Textures\Things\Heraldics\Symbols\HeraldrySymbol_Horse.png","VanillaExpanded\OskarPotocki.VFE.Medieval2\Textures\Things\Heraldics\Symbols\HeraldrySymbol_Horse.png","13067","3E0FFA77A3E01F6351DA6B23416D57E4B5410EEE1B73865BF13CAC2D179CA269"
"VanillaExpanded","OskarPotocki.VFE.Medieval2","Vanilla Factions Expanded - Medieval 2","D:\Steam\steamapps\workshop\content\294100\3444347874","Textures\Things\Heraldics\Symbols\HeraldrySymbol_House.png","VanillaExpanded\OskarPotocki.VFE.Medieval2\Textures\Things\Heraldics\Symbols\HeraldrySymbol_House.png","8304","A18D96F1BACCA23313666FC55A9A4081A7B4D65FB2125338B9FAFE5FA9294EB7"
"VanillaExpanded","OskarPotocki.VFE.Medieval2","Vanilla Factions Expanded - Medieval 2","D:\Steam\steamapps\workshop\content\294100\3444347874","Textures\Things\Heraldics\Symbols\HeraldrySymbol_Human.png","VanillaExpanded\OskarPotocki.VFE.Medieval2\Textures\Things\Heraldics\Symbols\HeraldrySymbol_Human.png","13817","F98D7000841BDAA09F0F89FF204FF9F1129C4DBE3AA6599B25947770F4BA9F33"
"VanillaExpanded","OskarPotocki.VFE.Medieval2","Vanilla Factions Expanded - Medieval 2","D:\Steam\steamapps\workshop\content\294100\3444347874","Textures\Things\Heraldics\Symbols\HeraldrySymbol_InvertedStar.png","VanillaExpanded\OskarPotocki.VFE.Medieval2\Textures\Things\Heraldics\Symbols\HeraldrySymbol_InvertedStar.png","11671","64FC6E2DB4CE07B1AD52E144A309E469D3CA9A41A4D35D3EAE419C58895864C5"
"VanillaExpanded","OskarPotocki.VFE.Medieval2","Vanilla Factions Expanded - Medieval 2","D:\Steam\steamapps\workshop\content\294100\3444347874","Textures\Things\Heraldics\Symbols\HeraldrySymbol_Kraken.png","VanillaExpanded\OskarPotocki.VFE.Medieval2\Textures\Things\Heraldics\Symbols\HeraldrySymbol_Kraken.png","15596","689DA70A2C1871736DEDF93BB513A115D5F4BD028C919699A53679B5AF7EA9DC"
"VanillaExpanded","OskarPotocki.VFE.Medieval2","Vanilla Factions Expanded - Medieval 2","D:\Steam\steamapps\workshop\content\294100\3444347874","Textures\Things\Heraldics\Symbols\HeraldrySymbol_Lion.png","VanillaExpanded\OskarPotocki.VFE.Medieval2\Textures\Things\Heraldics\Symbols\HeraldrySymbol_Lion.png","13291","FF785783D03FD6D034F651D0A63FEC35EDA6E8F73FBC041FE686349208A360A7"
"VanillaExpanded","OskarPotocki.VFE.Medieval2","Vanilla Factions Expanded - Medieval 2","D:\Steam\steamapps\workshop\content\294100\3444347874","Textures\Things\Heraldics\Symbols\HeraldrySymbol_Lobster.png","VanillaExpanded\OskarPotocki.VFE.Medieval2\Textures\Things\Heraldics\Symbols\HeraldrySymbol_Lobster.png","12136","0912B18C98432ACDB329DC2C929CAF3162CF28863AE44FAB4E6C27FFA7B58323"
"VanillaExpanded","OskarPotocki.VFE.Medieval2","Vanilla Factions Expanded - Medieval 2","D:\Steam\steamapps\workshop\content\294100\3444347874","Textures\Things\Heraldics\Symbols\HeraldrySymbol_Man.png","VanillaExpanded\OskarPotocki.VFE.Medieval2\Textures\Things\Heraldics\Symbols\HeraldrySymbol_Man.png","10242","D6E1D8FEF3F32D08C0274A73105048F19E10CBF3CD1BF92DFF77BE9B16192CC2"
"VanillaExpanded","OskarPotocki.VFE.Medieval2","Vanilla Factions Expanded - Medieval 2","D:\Steam\steamapps\workshop\content\294100\3444347874","Textures\Things\Heraldics\Symbols\HeraldrySymbol_MechanicalSkull.png","VanillaExpanded\OskarPotocki.VFE.Medieval2\Textures\Things\Heraldics\Symbols\HeraldrySymbol_MechanicalSkull.png","12738","F5F0590F481F282C1CB9092F8B95316D91CAFBAD735B3A8A6C27C676C80A72D5"
"VanillaExpanded","OskarPotocki.VFE.Medieval2","Vanilla Factions Expanded - Medieval 2","D:\Steam\steamapps\workshop\content\294100\3444347874","Textures\Things\Heraldics\Symbols\HeraldrySymbol_Megaspider.png","VanillaExpanded\OskarPotocki.VFE.Medieval2\Textures\Things\Heraldics\Symbols\HeraldrySymbol_Megaspider.png","12649","15362EE415263FA24F90F5B03D5DC9C8A34D16B2413E475250409319FADD6C7F"
"VanillaExpanded","OskarPotocki.VFE.Medieval2","Vanilla Factions Expanded - Medieval 2","D:\Steam\steamapps\workshop\content\294100\3444347874","Textures\Things\Heraldics\Symbols\HeraldrySymbol_None.png","VanillaExpanded\OskarPotocki.VFE.Medieval2\Textures\Things\Heraldics\Symbols\HeraldrySymbol_None.png","355","AB8DEEE48C74392FA98C8D4E2D8E504864ACE55549EC4E1E90EE3ECF997EEEFF"
"VanillaExpanded","OskarPotocki.VFE.Medieval2","Vanilla Factions Expanded - Medieval 2","D:\Steam\steamapps\workshop\content\294100\3444347874","Textures\Things\Heraldics\Symbols\HeraldrySymbol_PiercedHeart.png","VanillaExpanded\OskarPotocki.VFE.Medieval2\Textures\Things\Heraldics\Symbols\HeraldrySymbol_PiercedHeart.png","10942","C13BF1D51D0FFF86945529FDBFB171464D866B847894EC1CBDB207058146A752"
"VanillaExpanded","OskarPotocki.VFE.Medieval2","Vanilla Factions Expanded - Medieval 2","D:\Steam\steamapps\workshop\content\294100\3444347874","Textures\Things\Heraldics\Symbols\HeraldrySymbol_PsychicEye.png","VanillaExpanded\OskarPotocki.VFE.Medieval2\Textures\Things\Heraldics\Symbols\HeraldrySymbol_PsychicEye.png","14012","93A244F58AF973ED13E7B5C96656AA08B38E17659004C6CF0BAE653462F54FED"
"VanillaExpanded","OskarPotocki.VFE.Medieval2","Vanilla Factions Expanded - Medieval 2","D:\Steam\steamapps\workshop\content\294100\3444347874","Textures\Things\Heraldics\Symbols\HeraldrySymbol_Radiation.png","VanillaExpanded\OskarPotocki.VFE.Medieval2\Textures\Things\Heraldics\Symbols\HeraldrySymbol_Radiation.png","10976","235C3867B48C52AA2B6924313DFA014D8E830BA5ACE67BC7E8192CBB62DD5374"
"VanillaExpanded","OskarPotocki.VFE.Medieval2","Vanilla Factions Expanded - Medieval 2","D:\Steam\steamapps\workshop\content\294100\3444347874","Textures\Things\Heraldics\Symbols\HeraldrySymbol_Scales.png","VanillaExpanded\OskarPotocki.VFE.Medieval2\Textures\Things\Heraldics\Symbols\HeraldrySymbol_Scales.png","12732","B06BE7FE32D504FDB4882600A33730C31C9F8E398D6F9546DA2165C8F351E693"
"VanillaExpanded","OskarPotocki.VFE.Medieval2","Vanilla Factions Expanded - Medieval 2","D:\Steam\steamapps\workshop\content\294100\3444347874","Textures\Things\Heraldics\Symbols\HeraldrySymbol_Shell.png","VanillaExpanded\OskarPotocki.VFE.Medieval2\Textures\Things\Heraldics\Symbols\HeraldrySymbol_Shell.png","13811","C8488BE1C430874374C47A8C2B93300ECBB34F1A9D5E0107740CBD85429ABE15"
"VanillaExpanded","OskarPotocki.VFE.Medieval2","Vanilla Factions Expanded - Medieval 2","D:\Steam\steamapps\workshop\content\294100\3444347874","Textures\Things\Heraldics\Symbols\HeraldrySymbol_Sheriff.png","VanillaExpanded\OskarPotocki.VFE.Medieval2\Textures\Things\Heraldics\Symbols\HeraldrySymbol_Sheriff.png","14344","7EEDB44F8A976C8DA8E93DEC5DFEFEF04D86BC07CF4DB6E73E9DA06AC331351C"
"VanillaExpanded","OskarPotocki.VFE.Medieval2","Vanilla Factions Expanded - Medieval 2","D:\Steam\steamapps\workshop\content\294100\3444347874","Textures\Things\Heraldics\Symbols\HeraldrySymbol_Shield.png","VanillaExpanded\OskarPotocki.VFE.Medieval2\Textures\Things\Heraldics\Symbols\HeraldrySymbol_Shield.png","12158","54A4786284993DBA835E97347D9868D8E0B383662C70DFAD27CC63C878E70E55"
"VanillaExpanded","OskarPotocki.VFE.Medieval2","Vanilla Factions Expanded - Medieval 2","D:\Steam\steamapps\workshop\content\294100\3444347874","Textures\Things\Heraldics\Symbols\HeraldrySymbol_Skull.png","VanillaExpanded\OskarPotocki.VFE.Medieval2\Textures\Things\Heraldics\Symbols\HeraldrySymbol_Skull.png","12226","AF3D10F6445A31A0043A436F5FBB328591F5B36F8ED64ABD1DC426AA4717A957"
"VanillaExpanded","OskarPotocki.VFE.Medieval2","Vanilla Factions Expanded - Medieval 2","D:\Steam\steamapps\workshop\content\294100\3444347874","Textures\Things\Heraldics\Symbols\HeraldrySymbol_Smokeleaf.png","VanillaExpanded\OskarPotocki.VFE.Medieval2\Textures\Things\Heraldics\Symbols\HeraldrySymbol_Smokeleaf.png","13308","3F5EF20AF0B97E35A1DA4EF709EB83E3B23946C23361D2B3CDCEC2FC3A6873B3"
"VanillaExpanded","OskarPotocki.VFE.Medieval2","Vanilla Factions Expanded - Medieval 2","D:\Steam\steamapps\workshop\content\294100\3444347874","Textures\Things\Heraldics\Symbols\HeraldrySymbol_Snake.png","VanillaExpanded\OskarPotocki.VFE.Medieval2\Textures\Things\Heraldics\Symbols\HeraldrySymbol_Snake.png","10330","7EF703BD351CC9BBB1A887884A52EFA2EDDD2E1731113916E1E6E3DB7213CA3D"
"VanillaExpanded","OskarPotocki.VFE.Medieval2","Vanilla Factions Expanded - Medieval 2","D:\Steam\steamapps\workshop\content\294100\3444347874","Textures\Things\Heraldics\Symbols\HeraldrySymbol_Stag.png","VanillaExpanded\OskarPotocki.VFE.Medieval2\Textures\Things\Heraldics\Symbols\HeraldrySymbol_Stag.png","12389","34F9ECD41001384ED70127872C81C11EF2FDA18B0C25F2A1E94C6193DB881218"
"VanillaExpanded","OskarPotocki.VFE.Medieval2","Vanilla Factions Expanded - Medieval 2","D:\Steam\steamapps\workshop\content\294100\3444347874","Textures\Things\Heraldics\Symbols\HeraldrySymbol_Sun.png","VanillaExpanded\OskarPotocki.VFE.Medieval2\Textures\Things\Heraldics\Symbols\HeraldrySymbol_Sun.png","14522","A85780C6623ADFA8ADF64BF5DC622A0DE7F416B0013E6CA02C59BBD04CF424AE"
"VanillaExpanded","OskarPotocki.VFE.Medieval2","Vanilla Factions Expanded - Medieval 2","D:\Steam\steamapps\workshop\content\294100\3444347874","Textures\Things\Heraldics\Symbols\HeraldrySymbol_Swan.png","VanillaExpanded\OskarPotocki.VFE.Medieval2\Textures\Things\Heraldics\Symbols\HeraldrySymbol_Swan.png","11141","451EDF26C42237555B989F3802B8C428378AA5F758AA621DA2EE523A39616B8B"
"VanillaExpanded","OskarPotocki.VFE.Medieval2","Vanilla Factions Expanded - Medieval 2","D:\Steam\steamapps\workshop\content\294100\3444347874","Textures\Things\Heraldics\Symbols\HeraldrySymbol_Temple.png","VanillaExpanded\OskarPotocki.VFE.Medieval2\Textures\Things\Heraldics\Symbols\HeraldrySymbol_Temple.png","8021","4D5EDA8954548D619A8B7C6581F12AB26414A451A475EDCAF001C4BC44EE583F"
"VanillaExpanded","OskarPotocki.VFE.Medieval2","Vanilla Factions Expanded - Medieval 2","D:\Steam\steamapps\workshop\content\294100\3444347874","Textures\Things\Heraldics\Symbols\HeraldrySymbol_Tent.png","VanillaExpanded\OskarPotocki.VFE.Medieval2\Textures\Things\Heraldics\Symbols\HeraldrySymbol_Tent.png","9093","874B9FDB9E474E831F56A818E6DA43B873517EA19E1509348F9E6CD87C202130"
"VanillaExpanded","OskarPotocki.VFE.Medieval2","Vanilla Factions Expanded - Medieval 2","D:\Steam\steamapps\workshop\content\294100\3444347874","Textures\Things\Heraldics\Symbols\HeraldrySymbol_Thrumbo.png","VanillaExpanded\OskarPotocki.VFE.Medieval2\Textures\Things\Heraldics\Symbols\HeraldrySymbol_Thrumbo.png","14510","244BE9370093998B2D54D73737C41BDDDD770BB2A06A48DF8F56B80FF60FA388"
"VanillaExpanded","OskarPotocki.VFE.Medieval2","Vanilla Factions Expanded - Medieval 2","D:\Steam\steamapps\workshop\content\294100\3444347874","Textures\Things\Heraldics\Symbols\HeraldrySymbol_Tree.png","VanillaExpanded\OskarPotocki.VFE.Medieval2\Textures\Things\Heraldics\Symbols\HeraldrySymbol_Tree.png","11924","344A98A15B72BA575D3709CD17A24A2CD9A0C3F2E098190CDC7B41836AEC1A69"
"VanillaExpanded","OskarPotocki.VFE.Medieval2","Vanilla Factions Expanded - Medieval 2","D:\Steam\steamapps\workshop\content\294100\3444347874","Textures\Things\Heraldics\Symbols\HeraldrySymbol_TrinityKnot.png","VanillaExpanded\OskarPotocki.VFE.Medieval2\Textures\Things\Heraldics\Symbols\HeraldrySymbol_TrinityKnot.png","12570","BA42C6BDC0CD7C5773C5FC61F0B22F83E2A6F560497D0EE2D7EE325F3040CBB1"
"VanillaExpanded","OskarPotocki.VFE.Medieval2","Vanilla Factions Expanded - Medieval 2","D:\Steam\steamapps\workshop\content\294100\3444347874","Textures\Things\Heraldics\Symbols\HeraldrySymbol_Valknut.png","VanillaExpanded\OskarPotocki.VFE.Medieval2\Textures\Things\Heraldics\Symbols\HeraldrySymbol_Valknut.png","12137","C0E29C866E152179824054F44A37155604135CCB33BD0D47D8956C86AC42F7B5"
"VanillaExpanded","OskarPotocki.VFE.Medieval2","Vanilla Factions Expanded - Medieval 2","D:\Steam\steamapps\workshop\content\294100\3444347874","Textures\Things\Heraldics\Symbols\HeraldrySymbol_WingedSword.png","VanillaExpanded\OskarPotocki.VFE.Medieval2\Textures\Things\Heraldics\Symbols\HeraldrySymbol_WingedSword.png","15340","4630E72F1177C0C2E5819D41DEC5C6FB23816F003FDBC4086E3C0B2226D10681"
"VanillaExpanded","OskarPotocki.VFE.Medieval2","Vanilla Factions Expanded - Medieval 2","D:\Steam\steamapps\workshop\content\294100\3444347874","Textures\Things\Heraldics\Symbols\HeraldrySymbol_Wolf.png","VanillaExpanded\OskarPotocki.VFE.Medieval2\Textures\Things\Heraldics\Symbols\HeraldrySymbol_Wolf.png","12112","3D227FDCA884AB1757C3DB0EEBD8D7C3FC320D616C12FAD8C132207313A6D9CB"
"VanillaExpanded","OskarPotocki.VFE.Medieval2","Vanilla Factions Expanded - Medieval 2","D:\Steam\steamapps\workshop\content\294100\3444347874","Textures\Things\Heraldics\Symbols\HeraldrySymbol_Woman.png","VanillaExpanded\OskarPotocki.VFE.Medieval2\Textures\Things\Heraldics\Symbols\HeraldrySymbol_Woman.png","9850","EC36DE71D44D737C242B5D9AAC2AA661F7B5FC60E4D2F8C2317BA3C5389FA580"
"VanillaExpanded","OskarPotocki.VFE.Medieval2","Vanilla Factions Expanded - Medieval 2","D:\Steam\steamapps\workshop\content\294100\3444347874","Textures\Things\Heraldics\Symbols\HeraldySymbol_Anchor.png","VanillaExpanded\OskarPotocki.VFE.Medieval2\Textures\Things\Heraldics\Symbols\HeraldySymbol_Anchor.png","11030","A89A8168BF5356709DD83492EF33B5FBB040160DD1AFDEAE007C1FFD721AB8DE"
"VanillaExpanded","OskarPotocki.VFE.Medieval2","Vanilla Factions Expanded - Medieval 2","D:\Steam\steamapps\workshop\content\294100\3444347874","Textures\Things\Heraldics\Symbols\HeraldySymbol_Bat.png","VanillaExpanded\OskarPotocki.VFE.Medieval2\Textures\Things\Heraldics\Symbols\HeraldySymbol_Bat.png","10904","AD4CAE300A89BFFF037186F87CD69BC1C5495820CC3BEA53BA47F9E13CF2681B"
"VanillaExpanded","OskarPotocki.VFE.Medieval2","Vanilla Factions Expanded - Medieval 2","D:\Steam\steamapps\workshop\content\294100\3444347874","Textures\Things\Heraldics\Symbols\HeraldySymbol_Bow.png","VanillaExpanded\OskarPotocki.VFE.Medieval2\Textures\Things\Heraldics\Symbols\HeraldySymbol_Bow.png","11313","EF8B181D97A187A223DA20BEB3E51F3EE648F0DBD2C2FBEE19CEAEDBEA84E03A"
"VanillaExpanded","OskarPotocki.VFE.Medieval2","Vanilla Factions Expanded - Medieval 2","D:\Steam\steamapps\workshop\content\294100\3444347874","Textures\Things\Heraldics\Symbols\HeraldySymbol_Bull.png","VanillaExpanded\OskarPotocki.VFE.Medieval2\Textures\Things\Heraldics\Symbols\HeraldySymbol_Bull.png","11866","A5E95DC4F8BA542949A0F792AB3433570DC62C6E5679F9344AE46C9222FD1E7D"
"VanillaExpanded","OskarPotocki.VFE.Medieval2","Vanilla Factions Expanded - Medieval 2","D:\Steam\steamapps\workshop\content\294100\3444347874","Textures\Things\Heraldics\Symbols\HeraldySymbol_BurningSword.png","VanillaExpanded\OskarPotocki.VFE.Medieval2\Textures\Things\Heraldics\Symbols\HeraldySymbol_BurningSword.png","13007","20CB10E4DA4E2AC069BF6F567B445214238AB987FC48D75F9696F6CA85636741"
"VanillaExpanded","OskarPotocki.VFE.Medieval2","Vanilla Factions Expanded - Medieval 2","D:\Steam\steamapps\workshop\content\294100\3444347874","Textures\Things\Heraldics\Symbols\HeraldySymbol_Castle.png","VanillaExpanded\OskarPotocki.VFE.Medieval2\Textures\Things\Heraldics\Symbols\HeraldySymbol_Castle.png","7560","B2B3F61E222C0DA1A969EB4E33E56EEECA8E24C39439D4D761C1ADD3B1B2D3DC"
"VanillaExpanded","OskarPotocki.VFE.Medieval2","Vanilla Factions Expanded - Medieval 2","D:\Steam\steamapps\workshop\content\294100\3444347874","Textures\Things\Heraldics\Symbols\HeraldySymbol_Cat.png","VanillaExpanded\OskarPotocki.VFE.Medieval2\Textures\Things\Heraldics\Symbols\HeraldySymbol_Cat.png","12160","8ED6B15AAF5857B4F28815D91D9C1FF1D1870EB11B8002AB975411087DDE7280"
"VanillaExpanded","OskarPotocki.VFE.Medieval2","Vanilla Factions Expanded - Medieval 2","D:\Steam\steamapps\workshop\content\294100\3444347874","Textures\Things\Heraldics\Symbols\HeraldySymbol_Cave.png","VanillaExpanded\OskarPotocki.VFE.Medieval2\Textures\Things\Heraldics\Symbols\HeraldySymbol_Cave.png","9988","7F940D65275635B00640D90A4683A614F4ADBB6ADD4D6D16BF8731CDFA8EA760"
"VanillaExpanded","OskarPotocki.VFE.Medieval2","Vanilla Factions Expanded - Medieval 2","D:\Steam\steamapps\workshop\content\294100\3444347874","Textures\Things\Heraldics\Symbols\HeraldySymbol_Centipede.png","VanillaExpanded\OskarPotocki.VFE.Medieval2\Textures\Things\Heraldics\Symbols\HeraldySymbol_Centipede.png","11656","2FA52C5DEFC790829EBCD1311711F950AAB5164E3A70FB4CA887F671EEF1696F"
"VanillaExpanded","OskarPotocki.VFE.Medieval2","Vanilla Factions Expanded - Medieval 2","D:\Steam\steamapps\workshop\content\294100\3444347874","Textures\Things\Heraldics\Symbols\HeraldySymbol_Chicken.png","VanillaExpanded\OskarPotocki.VFE.Medieval2\Textures\Things\Heraldics\Symbols\HeraldySymbol_Chicken.png","11597","F745A0F7B5B541A6B4F600609C650E22747D27259E0E8DE2BB7B458B2D1E5C77"
"VanillaExpanded","OskarPotocki.VFE.Medieval2","Vanilla Factions Expanded - Medieval 2","D:\Steam\steamapps\workshop\content\294100\3444347874","Textures\Things\Heraldics\Symbols\HeraldySymbol_Column.png","VanillaExpanded\OskarPotocki.VFE.Medieval2\Textures\Things\Heraldics\Symbols\HeraldySymbol_Column.png","8653","6F9DEB10ECE977B4B8553983F9C12229F9367DF0045A2C80A42E70402294D89F"
"VanillaExpanded","OskarPotocki.VFE.Medieval2","Vanilla Factions Expanded - Medieval 2","D:\Steam\steamapps\workshop\content\294100\3444347874","Textures\Things\Heraldics\Symbols\HeraldySymbol_Cross.png","VanillaExpanded\OskarPotocki.VFE.Medieval2\Textures\Things\Heraldics\Symbols\HeraldySymbol_Cross.png","7213","9C46AA51D9272E006F5DB45C492A066656B5809894FC0F36D7CAEBE5718797E7"
"VanillaExpanded","OskarPotocki.VFE.Medieval2","Vanilla Factions Expanded - Medieval 2","D:\Steam\steamapps\workshop\content\294100\3444347874","Textures\Things\Heraldics\Symbols\HeraldySymbol_CrossedAxes.png","VanillaExpanded\OskarPotocki.VFE.Medieval2\Textures\Things\Heraldics\Symbols\HeraldySymbol_CrossedAxes.png","11785","168CBA2FB181959868473189FB0A821CB0A17FC77CC6BE983A30E7D75C2B0E63"
"VanillaExpanded","OskarPotocki.VFE.Medieval2","Vanilla Factions Expanded - Medieval 2","D:\Steam\steamapps\workshop\content\294100\3444347874","Textures\Things\Heraldics\Symbols\HeraldySymbol_CrossedSwords.png","VanillaExpanded\OskarPotocki.VFE.Medieval2\Textures\Things\Heraldics\Symbols\HeraldySymbol_CrossedSwords.png","12577","F871134615900F8FDEF879C3AD513CAA02BA3C073AC94D119706C64FC7949B66"
"VanillaExpanded","OskarPotocki.VFE.Medieval2","Vanilla Factions Expanded - Medieval 2","D:\Steam\steamapps\workshop\content\294100\3444347874","Textures\Things\Heraldics\Symbols\HeraldySymbol_Crown.png","VanillaExpanded\OskarPotocki.VFE.Medieval2\Textures\Things\Heraldics\Symbols\HeraldySymbol_Crown.png","9954","AD261E4CC3BDF5B0DD8EDDF552B6028BA4A1DFAF75B0533C12689AA98BEC33BC"
"VanillaExpanded","OskarPotocki.VFE.Medieval2","Vanilla Factions Expanded - Medieval 2","D:\Steam\steamapps\workshop\content\294100\3444347874","Textures\Things\Heraldics\Symbols\HeraldySymbol_Dove.png","VanillaExpanded\OskarPotocki.VFE.Medieval2\Textures\Things\Heraldics\Symbols\HeraldySymbol_Dove.png","10032","325D4A3FF15B15E26EDF1DBC0D1415034397C863D7401BEE0A92594D07BDE048"
"VanillaExpanded","OskarPotocki.VFE.Medieval2","Vanilla Factions Expanded - Medieval 2","D:\Steam\steamapps\workshop\content\294100\3444347874","Textures\Things\Heraldics\Symbols\HeraldySymbol_Dragon.png","VanillaExpanded\OskarPotocki.VFE.Medieval2\Textures\Things\Heraldics\Symbols\HeraldySymbol_Dragon.png","12916","CDAC8E84936BFF4BD6ECC7A802787F52B0B2CCBA756579330E879017173B37E7"
"VanillaExpanded","OskarPotocki.VFE.Medieval2","Vanilla Factions Expanded - Medieval 2","D:\Steam\steamapps\workshop\content\294100\3444347874","Textures\Things\Heraldics\Symbols\HeraldySymbol_Eagle.png","VanillaExpanded\OskarPotocki.VFE.Medieval2\Textures\Things\Heraldics\Symbols\HeraldySymbol_Eagle.png","12456","45A89BB277C45B5641D3420C2E5871CE53EFE1517849709980898CFB2A7DE56F"
"VanillaExpanded","OskarPotocki.VFE.Medieval2","Vanilla Factions Expanded - Medieval 2","D:\Steam\steamapps\workshop\content\294100\3444347874","Textures\Things\Heraldics\Symbols\HeraldySymbol_Empire.png","VanillaExpanded\OskarPotocki.VFE.Medieval2\Textures\Things\Heraldics\Symbols\HeraldySymbol_Empire.png","10719","9683216CEF2F0AC43CC8AD630A2BD680691AB14A5ABFE3449303827729675DCE"
"VanillaExpanded","OskarPotocki.VFE.Medieval2","Vanilla Factions Expanded - Medieval 2","D:\Steam\steamapps\workshop\content\294100\3444347874","Textures\Things\Heraldics\Symbols\HeraldySymbol_Eye.png","VanillaExpanded\OskarPotocki.VFE.Medieval2\Textures\Things\Heraldics\Symbols\HeraldySymbol_Eye.png","10767","2157D10AEB277F5C5B59775E86F3EF7B77F52FA5F898A55742F219C8041EA171"
"VanillaExpanded","OskarPotocki.VFE.Medieval2","Vanilla Factions Expanded - Medieval 2","D:\Steam\steamapps\workshop\content\294100\3444347874","Textures\Things\Heraldics\Symbols\HeraldySymbol_Fangs.png","VanillaExpanded\OskarPotocki.VFE.Medieval2\Textures\Things\Heraldics\Symbols\HeraldySymbol_Fangs.png","11308","D139F62F6E7861B9FE5311759B98ADC152A4081B9A3B5D0877A731CAD9D14C42"
"VanillaExpanded","OskarPotocki.VFE.Medieval2","Vanilla Factions Expanded - Medieval 2","D:\Steam\steamapps\workshop\content\294100\3444347874","Textures\Things\Heraldics\Symbols\HeraldySymbol_Fire.png","VanillaExpanded\OskarPotocki.VFE.Medieval2\Textures\Things\Heraldics\Symbols\HeraldySymbol_Fire.png","11491","36AF77920D4D3C63FC9F175806D3AFCC0C634F7C550DA9E063783CD2791A3E1C"
"VanillaExpanded","OskarPotocki.VFE.Medieval2","Vanilla Factions Expanded - Medieval 2","D:\Steam\steamapps\workshop\content\294100\3444347874","Textures\Things\Heraldics\Symbols\HeraldySymbol_Fishes.png","VanillaExpanded\OskarPotocki.VFE.Medieval2\Textures\Things\Heraldics\Symbols\HeraldySymbol_Fishes.png","12517","36C3F4BFCEEA6B7DC2AB1EF7F04B45F1AE6E509C7D57E63700D1DD7A29820D85"
"VanillaExpanded","OskarPotocki.VFE.Medieval2","Vanilla Factions Expanded - Medieval 2","D:\Steam\steamapps\workshop\content\294100\3444347874","Textures\Things\Heraldics\Symbols\HeraldySymbol_FleurDeLis.png","VanillaExpanded\OskarPotocki.VFE.Medieval2\Textures\Things\Heraldics\Symbols\HeraldySymbol_FleurDeLis.png","11349","4F900CEB198D42E29B71E79F2A9DCFF43FE95551099F81B89283AFF772D905EE"
"VanillaExpanded","OskarPotocki.VFE.Medieval2","Vanilla Factions Expanded - Medieval 2","D:\Steam\steamapps\workshop\content\294100\3444347874","Textures\Things\Heraldics\Symbols\HeraldySymbol_Flower.png","VanillaExpanded\OskarPotocki.VFE.Medieval2\Textures\Things\Heraldics\Symbols\HeraldySymbol_Flower.png","13236","3D1231EC21CD6AC36F6C2CB6D544869006D39A7A5927A3632D75C03C5BD898E0"
"VanillaExpanded","OskarPotocki.VFE.Medieval2","Vanilla Factions Expanded - Medieval 2","D:\Steam\steamapps\workshop\content\294100\3444347874","Textures\Things\Heraldics\Symbols\HeraldySymbol_Goat.png","VanillaExpanded\OskarPotocki.VFE.Medieval2\Textures\Things\Heraldics\Symbols\HeraldySymbol_Goat.png","11375","D6548D0A24513C610DB5F0922D46B6669F1B32492D15B161D09DFF027173A5C0"
"VanillaExpanded","OskarPotocki.VFE.Medieval2","Vanilla Factions Expanded - Medieval 2","D:\Steam\steamapps\workshop\content\294100\3444347874","Textures\Things\Heraldics\Symbols\HeraldySymbol_Grapes.png","VanillaExpanded\OskarPotocki.VFE.Medieval2\Textures\Things\Heraldics\Symbols\HeraldySymbol_Grapes.png","13174","DE0FD9B8BEFC22F89931D7C629D3314690B40410690D64BB13BDAB6B6E041469"
"VanillaExpanded","OskarPotocki.VFE.Medieval2","Vanilla Factions Expanded - Medieval 2","D:\Steam\steamapps\workshop\content\294100\3444347874","Textures\Things\Heraldics\Symbols\HeraldySymbol_HelixienSlug.png","VanillaExpanded\OskarPotocki.VFE.Medieval2\Textures\Things\Heraldics\Symbols\HeraldySymbol_HelixienSlug.png","12384","EC982A8DF8BB4C1EA1FE444C2F9DBE0B136646B8D532753B2972E64FBBEB2616"
"VanillaExpanded","OskarPotocki.VFE.Medieval2","Vanilla Factions Expanded - Medieval 2","D:\Steam\steamapps\workshop\content\294100\3444347874","Textures\Things\Heraldics\Symbols\HeraldySymbol_Horse.png","VanillaExpanded\OskarPotocki.VFE.Medieval2\Textures\Things\Heraldics\Symbols\HeraldySymbol_Horse.png","13067","3E0FFA77A3E01F6351DA6B23416D57E4B5410EEE1B73865BF13CAC2D179CA269"
"VanillaExpanded","OskarPotocki.VFE.Medieval2","Vanilla Factions Expanded - Medieval 2","D:\Steam\steamapps\workshop\content\294100\3444347874","Textures\Things\Heraldics\Symbols\HeraldySymbol_House.png","VanillaExpanded\OskarPotocki.VFE.Medieval2\Textures\Things\Heraldics\Symbols\HeraldySymbol_House.png","8304","A18D96F1BACCA23313666FC55A9A4081A7B4D65FB2125338B9FAFE5FA9294EB7"
"VanillaExpanded","OskarPotocki.VFE.Medieval2","Vanilla Factions Expanded - Medieval 2","D:\Steam\steamapps\workshop\content\294100\3444347874","Textures\Things\Heraldics\Symbols\HeraldySymbol_Human.png","VanillaExpanded\OskarPotocki.VFE.Medieval2\Textures\Things\Heraldics\Symbols\HeraldySymbol_Human.png","13817","F98D7000841BDAA09F0F89FF204FF9F1129C4DBE3AA6599B25947770F4BA9F33"
"VanillaExpanded","OskarPotocki.VFE.Medieval2","Vanilla Factions Expanded - Medieval 2","D:\Steam\steamapps\workshop\content\294100\3444347874","Textures\Things\Heraldics\Symbols\HeraldySymbol_InvertedStar.png","VanillaExpanded\OskarPotocki.VFE.Medieval2\Textures\Things\Heraldics\Symbols\HeraldySymbol_InvertedStar.png","11671","64FC6E2DB4CE07B1AD52E144A309E469D3CA9A41A4D35D3EAE419C58895864C5"
"VanillaExpanded","OskarPotocki.VFE.Medieval2","Vanilla Factions Expanded - Medieval 2","D:\Steam\steamapps\workshop\content\294100\3444347874","Textures\Things\Heraldics\Symbols\HeraldySymbol_Kraken.png","VanillaExpanded\OskarPotocki.VFE.Medieval2\Textures\Things\Heraldics\Symbols\HeraldySymbol_Kraken.png","15596","689DA70A2C1871736DEDF93BB513A115D5F4BD028C919699A53679B5AF7EA9DC"
"VanillaExpanded","OskarPotocki.VFE.Medieval2","Vanilla Factions Expanded - Medieval 2","D:\Steam\steamapps\workshop\content\294100\3444347874","Textures\Things\Heraldics\Symbols\HeraldySymbol_Lion.png","VanillaExpanded\OskarPotocki.VFE.Medieval2\Textures\Things\Heraldics\Symbols\HeraldySymbol_Lion.png","13291","FF785783D03FD6D034F651D0A63FEC35EDA6E8F73FBC041FE686349208A360A7"
"VanillaExpanded","OskarPotocki.VFE.Medieval2","Vanilla Factions Expanded - Medieval 2","D:\Steam\steamapps\workshop\content\294100\3444347874","Textures\Things\Heraldics\Symbols\HeraldySymbol_Lobster.png","VanillaExpanded\OskarPotocki.VFE.Medieval2\Textures\Things\Heraldics\Symbols\HeraldySymbol_Lobster.png","12136","0912B18C98432ACDB329DC2C929CAF3162CF28863AE44FAB4E6C27FFA7B58323"
"VanillaExpanded","OskarPotocki.VFE.Medieval2","Vanilla Factions Expanded - Medieval 2","D:\Steam\steamapps\workshop\content\294100\3444347874","Textures\Things\Heraldics\Symbols\HeraldySymbol_Man.png","VanillaExpanded\OskarPotocki.VFE.Medieval2\Textures\Things\Heraldics\Symbols\HeraldySymbol_Man.png","10242","D6E1D8FEF3F32D08C0274A73105048F19E10CBF3CD1BF92DFF77BE9B16192CC2"
"VanillaExpanded","OskarPotocki.VFE.Medieval2","Vanilla Factions Expanded - Medieval 2","D:\Steam\steamapps\workshop\content\294100\3444347874","Textures\Things\Heraldics\Symbols\HeraldySymbol_MechanicalSkull.png","VanillaExpanded\OskarPotocki.VFE.Medieval2\Textures\Things\Heraldics\Symbols\HeraldySymbol_MechanicalSkull.png","12738","F5F0590F481F282C1CB9092F8B95316D91CAFBAD735B3A8A6C27C676C80A72D5"
"VanillaExpanded","OskarPotocki.VFE.Medieval2","Vanilla Factions Expanded - Medieval 2","D:\Steam\steamapps\workshop\content\294100\3444347874","Textures\Things\Heraldics\Symbols\HeraldySymbol_Megaspider.png","VanillaExpanded\OskarPotocki.VFE.Medieval2\Textures\Things\Heraldics\Symbols\HeraldySymbol_Megaspider.png","12649","15362EE415263FA24F90F5B03D5DC9C8A34D16B2413E475250409319FADD6C7F"
"VanillaExpanded","OskarPotocki.VFE.Medieval2","Vanilla Factions Expanded - Medieval 2","D:\Steam\steamapps\workshop\content\294100\3444347874","Textures\Things\Heraldics\Symbols\HeraldySymbol_PiercedHeart.png","VanillaExpanded\OskarPotocki.VFE.Medieval2\Textures\Things\Heraldics\Symbols\HeraldySymbol_PiercedHeart.png","10942","C13BF1D51D0FFF86945529FDBFB171464D866B847894EC1CBDB207058146A752"
"VanillaExpanded","OskarPotocki.VFE.Medieval2","Vanilla Factions Expanded - Medieval 2","D:\Steam\steamapps\workshop\content\294100\3444347874","Textures\Things\Heraldics\Symbols\HeraldySymbol_PsychicEye.png","VanillaExpanded\OskarPotocki.VFE.Medieval2\Textures\Things\Heraldics\Symbols\HeraldySymbol_PsychicEye.png","14012","93A244F58AF973ED13E7B5C96656AA08B38E17659004C6CF0BAE653462F54FED"
"VanillaExpanded","OskarPotocki.VFE.Medieval2","Vanilla Factions Expanded - Medieval 2","D:\Steam\steamapps\workshop\content\294100\3444347874","Textures\Things\Heraldics\Symbols\HeraldySymbol_Radiation.png","VanillaExpanded\OskarPotocki.VFE.Medieval2\Textures\Things\Heraldics\Symbols\HeraldySymbol_Radiation.png","10976","235C3867B48C52AA2B6924313DFA014D8E830BA5ACE67BC7E8192CBB62DD5374"
"VanillaExpanded","OskarPotocki.VFE.Medieval2","Vanilla Factions Expanded - Medieval 2","D:\Steam\steamapps\workshop\content\294100\3444347874","Textures\Things\Heraldics\Symbols\HeraldySymbol_Scales.png","VanillaExpanded\OskarPotocki.VFE.Medieval2\Textures\Things\Heraldics\Symbols\HeraldySymbol_Scales.png","12732","B06BE7FE32D504FDB4882600A33730C31C9F8E398D6F9546DA2165C8F351E693"
"VanillaExpanded","OskarPotocki.VFE.Medieval2","Vanilla Factions Expanded - Medieval 2","D:\Steam\steamapps\workshop\content\294100\3444347874","Textures\Things\Heraldics\Symbols\HeraldySymbol_Shell.png","VanillaExpanded\OskarPotocki.VFE.Medieval2\Textures\Things\Heraldics\Symbols\HeraldySymbol_Shell.png","13811","C8488BE1C430874374C47A8C2B93300ECBB34F1A9D5E0107740CBD85429ABE15"
"VanillaExpanded","OskarPotocki.VFE.Medieval2","Vanilla Factions Expanded - Medieval 2","D:\Steam\steamapps\workshop\content\294100\3444347874","Textures\Things\Heraldics\Symbols\HeraldySymbol_Sheriff.png","VanillaExpanded\OskarPotocki.VFE.Medieval2\Textures\Things\Heraldics\Symbols\HeraldySymbol_Sheriff.png","14344","7EEDB44F8A976C8DA8E93DEC5DFEFEF04D86BC07CF4DB6E73E9DA06AC331351C"
"VanillaExpanded","OskarPotocki.VFE.Medieval2","Vanilla Factions Expanded - Medieval 2","D:\Steam\steamapps\workshop\content\294100\3444347874","Textures\Things\Heraldics\Symbols\HeraldySymbol_Shield.png","VanillaExpanded\OskarPotocki.VFE.Medieval2\Textures\Things\Heraldics\Symbols\HeraldySymbol_Shield.png","12158","54A4786284993DBA835E97347D9868D8E0B383662C70DFAD27CC63C878E70E55"
"VanillaExpanded","OskarPotocki.VFE.Medieval2","Vanilla Factions Expanded - Medieval 2","D:\Steam\steamapps\workshop\content\294100\3444347874","Textures\Things\Heraldics\Symbols\HeraldySymbol_Skull.png","VanillaExpanded\OskarPotocki.VFE.Medieval2\Textures\Things\Heraldics\Symbols\HeraldySymbol_Skull.png","12226","AF3D10F6445A31A0043A436F5FBB328591F5B36F8ED64ABD1DC426AA4717A957"
"VanillaExpanded","OskarPotocki.VFE.Medieval2","Vanilla Factions Expanded - Medieval 2","D:\Steam\steamapps\workshop\content\294100\3444347874","Textures\Things\Heraldics\Symbols\HeraldySymbol_Smokeleaf.png","VanillaExpanded\OskarPotocki.VFE.Medieval2\Textures\Things\Heraldics\Symbols\HeraldySymbol_Smokeleaf.png","13308","3F5EF20AF0B97E35A1DA4EF709EB83E3B23946C23361D2B3CDCEC2FC3A6873B3"
"VanillaExpanded","OskarPotocki.VFE.Medieval2","Vanilla Factions Expanded - Medieval 2","D:\Steam\steamapps\workshop\content\294100\3444347874","Textures\Things\Heraldics\Symbols\HeraldySymbol_Snake.png","VanillaExpanded\OskarPotocki.VFE.Medieval2\Textures\Things\Heraldics\Symbols\HeraldySymbol_Snake.png","10330","7EF703BD351CC9BBB1A887884A52EFA2EDDD2E1731113916E1E6E3DB7213CA3D"
"VanillaExpanded","OskarPotocki.VFE.Medieval2","Vanilla Factions Expanded - Medieval 2","D:\Steam\steamapps\workshop\content\294100\3444347874","Textures\Things\Heraldics\Symbols\HeraldySymbol_Stag.png","VanillaExpanded\OskarPotocki.VFE.Medieval2\Textures\Things\Heraldics\Symbols\HeraldySymbol_Stag.png","12389","34F9ECD41001384ED70127872C81C11EF2FDA18B0C25F2A1E94C6193DB881218"
"VanillaExpanded","OskarPotocki.VFE.Medieval2","Vanilla Factions Expanded - Medieval 2","D:\Steam\steamapps\workshop\content\294100\3444347874","Textures\Things\Heraldics\Symbols\HeraldySymbol_Sun.png","VanillaExpanded\OskarPotocki.VFE.Medieval2\Textures\Things\Heraldics\Symbols\HeraldySymbol_Sun.png","14522","A85780C6623ADFA8ADF64BF5DC622A0DE7F416B0013E6CA02C59BBD04CF424AE"
"VanillaExpanded","OskarPotocki.VFE.Medieval2","Vanilla Factions Expanded - Medieval 2","D:\Steam\steamapps\workshop\content\294100\3444347874","Textures\Things\Heraldics\Symbols\HeraldySymbol_Swan.png","VanillaExpanded\OskarPotocki.VFE.Medieval2\Textures\Things\Heraldics\Symbols\HeraldySymbol_Swan.png","11141","451EDF26C42237555B989F3802B8C428378AA5F758AA621DA2EE523A39616B8B"
"VanillaExpanded","OskarPotocki.VFE.Medieval2","Vanilla Factions Expanded - Medieval 2","D:\Steam\steamapps\workshop\content\294100\3444347874","Textures\Things\Heraldics\Symbols\HeraldySymbol_Temple.png","VanillaExpanded\OskarPotocki.VFE.Medieval2\Textures\Things\Heraldics\Symbols\HeraldySymbol_Temple.png","8021","4D5EDA8954548D619A8B7C6581F12AB26414A451A475EDCAF001C4BC44EE583F"
"VanillaExpanded","OskarPotocki.VFE.Medieval2","Vanilla Factions Expanded - Medieval 2","D:\Steam\steamapps\workshop\content\294100\3444347874","Textures\Things\Heraldics\Symbols\HeraldySymbol_Tent.png","VanillaExpanded\OskarPotocki.VFE.Medieval2\Textures\Things\Heraldics\Symbols\HeraldySymbol_Tent.png","9093","874B9FDB9E474E831F56A818E6DA43B873517EA19E1509348F9E6CD87C202130"
"VanillaExpanded","OskarPotocki.VFE.Medieval2","Vanilla Factions Expanded - Medieval 2","D:\Steam\steamapps\workshop\content\294100\3444347874","Textures\Things\Heraldics\Symbols\HeraldySymbol_Thrumbo.png","VanillaExpanded\OskarPotocki.VFE.Medieval2\Textures\Things\Heraldics\Symbols\HeraldySymbol_Thrumbo.png","14510","244BE9370093998B2D54D73737C41BDDDD770BB2A06A48DF8F56B80FF60FA388"
"VanillaExpanded","OskarPotocki.VFE.Medieval2","Vanilla Factions Expanded - Medieval 2","D:\Steam\steamapps\workshop\content\294100\3444347874","Textures\Things\Heraldics\Symbols\HeraldySymbol_Tree.png","VanillaExpanded\OskarPotocki.VFE.Medieval2\Textures\Things\Heraldics\Symbols\HeraldySymbol_Tree.png","11924","344A98A15B72BA575D3709CD17A24A2CD9A0C3F2E098190CDC7B41836AEC1A69"
"VanillaExpanded","OskarPotocki.VFE.Medieval2","Vanilla Factions Expanded - Medieval 2","D:\Steam\steamapps\workshop\content\294100\3444347874","Textures\Things\Heraldics\Symbols\HeraldySymbol_TrinityKnot.png","VanillaExpanded\OskarPotocki.VFE.Medieval2\Textures\Things\Heraldics\Symbols\HeraldySymbol_TrinityKnot.png","12570","BA42C6BDC0CD7C5773C5FC61F0B22F83E2A6F560497D0EE2D7EE325F3040CBB1"
"VanillaExpanded","OskarPotocki.VFE.Medieval2","Vanilla Factions Expanded - Medieval 2","D:\Steam\steamapps\workshop\content\294100\3444347874","Textures\Things\Heraldics\Symbols\HeraldySymbol_Valknut.png","VanillaExpanded\OskarPotocki.VFE.Medieval2\Textures\Things\Heraldics\Symbols\HeraldySymbol_Valknut.png","12137","C0E29C866E152179824054F44A37155604135CCB33BD0D47D8956C86AC42F7B5"
"VanillaExpanded","OskarPotocki.VFE.Medieval2","Vanilla Factions Expanded - Medieval 2","D:\Steam\steamapps\workshop\content\294100\3444347874","Textures\Things\Heraldics\Symbols\HeraldySymbol_WingedSword.png","VanillaExpanded\OskarPotocki.VFE.Medieval2\Textures\Things\Heraldics\Symbols\HeraldySymbol_WingedSword.png","15340","4630E72F1177C0C2E5819D41DEC5C6FB23816F003FDBC4086E3C0B2226D10681"
"VanillaExpanded","OskarPotocki.VFE.Medieval2","Vanilla Factions Expanded - Medieval 2","D:\Steam\steamapps\workshop\content\294100\3444347874","Textures\Things\Heraldics\Symbols\HeraldySymbol_Wolf.png","VanillaExpanded\OskarPotocki.VFE.Medieval2\Textures\Things\Heraldics\Symbols\HeraldySymbol_Wolf.png","12112","3D227FDCA884AB1757C3DB0EEBD8D7C3FC320D616C12FAD8C132207313A6D9CB"
"VanillaExpanded","OskarPotocki.VFE.Medieval2","Vanilla Factions Expanded - Medieval 2","D:\Steam\steamapps\workshop\content\294100\3444347874","Textures\Things\Heraldics\Symbols\HeraldySymbol_Woman.png","VanillaExpanded\OskarPotocki.VFE.Medieval2\Textures\Things\Heraldics\Symbols\HeraldySymbol_Woman.png","9850","EC36DE71D44D737C242B5D9AAC2AA661F7B5FC60E4D2F8C2317BA3C5389FA580"
"VanillaExpanded","OskarPotocki.VFE.Medieval2","Vanilla Factions Expanded - Medieval 2","D:\Steam\steamapps\workshop\content\294100\3444347874","Textures\UI\CustomizeHeraldry.png","VanillaExpanded\OskarPotocki.VFE.Medieval2\Textures\UI\CustomizeHeraldry.png","13296","4A8B00B2E0249E3698EA47D4EBBF6C60AAB68A601CF374C3546FE5E58FF1C2F6"
"VanillaExpanded","OskarPotocki.VFE.Medieval2","Vanilla Factions Expanded - Medieval 2","D:\Steam\steamapps\workshop\content\294100\3444347874","Textures\UI\HeraldicRally.png","VanillaExpanded\OskarPotocki.VFE.Medieval2\Textures\UI\HeraldicRally.png","15587","0DE2D00B6B25F15AFCA3B1BF1EA7F158A7EA339A7DCA636205C7A0950EFCD7A3"
"VanillaExpanded","OskarPotocki.VFE.Medieval2","Vanilla Factions Expanded - Medieval 2","D:\Steam\steamapps\workshop\content\294100\3444347874","Textures\UI\HeroArt\Storytellers\MaynardMedieval.png","VanillaExpanded\OskarPotocki.VFE.Medieval2\Textures\UI\HeroArt\Storytellers\MaynardMedieval.png","357371","D2E6302F33DAC6B0AF43F2BC7409ABFFD9076D814044F3695F6CE0A39DD844D4"
"VanillaExpanded","OskarPotocki.VFE.Medieval2","Vanilla Factions Expanded - Medieval 2","D:\Steam\steamapps\workshop\content\294100\3444347874","Textures\UI\HeroArt\Storytellers\MaynardMedievalTiny.png","VanillaExpanded\OskarPotocki.VFE.Medieval2\Textures\UI\HeroArt\Storytellers\MaynardMedievalTiny.png","32670","B3A24E7AAD2670F9F5C5C1407E160655F7DD206B7B01E39072BDB06969370028"
"VanillaExpanded","OskarPotocki.VFE.Medieval2","Vanilla Factions Expanded - Medieval 2","D:\Steam\steamapps\workshop\content\294100\3444347874","Textures\UI\WhiteIndicator_Up.png","VanillaExpanded\OskarPotocki.VFE.Medieval2\Textures\UI\WhiteIndicator_Up.png","1193","2C8209384FF77B7D55F6BFBE6DD2E21D7C9109C4FE24331A352DD9FE6A20DA89"
"VanillaExpanded","OskarPotocki.VFE.Medieval2","Vanilla Factions Expanded - Medieval 2","D:\Steam\steamapps\workshop\content\294100\3444347874","Textures\VikingStyle\VikingAutodoor_Icon.png","VanillaExpanded\OskarPotocki.VFE.Medieval2\Textures\VikingStyle\VikingAutodoor_Icon.png","2840","682D4C2765CF47EDEBBE82310D664B08A423FC92FC5CEDD5C9AAF7B36335CDC8"
"VanillaExpanded","OskarPotocki.VFE.Medieval2","Vanilla Factions Expanded - Medieval 2","D:\Steam\steamapps\workshop\content\294100\3444347874","Textures\VikingStyle\VikingDoor_Icon.png","VanillaExpanded\OskarPotocki.VFE.Medieval2\Textures\VikingStyle\VikingDoor_Icon.png","4288","B130BEF4B859BC5A06AF0D022A2B2953AE88547372A8522655BC68461A8AD45D"
"VanillaExpanded","OskarPotocki.VFE.Tribals","Vanilla Factions Expanded - Tribals","D:\Steam\steamapps\workshop\content\294100\3079786283","Textures\UI\Expanding\WildMenTribe.png","VanillaExpanded\OskarPotocki.VFE.Tribals\Textures\UI\Expanding\WildMenTribe.png","3230","11FE3BFC1176C43B6CC7B10D4FC09E62EB89CFE7129234EA34B289F3EFFC2166"
"VanillaExpanded","OskarPotocki.VFE.Tribals","Vanilla Factions Expanded - Tribals","D:\Steam\steamapps\workshop\content\294100\3079786283","Textures\UI\FactionGathering.png","VanillaExpanded\OskarPotocki.VFE.Tribals\Textures\UI\FactionGathering.png","5569","6F8BA9F7DB5E3FEF1A444BFB5F45FBFB9E1E8AE530EA04F630C40BC5E0EC2C2B"
"VanillaExpanded","OskarPotocki.VFE.Tribals","Vanilla Factions Expanded - Tribals","D:\Steam\steamapps\workshop\content\294100\3079786283","Textures\UI\Icons\ExtinguishLargeFire.png","VanillaExpanded\OskarPotocki.VFE.Tribals\Textures\UI\Icons\ExtinguishLargeFire.png","14104","80EED0FABB09229A774EAE49A05E091B09E0BF1425458632C9C5CAC54ACA0CD4"
"VanillaExpanded","OskarPotocki.VFE.Tribals","Vanilla Factions Expanded - Tribals","D:\Steam\steamapps\workshop\content\294100\3079786283","Textures\UI\Icons\LightLargeFire.png","VanillaExpanded\OskarPotocki.VFE.Tribals\Textures\UI\Icons\LightLargeFire.png","24233","DE6E36AD591AE52F20B4F5C910C9EAA8577A657CDDA837B865D2213855BA297A"
"VanillaExpanded","OskarPotocki.VFE.Tribals","Vanilla Factions Expanded - Tribals","D:\Steam\steamapps\workshop\content\294100\3079786283","Textures\UI\Icons\Rituals\Ritual_FormCity.png","VanillaExpanded\OskarPotocki.VFE.Tribals\Textures\UI\Icons\Rituals\Ritual_FormCity.png","6883","2153CBDC12CB7581FC2618D596711DE7AA69D3779697EB7CB9A4C844383C5F45"
"VanillaExpanded","OskarPotocki.VFE.Tribals","Vanilla Factions Expanded - Tribals","D:\Steam\steamapps\workshop\content\294100\3079786283","Textures\UI\Icons\Rituals\Ritual_FormCollective.png","VanillaExpanded\OskarPotocki.VFE.Tribals\Textures\UI\Icons\Rituals\Ritual_FormCollective.png","6356","BD6CC7F3B010952C73BD2118AD0AA61F8A650BEA14B68146D4924B24D1FB1D66"
"VanillaExpanded","OskarPotocki.VFE.Tribals","Vanilla Factions Expanded - Tribals","D:\Steam\steamapps\workshop\content\294100\3079786283","Textures\UI\Icons\Rituals\Ritual_FormNexus.png","VanillaExpanded\OskarPotocki.VFE.Tribals\Textures\UI\Icons\Rituals\Ritual_FormNexus.png","5926","6177BD7F95CDCABB6D77BFCFBE167957868BF211EA48C64E490E638594AEC11E"
"VanillaExpanded","OskarPotocki.VFE.Tribals","Vanilla Factions Expanded - Tribals","D:\Steam\steamapps\workshop\content\294100\3079786283","Textures\UI\Icons\Rituals\Ritual_FormTown.png","VanillaExpanded\OskarPotocki.VFE.Tribals\Textures\UI\Icons\Rituals\Ritual_FormTown.png","6877","DA4CCB2C91558FE315BB5026D94F0F068236A677D9AC8F10AB81E5AAB24FAF72"
"VanillaExpanded","OskarPotocki.VFE.Tribals","Vanilla Factions Expanded - Tribals","D:\Steam\steamapps\workshop\content\294100\3079786283","Textures\UI\Icons\Rituals\Ritual_FormTribe.png","VanillaExpanded\OskarPotocki.VFE.Tribals\Textures\UI\Icons\Rituals\Ritual_FormTribe.png","8755","DCC668C2EDDEA2372D0C03C54866F64C58E680ACFAA060BC1DC363038C6E1C5C"
"VanillaExpanded","OskarPotocki.VFE.Tribals","Vanilla Factions Expanded - Tribals","D:\Steam\steamapps\workshop\content\294100\3079786283","Textures\UI\Icons\Rituals\Ritual_TribalGathering.png","VanillaExpanded\OskarPotocki.VFE.Tribals\Textures\UI\Icons\Rituals\Ritual_TribalGathering.png","5213","48A28A8761AABCD0B435111CB1F1CDCACBB047563F99683BD0C23ACA85F74382"
"VanillaExpanded","OskarPotocki.VFE.Tribals","Vanilla Factions Expanded - Tribals","D:\Steam\steamapps\workshop\content\294100\3079786283","Textures\UI\QuestSites\QuestSite_WildMenGroup.png","VanillaExpanded\OskarPotocki.VFE.Tribals\Textures\UI\QuestSites\QuestSite_WildMenGroup.png","4511","63DAAD86997D09D4C1AE286C75132A97EDEA1FADD46D272EC71F0FEDA0C95578"
"FCP","Rick.FCP.BOS","FCP - Brotherhood of Steel","D:\Steam\steamapps\common\RimWorld\Mods\FCP-Brotherhood-of-Steel","Common\Textures\Things\UI\Ideology\Appalaccia\FCP_Appalaccian_Reformists.png","FCP\Rick.FCP.BOS\Common\Textures\Things\UI\Ideology\Appalaccia\FCP_Appalaccian_Reformists.png","12867","9748E78A5C4FF288C88844FF3592799FBD9D6FCFC8A68683657712AD2326D8A3"
"FCP","Rick.FCP.BOS","FCP - Brotherhood of Steel","D:\Steam\steamapps\common\RimWorld\Mods\FCP-Brotherhood-of-Steel","Common\Textures\Things\UI\Ideology\Appalaccia\FCP_The_Chain_That_Binds.png","FCP\Rick.FCP.BOS\Common\Textures\Things\UI\Ideology\Appalaccia\FCP_The_Chain_That_Binds.png","10850","2F2F277403F575FEF647B9553E49878C05A77547382A96A5D9242327F416F561"
"FCP","Rick.FCP.BOS","FCP - Brotherhood of Steel","D:\Steam\steamapps\common\RimWorld\Mods\FCP-Brotherhood-of-Steel","Common\Textures\Things\UI\Ideology\BoS\FCP_BoS_Codex_Supremacy.png","FCP\Rick.FCP.BOS\Common\Textures\Things\UI\Ideology\BoS\FCP_BoS_Codex_Supremacy.png","5390","745754699B34BBCAF3FC3411B02574C4FD76032A8E9BA779016BE2F580345902"
"FCP","Rick.FCP.BOS","FCP - Brotherhood of Steel","D:\Steam\steamapps\common\RimWorld\Mods\FCP-Brotherhood-of-Steel","Common\Textures\Things\UI\Ideology\BoS\FCP_BoS_Elder.png","FCP\Rick.FCP.BOS\Common\Textures\Things\UI\Ideology\BoS\FCP_BoS_Elder.png","8050","9271F331CFE53571555E2A79BAF58C6351823B7B9C5DECB0A5F9E81E4B41EEEA"
"FCP","Rick.FCP.BOS","FCP - Brotherhood of Steel","D:\Steam\steamapps\common\RimWorld\Mods\FCP-Brotherhood-of-Steel","Common\Textures\Things\UI\Ideology\BoS\FCP_BoS_Paladin.png","FCP\Rick.FCP.BOS\Common\Textures\Things\UI\Ideology\BoS\FCP_BoS_Paladin.png","6475","4D39556723229AA0F858A017886F68B9CE732654F59EC6D35858F40E4885F044"
"FCP","Rick.FCP.BOS","FCP - Brotherhood of Steel","D:\Steam\steamapps\common\RimWorld\Mods\FCP-Brotherhood-of-Steel","Common\Textures\Things\UI\Ideology\Lyons_Pride\FCP_Lyons_Pride_Shield_of_the_People.png","FCP\Rick.FCP.BOS\Common\Textures\Things\UI\Ideology\Lyons_Pride\FCP_Lyons_Pride_Shield_of_the_People.png","10582","41FBBDAAFDB5ABE5079F5C71DE1E00AA5B9185A6756AF19554413E53F8A30BE9"
"FCP","Rick.FCP.BOS","FCP - Brotherhood of Steel","D:\Steam\steamapps\common\RimWorld\Mods\FCP-Brotherhood-of-Steel","Common\Textures\Things\UI\Ideology\Lyons_Pride\FCP_Lyons_Pride_Steel_Compassion.png","FCP\Rick.FCP.BOS\Common\Textures\Things\UI\Ideology\Lyons_Pride\FCP_Lyons_Pride_Steel_Compassion.png","8425","E74110A89E453E1BE3CFF714DBD8BB64819B9E5DF57D04B993F533C8FE4D28A8"
"FCP","Rick.FCP.BOS","FCP - Brotherhood of Steel","D:\Steam\steamapps\common\RimWorld\Mods\FCP-Brotherhood-of-Steel","Common\Textures\Things\UI\Ideology\Midwest\FCP_Midwest_Steel_Vanguard.png","FCP\Rick.FCP.BOS\Common\Textures\Things\UI\Ideology\Midwest\FCP_Midwest_Steel_Vanguard.png","5761","D60DB124C7B0E9673E6249CD5C708E1F6CD6DDFE8B72C7661C0D4483DF849D6C"
"FCP","Rick.FCP.BOS","FCP - Brotherhood of Steel","D:\Steam\steamapps\common\RimWorld\Mods\FCP-Brotherhood-of-Steel","Common\Textures\Things\UI\Ideology\Outcasts\FCP_Outcast_Defender_of_the_Codex.png","FCP\Rick.FCP.BOS\Common\Textures\Things\UI\Ideology\Outcasts\FCP_Outcast_Defender_of_the_Codex.png","6385","4B75B1CD10E3EA3892E7585EB6BAB0403E708613C104194D23C32530511A060C"
"FCP","Rick.FCP.BOS","FCP - Brotherhood of Steel","D:\Steam\steamapps\common\RimWorld\Mods\FCP-Brotherhood-of-Steel","Common\Textures\Things\UI\Ideology\Outcasts\FCP_Outcast_True_Codex.png","FCP\Rick.FCP.BOS\Common\Textures\Things\UI\Ideology\Outcasts\FCP_Outcast_True_Codex.png","6491","1434CE808CD656C801E4A09E865FE0D8E3D2D041BA0C44990FB84E1C87DAA266"
"FCP","Rick.FCP.BOS","FCP - Brotherhood of Steel","D:\Steam\steamapps\common\RimWorld\Mods\FCP-Brotherhood-of-Steel","Common\Textures\World_Icon\BoS_Icon\FCP_Appalaccia_World_Icon.png","FCP\Rick.FCP.BOS\Common\Textures\World_Icon\BoS_Icon\FCP_Appalaccia_World_Icon.png","10728","5659011D0FC2473E732941DEB1255EC7B539F97E4BAC70D8AF1C98455E99F0C6"
"FCP","Rick.FCP.BOS","FCP - Brotherhood of Steel","D:\Steam\steamapps\common\RimWorld\Mods\FCP-Brotherhood-of-Steel","Common\Textures\World_Icon\BoS_Icon\FCP_BoS_World_Icon.png","FCP\Rick.FCP.BOS\Common\Textures\World_Icon\BoS_Icon\FCP_BoS_World_Icon.png","8947","28B6E02B0B9C2ACEEAAF6CEA4670971539FC66BAF7012B9FD1F087D8BF4B3F19"
"FCP","Rick.FCP.BOS","FCP - Brotherhood of Steel","D:\Steam\steamapps\common\RimWorld\Mods\FCP-Brotherhood-of-Steel","Common\Textures\World_Icon\BoS_Icon\FCP_Lost_Hills_World_Icon.png","FCP\Rick.FCP.BOS\Common\Textures\World_Icon\BoS_Icon\FCP_Lost_Hills_World_Icon.png","8473","BAFF1D53ED8F97E3656919B8690ACDC6641464745B7E41A087CB7B0446E85454"
"FCP","Rick.FCP.BOS","FCP - Brotherhood of Steel","D:\Steam\steamapps\common\RimWorld\Mods\FCP-Brotherhood-of-Steel","Common\Textures\World_Icon\BoS_Icon\FCP_Lyons_Pride_Remnants_World_Icon.png","FCP\Rick.FCP.BOS\Common\Textures\World_Icon\BoS_Icon\FCP_Lyons_Pride_Remnants_World_Icon.png","9119","E863380E2A9BB8DF8693C64F8C0AE57F08DD1E456A9D3E87904FFBFE9A49EE32"
"FCP","Rick.FCP.BOS","FCP - Brotherhood of Steel","D:\Steam\steamapps\common\RimWorld\Mods\FCP-Brotherhood-of-Steel","Common\Textures\World_Icon\BoS_Icon\FCP_Midwestern_BoS_World_Icon.png","FCP\Rick.FCP.BOS\Common\Textures\World_Icon\BoS_Icon\FCP_Midwestern_BoS_World_Icon.png","9458","9DD4027749969ECE18B9C974A932E267C7D2FC5E4877DF5B0B6BB8F768A20BCA"
"FCP","Rick.FCP.BOS","FCP - Brotherhood of Steel","D:\Steam\steamapps\common\RimWorld\Mods\FCP-Brotherhood-of-Steel","Common\Textures\World_Icon\BoS_Icon\FCP_Mojave_World_Icon.png","FCP\Rick.FCP.BOS\Common\Textures\World_Icon\BoS_Icon\FCP_Mojave_World_Icon.png","9320","CF5EA42B072B8025DF8D5A3D1761AD655781E06EFC9AD457EBE7ADC40638FAE0"
"FCP","Rick.FCP.BOS","FCP - Brotherhood of Steel","D:\Steam\steamapps\common\RimWorld\Mods\FCP-Brotherhood-of-Steel","Common\Textures\World_Icon\BoS_Icon\FCP_Outcast_World_Icon.png","FCP\Rick.FCP.BOS\Common\Textures\World_Icon\BoS_Icon\FCP_Outcast_World_Icon.png","6242","31FB8A41B052D74ABA57E3DA4A2767832F46695316456E062B5D7CCE93C29DCE"
"FCP","Rick.FCP.Core.Tools","FCP - Tools","D:\Steam\steamapps\common\RimWorld\Mods\FCP-Tools","Common\Textures\MapIcons\Sites\FCP_Aerial_Vehicle_Site.png","FCP\Rick.FCP.Core.Tools\Common\Textures\MapIcons\Sites\FCP_Aerial_Vehicle_Site.png","10907","19FD3E11FDE1681A361B266E5593320C18012B72D2881EA716173E56A80D5DBB"
"FCP","Rick.FCP.Core.Tools","FCP - Tools","D:\Steam\steamapps\common\RimWorld\Mods\FCP-Tools","Common\Textures\MapIcons\Sites\FCP_Bunker_Hill_Monument_Site.png","FCP\Rick.FCP.Core.Tools\Common\Textures\MapIcons\Sites\FCP_Bunker_Hill_Monument_Site.png","6758","50767E6C016C5E4A7D1B5BF8C6B8E37B5937FA30CA08DA5B01DAA0FF54DD49A0"
"FCP","Rick.FCP.Core.Tools","FCP - Tools","D:\Steam\steamapps\common\RimWorld\Mods\FCP-Tools","Common\Textures\MapIcons\Sites\FCP_Camp_Site.png","FCP\Rick.FCP.Core.Tools\Common\Textures\MapIcons\Sites\FCP_Camp_Site.png","5559","00CD51CAC7673936E07C0344BFD4128FCC412BD286872D1382492A34500159B4"
"FCP","Rick.FCP.Core.Tools","FCP - Tools","D:\Steam\steamapps\common\RimWorld\Mods\FCP-Tools","Common\Textures\MapIcons\Sites\FCP_Capitol_Building_Site.png","FCP\Rick.FCP.Core.Tools\Common\Textures\MapIcons\Sites\FCP_Capitol_Building_Site.png","6120","DBFCCF604A6DA528FA884C1EF20C3E903C616369E656A7B5E4901B00DE0F1040"
"FCP","Rick.FCP.Core.Tools","FCP - Tools","D:\Steam\steamapps\common\RimWorld\Mods\FCP-Tools","Common\Textures\MapIcons\Sites\FCP_Caravan_Site.png","FCP\Rick.FCP.Core.Tools\Common\Textures\MapIcons\Sites\FCP_Caravan_Site.png","6917","98287D29F570F14BA39009E7CAC18019ACCA2A03C0A639DDB495B00ED1144BFD"
"FCP","Rick.FCP.Core.Tools","FCP - Tools","D:\Steam\steamapps\common\RimWorld\Mods\FCP-Tools","Common\Textures\MapIcons\Sites\FCP_Cave_Site.png","FCP\Rick.FCP.Core.Tools\Common\Textures\MapIcons\Sites\FCP_Cave_Site.png","9243","1542F81B7896BBCB507483FA6C581FB49A4FE960E3C80AF654A7F38B9BBBC85C"
"FCP","Rick.FCP.Core.Tools","FCP - Tools","D:\Steam\steamapps\common\RimWorld\Mods\FCP-Tools","Common\Textures\MapIcons\Sites\FCP_Cemetery_Site.png","FCP\Rick.FCP.Core.Tools\Common\Textures\MapIcons\Sites\FCP_Cemetery_Site.png","4405","C6BD17E618B74C99ACD617233119CE24FD249582B72F91B1F714898D736F29F5"
"FCP","Rick.FCP.Core.Tools","FCP - Tools","D:\Steam\steamapps\common\RimWorld\Mods\FCP-Tools","Common\Textures\MapIcons\Sites\FCP_Church_Site.png","FCP\Rick.FCP.Core.Tools\Common\Textures\MapIcons\Sites\FCP_Church_Site.png","5118","D81FF1DF648591B5A145733419F9DBC0A9E7D7B6F281C630679B654B7C0D09E1"
"FCP","Rick.FCP.Core.Tools","FCP - Tools","D:\Steam\steamapps\common\RimWorld\Mods\FCP-Tools","Common\Textures\MapIcons\Sites\FCP_City_Site.png","FCP\Rick.FCP.Core.Tools\Common\Textures\MapIcons\Sites\FCP_City_Site.png","4507","FAAC8990198D4F1307A1C7D7560A19B6C219DB31DFE8CAA4DEE05DA91332D694"
"FCP","Rick.FCP.Core.Tools","FCP - Tools","D:\Steam\steamapps\common\RimWorld\Mods\FCP-Tools","Common\Textures\MapIcons\Sites\FCP_Coastal_City_Site.png","FCP\Rick.FCP.Core.Tools\Common\Textures\MapIcons\Sites\FCP_Coastal_City_Site.png","6025","E1512843807734D7F2988466DDFF9E7DADE830DB493E2DEBC3D99E979CA293C8"
"FCP","Rick.FCP.Core.Tools","FCP - Tools","D:\Steam\steamapps\common\RimWorld\Mods\FCP-Tools","Common\Textures\MapIcons\Sites\FCP_Diamond_City_Site.png","FCP\Rick.FCP.Core.Tools\Common\Textures\MapIcons\Sites\FCP_Diamond_City_Site.png","14368","778C52D487FD26F05CB0CEFF95A2209660ACEA0DBB01834A8FC9B4F04CD7DA7A"
"FCP","Rick.FCP.Core.Tools","FCP - Tools","D:\Steam\steamapps\common\RimWorld\Mods\FCP-Tools","Common\Textures\MapIcons\Sites\FCP_Farm_Site.png","FCP\Rick.FCP.Core.Tools\Common\Textures\MapIcons\Sites\FCP_Farm_Site.png","16342","F35161541F235625E9E90F6A9D16671F7F78C6B1C48599DE2A05C8E578116B63"
"FCP","Rick.FCP.Core.Tools","FCP - Tools","D:\Steam\steamapps\common\RimWorld\Mods\FCP-Tools","Common\Textures\MapIcons\Sites\FCP_Farmhouse_Site.png","FCP\Rick.FCP.Core.Tools\Common\Textures\MapIcons\Sites\FCP_Farmhouse_Site.png","10670","26A9B3EC37518DEF775B9D1F9FB8D0DE0E9F83541754B0D6EF92AC04C622E319"
"FCP","Rick.FCP.Core.Tools","FCP - Tools","D:\Steam\steamapps\common\RimWorld\Mods\FCP-Tools","Common\Textures\MapIcons\Sites\FCP_Forrester_Site.png","FCP\Rick.FCP.Core.Tools\Common\Textures\MapIcons\Sites\FCP_Forrester_Site.png","7374","202E2C3CFB37D0C049F0129B0365154CF3A4CA2C075F02310F979EC5F7C9D682"
"FCP","Rick.FCP.Core.Tools","FCP - Tools","D:\Steam\steamapps\common\RimWorld\Mods\FCP-Tools","Common\Textures\MapIcons\Sites\FCP_Generic_Quest_Site.png","FCP\Rick.FCP.Core.Tools\Common\Textures\MapIcons\Sites\FCP_Generic_Quest_Site.png","3187","12C4FDB595C034BD2DB51775761587EE78DC4099C4907F4623EA5E9D795C6626"
"FCP","Rick.FCP.Core.Tools","FCP - Tools","D:\Steam\steamapps\common\RimWorld\Mods\FCP-Tools","Common\Textures\MapIcons\Sites\FCP_Hospital_Site.png","FCP\Rick.FCP.Core.Tools\Common\Textures\MapIcons\Sites\FCP_Hospital_Site.png","15156","B3A61112955ECF5949BE20A6279114A3921337942D2FBE45A96E4A167FC392C6"
"FCP","Rick.FCP.Core.Tools","FCP - Tools","D:\Steam\steamapps\common\RimWorld\Mods\FCP-Tools","Common\Textures\MapIcons\Sites\FCP_Industrial_Building_Site.png","FCP\Rick.FCP.Core.Tools\Common\Textures\MapIcons\Sites\FCP_Industrial_Building_Site.png","4833","0D3509C1A77405C9265E1300E2304F85293227EB6F5D27AAFC34CCD395FF39EC"
"FCP","Rick.FCP.Core.Tools","FCP - Tools","D:\Steam\steamapps\common\RimWorld\Mods\FCP-Tools","Common\Textures\MapIcons\Sites\FCP_Large_Bunker_Site.png","FCP\Rick.FCP.Core.Tools\Common\Textures\MapIcons\Sites\FCP_Large_Bunker_Site.png","4359","A20594F25E7FAD4118ACCDFF64CF43B2D510450BB0F742002CDB9CC69EE476C6"
"FCP","Rick.FCP.Core.Tools","FCP - Tools","D:\Steam\steamapps\common\RimWorld\Mods\FCP-Tools","Common\Textures\MapIcons\Sites\FCP_Large_Campsite.png","FCP\Rick.FCP.Core.Tools\Common\Textures\MapIcons\Sites\FCP_Large_Campsite.png","8064","FA659A15876DCF22F8D3575B8F4300B0EF1AC0DBB86421AD37F348D6604C4504"
"FCP","Rick.FCP.Core.Tools","FCP - Tools","D:\Steam\steamapps\common\RimWorld\Mods\FCP-Tools","Common\Textures\MapIcons\Sites\FCP_Large_Church_Site.png","FCP\Rick.FCP.Core.Tools\Common\Textures\MapIcons\Sites\FCP_Large_Church_Site.png","6468","FD49A7B833046F6C425442CC4E53B4F5B6A34AC38302D407CD3698B4AA78BA2E"
"FCP","Rick.FCP.Core.Tools","FCP - Tools","D:\Steam\steamapps\common\RimWorld\Mods\FCP-Tools","Common\Textures\MapIcons\Sites\FCP_Large_Ruins_Site.png","FCP\Rick.FCP.Core.Tools\Common\Textures\MapIcons\Sites\FCP_Large_Ruins_Site.png","6071","F81F88298C85D3CE2FED1B01D2C60C28F4580D33C129031BD9F4135F49AC153C"
"FCP","Rick.FCP.Core.Tools","FCP - Tools","D:\Steam\steamapps\common\RimWorld\Mods\FCP-Tools","Common\Textures\MapIcons\Sites\FCP_Metro_City_Site.png","FCP\Rick.FCP.Core.Tools\Common\Textures\MapIcons\Sites\FCP_Metro_City_Site.png","20078","9FB8C338874635ED85C752B5FE2C0E465E23A4E9657B264359263862DA56EF65"
"FCP","Rick.FCP.Core.Tools","FCP - Tools","D:\Steam\steamapps\common\RimWorld\Mods\FCP-Tools","Common\Textures\MapIcons\Sites\FCP_Mine_Site.png","FCP\Rick.FCP.Core.Tools\Common\Textures\MapIcons\Sites\FCP_Mine_Site.png","9419","6E78791627BB0F241B0529CDD6B62A4AF4ADA87D5082FC907FA00646AE4B618F"
"FCP","Rick.FCP.Core.Tools","FCP - Tools","D:\Steam\steamapps\common\RimWorld\Mods\FCP-Tools","Common\Textures\MapIcons\Sites\FCP_Minuteman_Site.png","FCP\Rick.FCP.Core.Tools\Common\Textures\MapIcons\Sites\FCP_Minuteman_Site.png","10875","352004D179B13B4F6F8C4AC8205FE3FC8E22391E9B283E867AAB6E3F0E5D5735"
"FCP","Rick.FCP.Core.Tools","FCP - Tools","D:\Steam\steamapps\common\RimWorld\Mods\FCP-Tools","Common\Textures\MapIcons\Sites\FCP_NCR_Quest_Icon.png","FCP\Rick.FCP.Core.Tools\Common\Textures\MapIcons\Sites\FCP_NCR_Quest_Icon.png","10680","732A7969F53F210E911E9EBE20260B44C45C7576EAFD6F5F0BBD80A8AA189860"
"FCP","Rick.FCP.Core.Tools","FCP - Tools","D:\Steam\steamapps\common\RimWorld\Mods\FCP-Tools","Common\Textures\MapIcons\Sites\FCP_Old_North_Church_Site.png","FCP\Rick.FCP.Core.Tools\Common\Textures\MapIcons\Sites\FCP_Old_North_Church_Site.png","5853","712EAF6A05A2FEF5CCE75B1C1A73603CE064E3DC44B96CD144A9D97B66971794"
"FCP","Rick.FCP.Core.Tools","FCP - Tools","D:\Steam\steamapps\common\RimWorld\Mods\FCP-Tools","Common\Textures\MapIcons\Sites\FCP_Police_Site.png","FCP\Rick.FCP.Core.Tools\Common\Textures\MapIcons\Sites\FCP_Police_Site.png","13633","747D626A8155DC7B18E1BEF573BD7EAFCA11E50B6D8CCDA32EE7DADA76B6AE45"
"FCP","Rick.FCP.Core.Tools","FCP - Tools","D:\Steam\steamapps\common\RimWorld\Mods\FCP-Tools","Common\Textures\MapIcons\Sites\FCP_Radio_Tower_Site.png","FCP\Rick.FCP.Core.Tools\Common\Textures\MapIcons\Sites\FCP_Radio_Tower_Site.png","15281","CBB14D8C06B574CF5B9BB3266F39FB4807C1F7CFD8C934FBB7C645FBDA045164"
"FCP","Rick.FCP.Core.Tools","FCP - Tools","D:\Steam\steamapps\common\RimWorld\Mods\FCP-Tools","Common\Textures\MapIcons\Sites\FCP_Radioactive_Site.png","FCP\Rick.FCP.Core.Tools\Common\Textures\MapIcons\Sites\FCP_Radioactive_Site.png","19631","981EF81D5F070490241479BA3BC166AE7D274C89533CBB286CE6027017726F22"
"FCP","Rick.FCP.Core.Tools","FCP - Tools","D:\Steam\steamapps\common\RimWorld\Mods\FCP-Tools","Common\Textures\MapIcons\Sites\FCP_Ruins_Site.png","FCP\Rick.FCP.Core.Tools\Common\Textures\MapIcons\Sites\FCP_Ruins_Site.png","12313","40B8B0BD3CD4CCE05F0DC1B5EBA1589A663E50C2BB0FD4F1A46C14272E5D06E9"
"FCP","Rick.FCP.Core.Tools","FCP - Tools","D:\Steam\steamapps\common\RimWorld\Mods\FCP-Tools","Common\Textures\MapIcons\Sites\FCP_Satellite_Site.png","FCP\Rick.FCP.Core.Tools\Common\Textures\MapIcons\Sites\FCP_Satellite_Site.png","8249","70D7E4AF62E403BD8EB38A29C2FC12783F2F84B56FB7966C4C26E0F42B153B2F"
"FCP","Rick.FCP.Core.Tools","FCP - Tools","D:\Steam\steamapps\common\RimWorld\Mods\FCP-Tools","Common\Textures\MapIcons\Sites\FCP_Scrapyard_Site.png","FCP\Rick.FCP.Core.Tools\Common\Textures\MapIcons\Sites\FCP_Scrapyard_Site.png","14329","DA1FBA9219615C7FF735BCA02450A291A09306C93DD535D0814E60931BCBC0B3"
"FCP","Rick.FCP.Core.Tools","FCP - Tools","D:\Steam\steamapps\common\RimWorld\Mods\FCP-Tools","Common\Textures\MapIcons\Sites\FCP_Small_Building_Site.png","FCP\Rick.FCP.Core.Tools\Common\Textures\MapIcons\Sites\FCP_Small_Building_Site.png","3642","927E26AFFF5AEFB8422B647ECCDA799CA34424227948B27D318AFAA31B1AFBFF"
"FCP","Rick.FCP.Core.Tools","FCP - Tools","D:\Steam\steamapps\common\RimWorld\Mods\FCP-Tools","Common\Textures\MapIcons\Sites\FCP_Small_Bunker_Site.png","FCP\Rick.FCP.Core.Tools\Common\Textures\MapIcons\Sites\FCP_Small_Bunker_Site.png","5206","0CA01717CA4BDA8743426F18B3E003367170A0339CA2B42F8BC5605C15AF7220"
"FCP","Rick.FCP.Core.Tools","FCP - Tools","D:\Steam\steamapps\common\RimWorld\Mods\FCP-Tools","Common\Textures\MapIcons\Sites\FCP_Small_Ruins_Site.png","FCP\Rick.FCP.Core.Tools\Common\Textures\MapIcons\Sites\FCP_Small_Ruins_Site.png","3322","CBFC2D77A144895ED0B6CEE05C16EB933E3C7B19209AFE13EE98BBCDA5A510B7"
"FCP","Rick.FCP.Core.Tools","FCP - Tools","D:\Steam\steamapps\common\RimWorld\Mods\FCP-Tools","Common\Textures\MapIcons\Sites\FCP_Small_Settlement_Site.png","FCP\Rick.FCP.Core.Tools\Common\Textures\MapIcons\Sites\FCP_Small_Settlement_Site.png","6981","02042556B9929E21B73F1B64EB05159A5480B53A67C6C6928407E50B083BED9A"
"FCP","Rick.FCP.Core.Tools","FCP - Tools","D:\Steam\steamapps\common\RimWorld\Mods\FCP-Tools","Common\Textures\MapIcons\Sites\FCP_Star_Cinema_Site.png","FCP\Rick.FCP.Core.Tools\Common\Textures\MapIcons\Sites\FCP_Star_Cinema_Site.png","7895","72ACB03D3F4B01115D91B2DE6316168C747911A2F9067E5DA88FA9B7B6573140"
"FCP","Rick.FCP.Core.Tools","FCP - Tools","D:\Steam\steamapps\common\RimWorld\Mods\FCP-Tools","Common\Textures\MapIcons\Sites\FCP_US_Army_Site.png","FCP\Rick.FCP.Core.Tools\Common\Textures\MapIcons\Sites\FCP_US_Army_Site.png","18842","74B99CDCD53C673D1F8B20E3FD88E8F9679DB1275890C03BCCADB49F0B24C694"
"FCP","Rick.FCP.Core.Tools","FCP - Tools","D:\Steam\steamapps\common\RimWorld\Mods\FCP-Tools","Common\Textures\MapIcons\Sites\FCP_Vault_Site.png","FCP\Rick.FCP.Core.Tools\Common\Textures\MapIcons\Sites\FCP_Vault_Site.png","10269","9A827D1D1D4174447BDEB9E9E79C0FB06F34AC75ADCE60289B06C7A650549469"
"FCP","Rick.FCP.Core.Tools","FCP - Tools","D:\Steam\steamapps\common\RimWorld\Mods\FCP-Tools","Common\Textures\MapIcons\Sites\FCP_Warehouse_Site.png","FCP\Rick.FCP.Core.Tools\Common\Textures\MapIcons\Sites\FCP_Warehouse_Site.png","4846","973D464DD44DFE90F853ABB6FC299D92F731DB49DD1DF177F489B696709EC7EF"
"FCP","Rick.FCP.Core.Tools","FCP - Tools","D:\Steam\steamapps\common\RimWorld\Mods\FCP-Tools","Common\Textures\MapIcons\Sites\FCP_Washington_DC_Site.png","FCP\Rick.FCP.Core.Tools\Common\Textures\MapIcons\Sites\FCP_Washington_DC_Site.png","6354","2CDD30A4C145377DD28159071D7CBD221685997C61D8A8C3336DE0EC083CA6F9"
"FCP","Rick.FCP.Core.Tools","FCP - Tools","D:\Steam\steamapps\common\RimWorld\Mods\FCP-Tools","Common\Textures\MapIcons\Sites\FCP_Water_Treatment_Site.png","FCP\Rick.FCP.Core.Tools\Common\Textures\MapIcons\Sites\FCP_Water_Treatment_Site.png","17508","050D05B3AB2037A231A14F94E57F6E76F4205882EBBF6D540CF15E14ED1B9A2E"
"FCP","Rick.FCP.Core.Tools","FCP - Tools","D:\Steam\steamapps\common\RimWorld\Mods\FCP-Tools","Common\Textures\UI\FCP_VATS_Logo.png","FCP\Rick.FCP.Core.Tools\Common\Textures\UI\FCP_VATS_Logo.png","97749","E28F7F9467EBA7643D99F71AF5DFF75D146D66742CAEC0B5D135EBEF84B33E6D"
"FCP","Rick.FCP.Core.Tools","FCP - Tools","D:\Steam\steamapps\common\RimWorld\Mods\FCP-Tools","Common\Textures\UI\FCP_VATS_Logo_Small.png","FCP\Rick.FCP.Core.Tools\Common\Textures\UI\FCP_VATS_Logo_Small.png","50479","C79000D2389CA1442F220157C0D7FFDFA1678640C822D4612E0AD2873D56011F"
"FCP","Rick.FCP.Core.Tools","FCP - Tools","D:\Steam\steamapps\common\RimWorld\Mods\FCP-Tools","Common\Textures\UI\HeroArt\BGPlanet.png","FCP\Rick.FCP.Core.Tools\Common\Textures\UI\HeroArt\BGPlanet.png","1813996","3EDBA385F08E7084AA12EACCB947CE147AD185F5735F3723901867FCC2185BFB"
"FCP","Rick.FCP.Core.Tools","FCP - Tools","D:\Steam\steamapps\common\RimWorld\Mods\FCP-Tools","Common\Textures\UI\HeroArt\MenuBG_Anomaly.png","FCP\Rick.FCP.Core.Tools\Common\Textures\UI\HeroArt\MenuBG_Anomaly.png","1988092","EEBDA040BD9FA4A7DB2002C64BE0A4958D39D4D12461703B1F725CF719CC85E5"
"FCP","Rick.FCP.Core.Tools","FCP - Tools","D:\Steam\steamapps\common\RimWorld\Mods\FCP-Tools","Common\Textures\UI\HeroArt\MenuBG_Biotech.png","FCP\Rick.FCP.Core.Tools\Common\Textures\UI\HeroArt\MenuBG_Biotech.png","1750396","69C04B4F47894848CF2037F1F4A279D1BDDD35A628BC625CDA5CE2878B4F7649"
"FCP","Rick.FCP.Core.Tools","FCP - Tools","D:\Steam\steamapps\common\RimWorld\Mods\FCP-Tools","Common\Textures\UI\HeroArt\MenuBG_Ideology.png","FCP\Rick.FCP.Core.Tools\Common\Textures\UI\HeroArt\MenuBG_Ideology.png","1874061","006A9C5D91890D4099BAF44CC575F71DDFF24BDD3D03D0C8E07F36451DC1BFA8"
"FCP","Rick.FCP.Core.Tools","FCP - Tools","D:\Steam\steamapps\common\RimWorld\Mods\FCP-Tools","Common\Textures\UI\HeroArt\MenuBG_Odyssey.png","FCP\Rick.FCP.Core.Tools\Common\Textures\UI\HeroArt\MenuBG_Odyssey.png","1725489","3688C70BFFC454605060AD3E5AE12DB66F0348F456C6006A2AD38F497D68268A"
"FCP","Rick.FCP.Core.Tools","FCP - Tools","D:\Steam\steamapps\common\RimWorld\Mods\FCP-Tools","Common\Textures\UI\HeroArt\MenuBG_Royalty.png","FCP\Rick.FCP.Core.Tools\Common\Textures\UI\HeroArt\MenuBG_Royalty.png","2623025","A5A0A74A83CC575BE50235BFB22E21ECDF79EB9B7561C9D3A6DDC5FDE1D02AA6"
"FCP","Rick.FCP.Core.Tools","FCP - Tools","D:\Steam\steamapps\common\RimWorld\Mods\FCP-Tools","Common\Textures\UI\HeroArt\Storytellers\FCP_Augustus_Autumn.png","FCP\Rick.FCP.Core.Tools\Common\Textures\UI\HeroArt\Storytellers\FCP_Augustus_Autumn.png","760095","8A8C41BE4A4495E078CC32D661C0F4A6680EB0719D362B1E6DF4BE27DCC2AD3F"
"FCP","Rick.FCP.Core.Tools","FCP - Tools","D:\Steam\steamapps\common\RimWorld\Mods\FCP-Tools","Common\Textures\UI\HeroArt\Storytellers\FCP_Augustus_Autumn_Tiny.png","FCP\Rick.FCP.Core.Tools\Common\Textures\UI\HeroArt\Storytellers\FCP_Augustus_Autumn_Tiny.png","940082","EA6C5DBDE3C538B5551C629383D48A1BF1C2ECBA4624A2BB4DA673E956396100"
"FCP","Rick.FCP.Core.Tools","FCP - Tools","D:\Steam\steamapps\common\RimWorld\Mods\FCP-Tools","Common\Textures\UI\HeroArt\Storytellers\FCP_Father_Elijah.png","FCP\Rick.FCP.Core.Tools\Common\Textures\UI\HeroArt\Storytellers\FCP_Father_Elijah.png","841497","02190A204EBCCDBDC52E490F0098139822177B01D7F8258187543CA929FB6E22"
"FCP","Rick.FCP.Core.Tools","FCP - Tools","D:\Steam\steamapps\common\RimWorld\Mods\FCP-Tools","Common\Textures\UI\HeroArt\Storytellers\FCP_Father_Elijah_Tiny.png","FCP\Rick.FCP.Core.Tools\Common\Textures\UI\HeroArt\Storytellers\FCP_Father_Elijah_Tiny.png","1318616","D830346D4390561CBB846AB87990A66D7A00122E55BDD51D31377DEE75BF416E"
"FCP","Rick.FCP.Core.Tools","FCP - Tools","D:\Steam\steamapps\common\RimWorld\Mods\FCP-Tools","Common\Textures\UI\HeroArt\Storytellers\FCP_Ranger_Rick.png","FCP\Rick.FCP.Core.Tools\Common\Textures\UI\HeroArt\Storytellers\FCP_Ranger_Rick.png","1027164","A878D75BC2570E91B271DC6EB38BECED5DE2674CD4DB1AAFE8EC65B6F5CCF94F"
"FCP","Rick.FCP.Core.Tools","FCP - Tools","D:\Steam\steamapps\common\RimWorld\Mods\FCP-Tools","Common\Textures\UI\HeroArt\Storytellers\FCP_Ranger_Rick_Tiny.png","FCP\Rick.FCP.Core.Tools\Common\Textures\UI\HeroArt\Storytellers\FCP_Ranger_Rick_Tiny.png","1092821","9D07A35EA30C603ACC355893283B8A288C1367943B90C71E9C9F9D5F81BBA0D0"
"FCP","Rick.FCP.Core.Tools","FCP - Tools","D:\Steam\steamapps\common\RimWorld\Mods\FCP-Tools","Common\Textures\UI\HeroArt\Storytellers\FCP_Tabitha.png","FCP\Rick.FCP.Core.Tools\Common\Textures\UI\HeroArt\Storytellers\FCP_Tabitha.png","1225716","E123AB2FDB663C519C489AED9E0485C155573B01F0BEA026439B687342013E49"
"FCP","Rick.FCP.Core.Tools","FCP - Tools","D:\Steam\steamapps\common\RimWorld\Mods\FCP-Tools","Common\Textures\UI\HeroArt\Storytellers\FCP_Tabitha_Tiny.png","FCP\Rick.FCP.Core.Tools\Common\Textures\UI\HeroArt\Storytellers\FCP_Tabitha_Tiny.png","1168219","09A4D96F7187A58BE51B48EFC3CC4B5B0B3582F3F604FF6D3DF2800CAEDAA152"
"FCP","Rick.FCP.Core.Tools","FCP - Tools","D:\Steam\steamapps\common\RimWorld\Mods\FCP-Tools","Common\Textures\UI\HeroArt\Storytellers\FCP_Vault_Boy.png","FCP\Rick.FCP.Core.Tools\Common\Textures\UI\HeroArt\Storytellers\FCP_Vault_Boy.png","866153","793F30D3C1DCF292EB17A650D130A6D08C7EC55D071B74F50CD58F37C0E9EB50"
"FCP","Rick.FCP.Core.Tools","FCP - Tools","D:\Steam\steamapps\common\RimWorld\Mods\FCP-Tools","Common\Textures\UI\HeroArt\Storytellers\FCP_Vault_Boy_Tiny.png","FCP\Rick.FCP.Core.Tools\Common\Textures\UI\HeroArt\Storytellers\FCP_Vault_Boy_Tiny.png","1127133","55765EA010C680ECBA1B1438FADF89B49D09921791EC1B5CD81CA2ED977B8C50"
"FCP","Rick.FCP.Core.Tools","FCP - Tools","D:\Steam\steamapps\common\RimWorld\Mods\FCP-Tools","Common\Textures\UI\HeroArt\Storytellers\FCP_Vault_Girl.png","FCP\Rick.FCP.Core.Tools\Common\Textures\UI\HeroArt\Storytellers\FCP_Vault_Girl.png","767897","C284D0A9873E007B89E1A9E0A0E56DEB2524A4933D744938CC7C902F7F43EE35"
"FCP","Rick.FCP.Core.Tools","FCP - Tools","D:\Steam\steamapps\common\RimWorld\Mods\FCP-Tools","Common\Textures\UI\HeroArt\Storytellers\FCP_Vault_Girl_Tiny.png","FCP\Rick.FCP.Core.Tools\Common\Textures\UI\HeroArt\Storytellers\FCP_Vault_Girl_Tiny.png","1157474","4E0D9B4D6198524BADE24F123012B9036D35A9F232D7C268BBAF1482B0A2BE79"
"FCP","Rick.FCP.Core.Tools","FCP - Tools","D:\Steam\steamapps\common\RimWorld\Mods\FCP-Tools","Common\Textures\UI\Icons\Wasteland.png","FCP\Rick.FCP.Core.Tools\Common\Textures\UI\Icons\Wasteland.png","216071","32628CE823DF2B60041690FCDF2AB7B2A9ECC6669406A789D6E6BBCBC469B194"
"FCP","Rick.FCP.Enclave","FCP - The Enclave","D:\Steam\steamapps\common\RimWorld\Mods\FCP-Enclave","Common\Textures\Things\UI\Enlisted\FCP_Enclave_Call_Reinforcements.png","FCP\Rick.FCP.Enclave\Common\Textures\Things\UI\Enlisted\FCP_Enclave_Call_Reinforcements.png","37556","2440AB56167C85E04666CFB9133CDE3C56AE67D8A39B77AB8F427C605618920D"
"FCP","Rick.FCP.Enclave","FCP - The Enclave","D:\Steam\steamapps\common\RimWorld\Mods\FCP-Enclave","Common\Textures\Things\UI\Enlisted\FCP_Enclave_Enlist.png","FCP\Rick.FCP.Enclave\Common\Textures\Things\UI\Enlisted\FCP_Enclave_Enlist.png","16286","9C656A5C33776A634169F99D90C60A5B33A9266948F3D9ED2DC3121F01122CFA"
"FCP","Rick.FCP.Enclave","FCP - The Enclave","D:\Steam\steamapps\common\RimWorld\Mods\FCP-Enclave","Common\Textures\Things\UI\Enlisted\FCP_Enclave_Hospital.png","FCP\Rick.FCP.Enclave\Common\Textures\Things\UI\Enlisted\FCP_Enclave_Hospital.png","8159","846E1920E636C6F5824D170561E4698143C9C1230E4F08CFC14A0F62B743FF23"
"FCP","Rick.FCP.Enclave","FCP - The Enclave","D:\Steam\steamapps\common\RimWorld\Mods\FCP-Enclave","Common\Textures\Things\UI\Enlisted\FCP_Enclave_Missions.png","FCP\Rick.FCP.Enclave\Common\Textures\Things\UI\Enlisted\FCP_Enclave_Missions.png","19481","09FD8837E13AA9C0CB8511ACE7E65E0D3125D64EE5C2747F3C0C5ADC0AB80334"
"FCP","Rick.FCP.Enclave","FCP - The Enclave","D:\Steam\steamapps\common\RimWorld\Mods\FCP-Enclave","Common\Textures\Things\UI\Enlisted\FCP_Enclave_Resign.png","FCP\Rick.FCP.Enclave\Common\Textures\Things\UI\Enlisted\FCP_Enclave_Resign.png","16398","43312158164C92BBDFBA7545752BF5A9F0E3914803DE154A08A5C6FDDA873CD9"
"FCP","Rick.FCP.Enclave","FCP - The Enclave","D:\Steam\steamapps\common\RimWorld\Mods\FCP-Enclave","Common\Textures\Things\UI\Enlisted\FCP_Enclave_Survival_Training.png","FCP\Rick.FCP.Enclave\Common\Textures\Things\UI\Enlisted\FCP_Enclave_Survival_Training.png","21385","1FEA1F14F3D781A53BBF8873DAF4A376E8693C91D25519B3FA6EDD57F443DA64"
"FCP","Rick.FCP.Enclave","FCP - The Enclave","D:\Steam\steamapps\common\RimWorld\Mods\FCP-Enclave","Common\Textures\Things\UI\Enlisted\FCP_Enclave_Training_Care.png","FCP\Rick.FCP.Enclave\Common\Textures\Things\UI\Enlisted\FCP_Enclave_Training_Care.png","6600","F4A0CE517170284F170F49BBFE93E570186BBE5CD4B7F2CCFF0462BFC2A16B2F"
"FCP","Rick.FCP.Enclave","FCP - The Enclave","D:\Steam\steamapps\common\RimWorld\Mods\FCP-Enclave","Common\Textures\Things\UI\Enlisted\FCP_Enclave_Training_Combat.png","FCP\Rick.FCP.Enclave\Common\Textures\Things\UI\Enlisted\FCP_Enclave_Training_Combat.png","34615","1B3D55CE67D1303F47A0464A2FAEAA7A0E67E18287BBC834F27BB6EBE79F0563"
"FCP","Rick.FCP.Enclave","FCP - The Enclave","D:\Steam\steamapps\common\RimWorld\Mods\FCP-Enclave","Common\Textures\Things\UI\Enlisted\FCP_Turn_In.png","FCP\Rick.FCP.Enclave\Common\Textures\Things\UI\Enlisted\FCP_Turn_In.png","12889","4C67A9065C15BBF8DEC7DFBD0E676200B72D71664FCB35FCD694356262DE9ADF"
"FCP","Rick.FCP.Enclave","FCP - The Enclave","D:\Steam\steamapps\common\RimWorld\Mods\FCP-Enclave","Common\Textures\Things\UI\Ideology\FCP_Enclave_Manifest Destiny.png","FCP\Rick.FCP.Enclave\Common\Textures\Things\UI\Ideology\FCP_Enclave_Manifest Destiny.png","7177","582F4CEB16F341CB9CF36EE44B1DD5FA858951F27E0340B0295A8E9B62DD021D"
"FCP","Rick.FCP.Enclave","FCP - The Enclave","D:\Steam\steamapps\common\RimWorld\Mods\FCP-Enclave","Common\Textures\Things\UI\Roles\FCP_Enclave_Officer.png","FCP\Rick.FCP.Enclave\Common\Textures\Things\UI\Roles\FCP_Enclave_Officer.png","9587","DA5AE9FFB72D35055B216FF110BD2FC15D661E3713B6A4681BC2FA5955BFFC66"
"FCP","Rick.FCP.Enclave","FCP - The Enclave","D:\Steam\steamapps\common\RimWorld\Mods\FCP-Enclave","Common\Textures\World_Icon\Enclave_Icon\FCP_Enclave_World_Icon.png","FCP\Rick.FCP.Enclave\Common\Textures\World_Icon\Enclave_Icon\FCP_Enclave_World_Icon.png","9587","DA5AE9FFB72D35055B216FF110BD2FC15D661E3713B6A4681BC2FA5955BFFC66"
"FCP","Rick.FCP.Ghouls","FCP - Ghouls","D:\Steam\steamapps\common\RimWorld\Mods\FCP-Ghouls","Common\Textures\UI\Icons\Genes\FCP_Gene_Ghoul_Ferality.png","FCP\Rick.FCP.Ghouls\Common\Textures\UI\Icons\Genes\FCP_Gene_Ghoul_Ferality.png","5257","45EBB285E153D755382EBDB2DC5A470C019A86EAD6629F2BDA4713DE4220A12C"
"FCP","Rick.FCP.Ghouls","FCP - Ghouls","D:\Steam\steamapps\common\RimWorld\Mods\FCP-Ghouls","Common\Textures\UI\Icons\Genes\FCP_Gene_Ghoul_GlowingOne.png","FCP\Rick.FCP.Ghouls\Common\Textures\UI\Icons\Genes\FCP_Gene_Ghoul_GlowingOne.png","9296","1B813E6DA0C46AEB47FEA9C66FB9436864CAD4EA5825BEF81DFBC04270E6CE6A"
"FCP","Rick.FCP.Ghouls","FCP - Ghouls","D:\Steam\steamapps\common\RimWorld\Mods\FCP-Ghouls","Common\Textures\UI\Icons\Genes\FCP_Gene_Ghoul_Toxic_Aura.png","FCP\Rick.FCP.Ghouls\Common\Textures\UI\Icons\Genes\FCP_Gene_Ghoul_Toxic_Aura.png","6493","1B74DF638A6821917064508D8102477399074D30A6BDE197895490A2A5664052"
"FCP","Rick.FCP.Ghouls","FCP - Ghouls","D:\Steam\steamapps\common\RimWorld\Mods\FCP-Ghouls","Common\Textures\UI\Icons\Genes\FCP_Gene_Ghoul_Toxic_Heal.png","FCP\Rick.FCP.Ghouls\Common\Textures\UI\Icons\Genes\FCP_Gene_Ghoul_Toxic_Heal.png","5825","5CBE1DA6307829BE6ABFD3ED3A54D54D17104FC4C67F51F73BEA029D7CE31106"
"FCP","Rick.FCP.Ghouls","FCP - Ghouls","D:\Steam\steamapps\common\RimWorld\Mods\FCP-Ghouls","Common\Textures\UI\Xenotypes\FCP_Ghoul_Xenotype.png","FCP\Rick.FCP.Ghouls\Common\Textures\UI\Xenotypes\FCP_Ghoul_Xenotype.png","8419","4B6EEE59E6358E252964A727FCAE5E8482B5F0468DF3CE055FBDB2F90B2072B2"
"FCP","Rick.FCP.GreatKhans","FCP - Great Khans","D:\Steam\steamapps\common\RimWorld\Mods\FCP-Great-Khans","Common\Textures\World_Icon\Great_Khan_Icon\FCP_GreatKhans_World_Icon.png","FCP\Rick.FCP.GreatKhans\Common\Textures\World_Icon\Great_Khan_Icon\FCP_GreatKhans_World_Icon.png","8745","162E89DE91220BFBED36DBCE6D54F333945DE59C3A9373C60E2746E633CE1E62"
"FCP","Rick.FCP.Legion","FCP - Caesars Legion","D:\Steam\steamapps\common\RimWorld\Mods\FCP-Caesars-Legion","Common\Textures\Things\UI\Enlisted\FCP_Legion_Call_Reinforcements.png","FCP\Rick.FCP.Legion\Common\Textures\Things\UI\Enlisted\FCP_Legion_Call_Reinforcements.png","43342","6E4E1E86D42E8D7C4AF3064F294AADF58B59F9FFE517E3D0AC25BA34F7325179"
"FCP","Rick.FCP.Legion","FCP - Caesars Legion","D:\Steam\steamapps\common\RimWorld\Mods\FCP-Caesars-Legion","Common\Textures\Things\UI\Enlisted\FCP_Legion_Enlist.png","FCP\Rick.FCP.Legion\Common\Textures\Things\UI\Enlisted\FCP_Legion_Enlist.png","15176","FBE0706505F2D55EDAC038D0BD7481777986560594C975C12C57FB68122C9F9A"
"FCP","Rick.FCP.Legion","FCP - Caesars Legion","D:\Steam\steamapps\common\RimWorld\Mods\FCP-Caesars-Legion","Common\Textures\Things\UI\Enlisted\FCP_Legion_Missions.png","FCP\Rick.FCP.Legion\Common\Textures\Things\UI\Enlisted\FCP_Legion_Missions.png","19481","09FD8837E13AA9C0CB8511ACE7E65E0D3125D64EE5C2747F3C0C5ADC0AB80334"
"FCP","Rick.FCP.Legion","FCP - Caesars Legion","D:\Steam\steamapps\common\RimWorld\Mods\FCP-Caesars-Legion","Common\Textures\Things\UI\Enlisted\FCP_Legion_Provisions.png","FCP\Rick.FCP.Legion\Common\Textures\Things\UI\Enlisted\FCP_Legion_Provisions.png","12681","F9DC0C7F7F3B775D008CC8F1B5F92431FA6F100E84F324FCF13734260AF7F96B"
"FCP","Rick.FCP.Legion","FCP - Caesars Legion","D:\Steam\steamapps\common\RimWorld\Mods\FCP-Caesars-Legion","Common\Textures\Things\UI\Enlisted\FCP_Legion_Resign.png","FCP\Rick.FCP.Legion\Common\Textures\Things\UI\Enlisted\FCP_Legion_Resign.png","18089","21173C81B78F4AE7BA310971D19B8397F1D87E85F8B31155DC06AC0F40A1A9A2"
"FCP","Rick.FCP.Legion","FCP - Caesars Legion","D:\Steam\steamapps\common\RimWorld\Mods\FCP-Caesars-Legion","Common\Textures\Things\UI\Enlisted\FCP_Legion_Salary.png","FCP\Rick.FCP.Legion\Common\Textures\Things\UI\Enlisted\FCP_Legion_Salary.png","18655","6AEAB194BFF92AA86EC214CB767C5A22D876E172F1F9E58F26E905E9AC903546"
"FCP","Rick.FCP.Legion","FCP - Caesars Legion","D:\Steam\steamapps\common\RimWorld\Mods\FCP-Caesars-Legion","Common\Textures\Things\UI\Enlisted\FCP_Legion_Standard_Issue.png","FCP\Rick.FCP.Legion\Common\Textures\Things\UI\Enlisted\FCP_Legion_Standard_Issue.png","12671","E08A2CF7C5CFC77BBE56B7CAB7AD9318E1CD3AF71746D47CF46AAAC8D2E4E7C9"
"FCP","Rick.FCP.Legion","FCP - Caesars Legion","D:\Steam\steamapps\common\RimWorld\Mods\FCP-Caesars-Legion","Common\Textures\Things\UI\Enlisted\FCP_Legion_Survival_Training.png","FCP\Rick.FCP.Legion\Common\Textures\Things\UI\Enlisted\FCP_Legion_Survival_Training.png","21385","1FEA1F14F3D781A53BBF8873DAF4A376E8693C91D25519B3FA6EDD57F443DA64"
"FCP","Rick.FCP.Legion","FCP - Caesars Legion","D:\Steam\steamapps\common\RimWorld\Mods\FCP-Caesars-Legion","Common\Textures\Things\UI\Enlisted\FCP_Legion_Training_Combat.png","FCP\Rick.FCP.Legion\Common\Textures\Things\UI\Enlisted\FCP_Legion_Training_Combat.png","29987","31BA831596CE7438CC5209014F057D0501A7991DA22FBB36977BA0F0B9CB4308"
"FCP","Rick.FCP.Legion","FCP - Caesars Legion","D:\Steam\steamapps\common\RimWorld\Mods\FCP-Caesars-Legion","Common\Textures\Things\UI\Enlisted\FCP_Legion_Turn_In.png","FCP\Rick.FCP.Legion\Common\Textures\Things\UI\Enlisted\FCP_Legion_Turn_In.png","13495","CCFA39EC30AC7116C25F84770D1E376FD46FB44CB195C2A392C8F86AF2CDA206"
"FCP","Rick.FCP.Legion","FCP - Caesars Legion","D:\Steam\steamapps\common\RimWorld\Mods\FCP-Caesars-Legion","Common\Textures\Things\UI\Ideology\FCP_Might_is_Right.png","FCP\Rick.FCP.Legion\Common\Textures\Things\UI\Ideology\FCP_Might_is_Right.png","10568","414CEF48BC3A67630D73BAE3A161B545DCCF6CF7914B985387775738D4354B77"
"FCP","Rick.FCP.NCR","FCP - New California Republic","D:\Steam\steamapps\common\RimWorld\Mods\FCP-NCR","Common\Textures\Things\UI\Enlisted\FCP_NCR_Call_Reinforcements.png","FCP\Rick.FCP.NCR\Common\Textures\Things\UI\Enlisted\FCP_NCR_Call_Reinforcements.png","37009","CDB2A50CBEB6ED3193280A7442C704EE372B6E818D58BFA7DFF56C60CBAFA966"
"FCP","Rick.FCP.NCR","FCP - New California Republic","D:\Steam\steamapps\common\RimWorld\Mods\FCP-NCR","Common\Textures\Things\UI\Enlisted\FCP_NCR_Enlist.png","FCP\Rick.FCP.NCR\Common\Textures\Things\UI\Enlisted\FCP_NCR_Enlist.png","14790","CBB3CEF420BAA605A6A49BACD3B94FC3E47FB964814FE02F5C5447329F1197D3"
"FCP","Rick.FCP.NCR","FCP - New California Republic","D:\Steam\steamapps\common\RimWorld\Mods\FCP-NCR","Common\Textures\Things\UI\Enlisted\FCP_NCR_Hospital.png","FCP\Rick.FCP.NCR\Common\Textures\Things\UI\Enlisted\FCP_NCR_Hospital.png","8159","846E1920E636C6F5824D170561E4698143C9C1230E4F08CFC14A0F62B743FF23"
"FCP","Rick.FCP.NCR","FCP - New California Republic","D:\Steam\steamapps\common\RimWorld\Mods\FCP-NCR","Common\Textures\Things\UI\Enlisted\FCP_NCR_Missions.png","FCP\Rick.FCP.NCR\Common\Textures\Things\UI\Enlisted\FCP_NCR_Missions.png","19481","09FD8837E13AA9C0CB8511ACE7E65E0D3125D64EE5C2747F3C0C5ADC0AB80334"
"FCP","Rick.FCP.NCR","FCP - New California Republic","D:\Steam\steamapps\common\RimWorld\Mods\FCP-NCR","Common\Textures\Things\UI\Enlisted\FCP_NCR_Part_Time_Job.png","FCP\Rick.FCP.NCR\Common\Textures\Things\UI\Enlisted\FCP_NCR_Part_Time_Job.png","11079","3C344CB999F85DDEAF32D284A79F5CA527DC30AF86824607A249E03BF652FBCE"
"FCP","Rick.FCP.NCR","FCP - New California Republic","D:\Steam\steamapps\common\RimWorld\Mods\FCP-NCR","Common\Textures\Things\UI\Enlisted\FCP_NCR_Provisions.png","FCP\Rick.FCP.NCR\Common\Textures\Things\UI\Enlisted\FCP_NCR_Provisions.png","7780","906D56FE2BC00CBBDD95705B1CBB104D7F15275C37752F181AB6435CFE44D219"
"FCP","Rick.FCP.NCR","FCP - New California Republic","D:\Steam\steamapps\common\RimWorld\Mods\FCP-NCR","Common\Textures\Things\UI\Enlisted\FCP_NCR_Resign.png","FCP\Rick.FCP.NCR\Common\Textures\Things\UI\Enlisted\FCP_NCR_Resign.png","15703","9E6FA54F300FCAA59B6EB943949504CD9B8AE366265A15ECD28DE4B1C90D4034"
"FCP","Rick.FCP.NCR","FCP - New California Republic","D:\Steam\steamapps\common\RimWorld\Mods\FCP-NCR","Common\Textures\Things\UI\Enlisted\FCP_NCR_Salary.png","FCP\Rick.FCP.NCR\Common\Textures\Things\UI\Enlisted\FCP_NCR_Salary.png","11079","3C344CB999F85DDEAF32D284A79F5CA527DC30AF86824607A249E03BF652FBCE"
"FCP","Rick.FCP.NCR","FCP - New California Republic","D:\Steam\steamapps\common\RimWorld\Mods\FCP-NCR","Common\Textures\Things\UI\Enlisted\FCP_NCR_Standard_Issue.png","FCP\Rick.FCP.NCR\Common\Textures\Things\UI\Enlisted\FCP_NCR_Standard_Issue.png","5534","A36AE75EF499159A1365C11237CA299FAC52F78F41F34701132EBF7C85F0AFD4"
"FCP","Rick.FCP.NCR","FCP - New California Republic","D:\Steam\steamapps\common\RimWorld\Mods\FCP-NCR","Common\Textures\Things\UI\Enlisted\FCP_NCR_Storage.png","FCP\Rick.FCP.NCR\Common\Textures\Things\UI\Enlisted\FCP_NCR_Storage.png","11993","B4A01A7847D855220AA097FEE50FFD18D34B121B59B99C5BA39C6580D5BA297F"
"FCP","Rick.FCP.NCR","FCP - New California Republic","D:\Steam\steamapps\common\RimWorld\Mods\FCP-NCR","Common\Textures\Things\UI\Enlisted\FCP_NCR_Survival_Training.png","FCP\Rick.FCP.NCR\Common\Textures\Things\UI\Enlisted\FCP_NCR_Survival_Training.png","21385","1FEA1F14F3D781A53BBF8873DAF4A376E8693C91D25519B3FA6EDD57F443DA64"
"FCP","Rick.FCP.NCR","FCP - New California Republic","D:\Steam\steamapps\common\RimWorld\Mods\FCP-NCR","Common\Textures\Things\UI\Enlisted\FCP_NCR_Training_Care.png","FCP\Rick.FCP.NCR\Common\Textures\Things\UI\Enlisted\FCP_NCR_Training_Care.png","6600","F4A0CE517170284F170F49BBFE93E570186BBE5CD4B7F2CCFF0462BFC2A16B2F"
"FCP","Rick.FCP.NCR","FCP - New California Republic","D:\Steam\steamapps\common\RimWorld\Mods\FCP-NCR","Common\Textures\Things\UI\Enlisted\FCP_NCR_Training_Combat.png","FCP\Rick.FCP.NCR\Common\Textures\Things\UI\Enlisted\FCP_NCR_Training_Combat.png","24403","4FA68747ECF3DA339ADA49AD3C9057783EF79E1BD4293E9CFCAE857832F2F4F8"
"FCP","Rick.FCP.NCR","FCP - New California Republic","D:\Steam\steamapps\common\RimWorld\Mods\FCP-NCR","Common\Textures\Things\UI\Enlisted\FCP_Turn_In.png","FCP\Rick.FCP.NCR\Common\Textures\Things\UI\Enlisted\FCP_Turn_In.png","12889","4C67A9065C15BBF8DEC7DFBD0E676200B72D71664FCB35FCD694356262DE9ADF"
"FCP","Rick.FCP.NCR","FCP - New California Republic","D:\Steam\steamapps\common\RimWorld\Mods\FCP-NCR","Common\Textures\Things\UI\Ideology\FCP_NCR_Deserters.png","FCP\Rick.FCP.NCR\Common\Textures\Things\UI\Ideology\FCP_NCR_Deserters.png","10201","7BEBCE7F71A6C74B40BEDED35429BC462472232F2F9DF0DA3FE215F5B9FF9C70"
"FCP","Rick.FCP.NCR","FCP - New California Republic","D:\Steam\steamapps\common\RimWorld\Mods\FCP-NCR","Common\Textures\Things\UI\Ideology\FCP_Old_World_Government.png","FCP\Rick.FCP.NCR\Common\Textures\Things\UI\Ideology\FCP_Old_World_Government.png","6303","B02C5394D2B5A288BDE7597B500B8AC27EC15C2E6D2DAA4DD3E47773D7520023"
"FCP","Rick.FCP.NCR","FCP - New California Republic","D:\Steam\steamapps\common\RimWorld\Mods\FCP-NCR","Common\Textures\Things\UI\Roles\FCP_NCR_Ranger.png","FCP\Rick.FCP.NCR\Common\Textures\Things\UI\Roles\FCP_NCR_Ranger.png","5240","BABDB7D6CC62E37685C1106F98690B475DA7059D56018BC6923B51DC1ED8C5CE"
"FCP","Rick.FCP.NCR","FCP - New California Republic","D:\Steam\steamapps\common\RimWorld\Mods\FCP-NCR","Common\Textures\World_Icon\NCR_Icon\FCP_NCR_Deserters_World_Icon.png","FCP\Rick.FCP.NCR\Common\Textures\World_Icon\NCR_Icon\FCP_NCR_Deserters_World_Icon.png","14054","B03D763649837B1634F6A9A884EFE2D60990510F91732C384C800C672BCFE543"
"FCP","Rick.FCP.NCR","FCP - New California Republic","D:\Steam\steamapps\common\RimWorld\Mods\FCP-NCR","Common\Textures\World_Icon\NCR_Icon\FCP_NCR_World_Icon.png","FCP\Rick.FCP.NCR\Common\Textures\World_Icon\NCR_Icon\FCP_NCR_World_Icon.png","15539","5483D288232FDDB893466EC5A222BE4793D8DC4B6E718D9754CBA6DCF44A9EB8"
"FCP","Rick.FCP.NCR","FCP - New California Republic","D:\Steam\steamapps\common\RimWorld\Mods\FCP-NCR","Common\Textures\World_Icon\NCR_Icon\FCP_NCRCF_Powder_Gangers_World_Icon.png","FCP\Rick.FCP.NCR\Common\Textures\World_Icon\NCR_Icon\FCP_NCRCF_Powder_Gangers_World_Icon.png","4992","9D127C3DA200C5B87D3C0E3B5044E7986021F8894205F83D687827D0567FE4BA"
"FCP","Rick.FCP.Raiders","FCP - Raiders","D:\Steam\steamapps\common\RimWorld\Mods\FCP-Raiders","Common\Textures\World_Icon\Raider_Icon\FCP_Raider_World_Icon.png","FCP\Rick.FCP.Raiders\Common\Textures\World_Icon\Raider_Icon\FCP_Raider_World_Icon.png","8066","B4EF8575D44CEE225E2201BCAFB7120AE40DB249ED9E5307F0E2FDE3A2B0949F"
"FCP","Rick.FCP.Wastelanders","FCP - Wastelanders","D:\Steam\steamapps\common\RimWorld\Mods\FCP-Wastelanders","Common\Textures\World_Icon\FCP_Wasteland_Settlers_World_Icon.png","FCP\Rick.FCP.Wastelanders\Common\Textures\World_Icon\FCP_Wasteland_Settlers_World_Icon.png","8967","24E250D28BD88B396577EA5C3423688473E07AD20F3007234B01B32E087D34B7"
"VanillaExpanded","vanillaexpanded.gravship","Vanilla Gravship Expanded - Chapter 1","D:\Steam\steamapps\workshop\content\294100\3609835606","Textures\Things\Structures\Heatsinks\AbsorbHeat_Gizmo.png","VanillaExpanded\vanillaexpanded.gravship\Textures\Things\Structures\Heatsinks\AbsorbHeat_Gizmo.png","10602","2767CD9A061E6EC66F0A7E70F587F8FB47DDE4E1A4E998152560D6DAB764E940"
"VanillaExpanded","vanillaexpanded.gravship","Vanilla Gravship Expanded - Chapter 1","D:\Steam\steamapps\workshop\content\294100\3609835606","Textures\Things\Structures\Heatsinks\Heatsink_Overlay_east.png","VanillaExpanded\vanillaexpanded.gravship\Textures\Things\Structures\Heatsinks\Heatsink_Overlay_east.png","10647","BA86D4520A930210C5EB3E150ED53675F07A3B50A1C3644244735330329B5975"
"VanillaExpanded","vanillaexpanded.gravship","Vanilla Gravship Expanded - Chapter 1","D:\Steam\steamapps\workshop\content\294100\3609835606","Textures\Things\Structures\Heatsinks\Heatsink_Overlay_north.png","VanillaExpanded\vanillaexpanded.gravship\Textures\Things\Structures\Heatsinks\Heatsink_Overlay_north.png","16752","6416C19D45D448732C6C7470BA2B9AE6B52429A9FB22F5D5F31D249BF7102033"
"VanillaExpanded","vanillaexpanded.gravship","Vanilla Gravship Expanded - Chapter 1","D:\Steam\steamapps\workshop\content\294100\3609835606","Textures\Things\Structures\Heatsinks\Heatsink_Overlay_south.png","VanillaExpanded\vanillaexpanded.gravship\Textures\Things\Structures\Heatsinks\Heatsink_Overlay_south.png","17024","822D98690A6A3C16042F5B0A5BCDAA2BD1E63F80154E3E2F2A561C0D9F0E1EB9"
"VanillaExpanded","vanillaexpanded.gravship","Vanilla Gravship Expanded - Chapter 1","D:\Steam\steamapps\workshop\content\294100\3609835606","Textures\Things\Structures\Heatsinks\HeatsinkLarge_Overlay_east.png","VanillaExpanded\vanillaexpanded.gravship\Textures\Things\Structures\Heatsinks\HeatsinkLarge_Overlay_east.png","22576","1A3721A5838F39672BFC4AA2EC34A990E489E0F6FAEB4EB84E3E6368A1DB1424"
"VanillaExpanded","vanillaexpanded.gravship","Vanilla Gravship Expanded - Chapter 1","D:\Steam\steamapps\workshop\content\294100\3609835606","Textures\Things\Structures\Heatsinks\HeatsinkLarge_Overlay_north.png","VanillaExpanded\vanillaexpanded.gravship\Textures\Things\Structures\Heatsinks\HeatsinkLarge_Overlay_north.png","33793","71F14CD92F5CFA28EA9D1BF54540ADE3813EB6D0B36868C6B60F3E4784A32F97"
"VanillaExpanded","vanillaexpanded.gravship","Vanilla Gravship Expanded - Chapter 1","D:\Steam\steamapps\workshop\content\294100\3609835606","Textures\Things\Structures\Heatsinks\HeatsinkLarge_Overlay_south.png","VanillaExpanded\vanillaexpanded.gravship\Textures\Things\Structures\Heatsinks\HeatsinkLarge_Overlay_south.png","35222","AA0F3D2DA3E049738CC515E9840DE4FB154E93A761EA29411FC78DB53F6954F4"
"VanillaExpanded","vanillaexpanded.gravship","Vanilla Gravship Expanded - Chapter 1","D:\Steam\steamapps\workshop\content\294100\3609835606","Textures\UI\Gizmos\ExtractAstrofuel_Gizmo.png","VanillaExpanded\vanillaexpanded.gravship\Textures\UI\Gizmos\ExtractAstrofuel_Gizmo.png","7940","B9E15257E0FF137BFF00A74095424C3A78008C3435D8B18A1711DE195BD178A3"
"VanillaExpanded","vanillaexpanded.gravship","Vanilla Gravship Expanded - Chapter 1","D:\Steam\steamapps\workshop\content\294100\3609835606","Textures\UI\Gizmos\ExtractOxygen_Gizmo.png","VanillaExpanded\vanillaexpanded.gravship\Textures\UI\Gizmos\ExtractOxygen_Gizmo.png","7213","5D3EEE742BACA7494B8FAE95272E818406E5ED8383889EDFB676353CF7DBE16E"
"VanillaExpanded","vanillaexpanded.gravship","Vanilla Gravship Expanded - Chapter 1","D:\Steam\steamapps\workshop\content\294100\3609835606","Textures\UI\Gizmos\Gizmo_AnalyzeTheStars.png","VanillaExpanded\vanillaexpanded.gravship\Textures\UI\Gizmos\Gizmo_AnalyzeTheStars.png","10829","9D856FA12286C623DCCC3AD7268B1CB366752A3B644A531D22646997AB984C32"
"VanillaExpanded","vanillaexpanded.gravship","Vanilla Gravship Expanded - Chapter 1","D:\Steam\steamapps\workshop\content\294100\3609835606","Textures\UI\Gizmos\Gizmo_ConvertGravdata.png","VanillaExpanded\vanillaexpanded.gravship\Textures\UI\Gizmos\Gizmo_ConvertGravdata.png","9447","8E3D1B8EBAC65E1E0F0F2EDE43A6A427B2659822FB4B924FD61E8852EBD8915A"
"VanillaExpanded","vanillaexpanded.gravship","Vanilla Gravship Expanded - Chapter 1","D:\Steam\steamapps\workshop\content\294100\3609835606","Textures\UI\Gizmos\Gizmo_EmergencyLaunch.png","VanillaExpanded\vanillaexpanded.gravship\Textures\UI\Gizmos\Gizmo_EmergencyLaunch.png","7943","7F1F4A506A7D99CB077D7F0B9E3CF4B84E3CE3A6883B4185764AF4C73BFC27B0"
"VanillaExpanded","vanillaexpanded.gravship","Vanilla Gravship Expanded - Chapter 1","D:\Steam\steamapps\workshop\content\294100\3609835606","Textures\UI\Gizmos\Gizmo_EngineeringCommand.png","VanillaExpanded\vanillaexpanded.gravship\Textures\UI\Gizmos\Gizmo_EngineeringCommand.png","11885","3C835315AC9BF7A3FA599E2D762610BA27E08184AFFE181C9F14E6B74F2C1C5C"
"VanillaExpanded","vanillaexpanded.gravship","Vanilla Gravship Expanded - Chapter 1","D:\Steam\steamapps\workshop\content\294100\3609835606","Textures\UI\Gizmos\Gizmo_LaunchVertically.png","VanillaExpanded\vanillaexpanded.gravship\Textures\UI\Gizmos\Gizmo_LaunchVertically.png","6850","4B99AB6A334064790693711606ED326DCDF51337A1FDD9A07F9D9297E6E6B825"
"VanillaExpanded","vanillaexpanded.gravship","Vanilla Gravship Expanded - Chapter 1","D:\Steam\steamapps\workshop\content\294100\3609835606","Textures\UI\Gizmos\GravheatAbsorber.png","VanillaExpanded\vanillaexpanded.gravship\Textures\UI\Gizmos\GravheatAbsorber.png","10602","2767CD9A061E6EC66F0A7E70F587F8FB47DDE4E1A4E998152560D6DAB764E940"
"VanillaExpanded","vanillaexpanded.gravship","Vanilla Gravship Expanded - Chapter 1","D:\Steam\steamapps\workshop\content\294100\3609835606","Textures\UI\Gizmos\GravshipArtilleryForceTarget.png","VanillaExpanded\vanillaexpanded.gravship\Textures\UI\Gizmos\GravshipArtilleryForceTarget.png","2219","FF6BEB02DBE77E7B3FEA04A9DD4E2403ED12FDC650EA9BC039CC0A34B33098CD"
"VanillaExpanded","vanillaexpanded.gravship","Vanilla Gravship Expanded - Chapter 1","D:\Steam\steamapps\workshop\content\294100\3609835606","Textures\UI\Gizmos\GravshipArtilleryForceTargetWorld.png","VanillaExpanded\vanillaexpanded.gravship\Textures\UI\Gizmos\GravshipArtilleryForceTargetWorld.png","9932","20C274B9037A260E75292BFF9F4D0B053F39347E883640B3A0A7CE7F01C00E3B"
"VanillaExpanded","vanillaexpanded.gravship","Vanilla Gravship Expanded - Chapter 1","D:\Steam\steamapps\workshop\content\294100\3609835606","Textures\UI\Gizmos\GravshipArtilleryHoldFire.png","VanillaExpanded\vanillaexpanded.gravship\Textures\UI\Gizmos\GravshipArtilleryHoldFire.png","3954","2BC4F01FFDFDFEC96003165297CF5863EF235B74B65E23506D2FA8A6F4245B23"
"VanillaExpanded","vanillaexpanded.gravship","Vanilla Gravship Expanded - Chapter 1","D:\Steam\steamapps\workshop\content\294100\3609835606","Textures\UI\Gizmos\LinkWithTerminal.png","VanillaExpanded\vanillaexpanded.gravship\Textures\UI\Gizmos\LinkWithTerminal.png","8765","6754EB070597C0ABC1052C5C13CB6C081B86DA8E9BA2A7AB1C44A7EDBF060EA3"
"VanillaExpanded","vanillaexpanded.gravship","Vanilla Gravship Expanded - Chapter 1","D:\Steam\steamapps\workshop\content\294100\3609835606","Textures\UI\Gizmos\LinkWithTurret.png","VanillaExpanded\vanillaexpanded.gravship\Textures\UI\Gizmos\LinkWithTurret.png","10441","1C02C078D28C33BB4AFB2F19A6A5C6BA268B0BECBEC7E4ED98856EB6B39AE3D3"
"VanillaExpanded","vanillaexpanded.gravship","Vanilla Gravship Expanded - Chapter 1","D:\Steam\steamapps\workshop\content\294100\3609835606","Textures\UI\Gizmos\RearmSealantPopper.png","VanillaExpanded\vanillaexpanded.gravship\Textures\UI\Gizmos\RearmSealantPopper.png","14529","196438B6ED7FF2709C36E5DD452EC7A4E3A2DA6D86392AB5C2048BE783072266"
"VanillaExpanded","vanillaexpanded.gravship","Vanilla Gravship Expanded - Chapter 1","D:\Steam\steamapps\workshop\content\294100\3609835606","Textures\UI\Gizmos\SelectLinkedTerminal.png","VanillaExpanded\vanillaexpanded.gravship\Textures\UI\Gizmos\SelectLinkedTerminal.png","8619","5A6ABAF9E75C6D71C352D4B711E94143188E9B63AD41E23686DEB295821B4B3A"
"VanillaExpanded","vanillaexpanded.gravship","Vanilla Gravship Expanded - Chapter 1","D:\Steam\steamapps\workshop\content\294100\3609835606","Textures\UI\Gizmos\SelectLinkedTurret.png","VanillaExpanded\vanillaexpanded.gravship\Textures\UI\Gizmos\SelectLinkedTurret.png","9959","0B883671A6C6465FF8DAD061863CFC31C50F934781BB95B652F7F32C61950877"
"VanillaExpanded","vanillaexpanded.gravship","Vanilla Gravship Expanded - Chapter 1","D:\Steam\steamapps\workshop\content\294100\3609835606","Textures\UI\Gizmos\SetDesiredMaintenance.png","VanillaExpanded\vanillaexpanded.gravship\Textures\UI\Gizmos\SetDesiredMaintenance.png","3382","2A5326CFAD811E2175CE751435F910657E4700BA873E1D9DB9C6EE811C3F6309"
"VanillaExpanded","vanillaexpanded.gravship","Vanilla Gravship Expanded - Chapter 1","D:\Steam\steamapps\workshop\content\294100\3609835606","Textures\UI\Gizmos\SetDesiredVacuumResistance.png","VanillaExpanded\vanillaexpanded.gravship\Textures\UI\Gizmos\SetDesiredVacuumResistance.png","4366","F5650179803A3DB179AD66514765FB458AA174B22E7D7AC9514ABDE01A2D14B8"
"VanillaExpanded","vanillaexpanded.gravship","Vanilla Gravship Expanded - Chapter 1","D:\Steam\steamapps\workshop\content\294100\3609835606","Textures\UI\Gizmos\UnlinkWithTerminal.png","VanillaExpanded\vanillaexpanded.gravship\Textures\UI\Gizmos\UnlinkWithTerminal.png","11491","DC6A06CC0429A7CE019DC664192A1221E0EEA6EA08B0FB7A08BE4A659161A1F6"
"VanillaExpanded","vanillaexpanded.gravship","Vanilla Gravship Expanded - Chapter 1","D:\Steam\steamapps\workshop\content\294100\3609835606","Textures\UI\Gizmos\UnlinkWithTurret.png","VanillaExpanded\vanillaexpanded.gravship\Textures\UI\Gizmos\UnlinkWithTurret.png","11166","024D188715A2BD0724C4F17870E72FAD4E6B9178E4158FFB3BF9E86C0ECC9E10"
"VanillaExpanded","vanillaexpanded.gravship","Vanilla Gravship Expanded - Chapter 1","D:\Steam\steamapps\workshop\content\294100\3609835606","Textures\UI\IdeologyRoles\Role_EngineeringSpecialist.png","VanillaExpanded\vanillaexpanded.gravship\Textures\UI\IdeologyRoles\Role_EngineeringSpecialist.png","5249","78153CE4E6AFA55C791F1A22C420A8B814436FB98FEF03F51A5CCE609DA4A641"
"VanillaExpanded","vanillaexpanded.gravship","Vanilla Gravship Expanded - Chapter 1","D:\Steam\steamapps\workshop\content\294100\3609835606","Textures\UI\IdeologyRoles\Role_Navigator.png","VanillaExpanded\vanillaexpanded.gravship\Textures\UI\IdeologyRoles\Role_Navigator.png","5905","E85484B40B4DEC7E9A4EAFF576A41DA4204F6F880892374328CABB5866BCB416"
"VanillaExpanded","vanillaexpanded.gravship","Vanilla Gravship Expanded - Chapter 1","D:\Steam\steamapps\workshop\content\294100\3609835606","Textures\UI\IdeologyRoles\Role_PilotingSpecialist.png","VanillaExpanded\vanillaexpanded.gravship\Textures\UI\IdeologyRoles\Role_PilotingSpecialist.png","5835","F239F4A002F26BADC31F686326C4BE4EBE4F0BD8BCF8A8917DCC9FAEC2580D18"
"VanillaExpanded","vanillaexpanded.gravship","Vanilla Gravship Expanded - Chapter 1","D:\Steam\steamapps\workshop\content\294100\3609835606","Textures\UI\MapIcons\AsteroidCluster.png","VanillaExpanded\vanillaexpanded.gravship\Textures\UI\MapIcons\AsteroidCluster.png","6982","4CF41E426762F1B008AB2761C0E08FE5817FC264ED6584C923F24DD6A0C8C301"
"VanillaExpanded","vanillaexpanded.gravship","Vanilla Gravship Expanded - Chapter 1","D:\Steam\steamapps\workshop\content\294100\3609835606","Textures\UI\MapIcons\AsteroidField.png","VanillaExpanded\vanillaexpanded.gravship\Textures\UI\MapIcons\AsteroidField.png","7595","FE730547D1B30CB570DA3F6329BD5EB5E0A0CC371537C2F85E609394D0689826"
"VanillaExpanded","vanillaexpanded.gravship","Vanilla Gravship Expanded - Chapter 1","D:\Steam\steamapps\workshop\content\294100\3609835606","Textures\UI\MapIcons\AsteroidWithRuins.png","VanillaExpanded\vanillaexpanded.gravship\Textures\UI\MapIcons\AsteroidWithRuins.png","5692","F56EE74EE537624E60A2538D668BBC9B06878ACD78F13B31C069DBE29FE8CB07"
"VanillaExpanded","vanillaexpanded.gravship","Vanilla Gravship Expanded - Chapter 1","D:\Steam\steamapps\workshop\content\294100\3609835606","Textures\UI\MapIcons\DenseAsteroid.png","VanillaExpanded\vanillaexpanded.gravship\Textures\UI\MapIcons\DenseAsteroid.png","5784","90057CE37002DB7D665840CE3495A125EB604FE590849BC21BC482AA9BEDA4BD"
"VanillaExpanded","vanillaexpanded.gravship","Vanilla Gravship Expanded - Chapter 1","D:\Steam\steamapps\workshop\content\294100\3609835606","Textures\UI\MapIcons\Expanding\Gravhulk_Expanding.png","VanillaExpanded\vanillaexpanded.gravship\Textures\UI\MapIcons\Expanding\Gravhulk_Expanding.png","2819","1C7C540E316C8EA3CD05E288B2CA3D49BF2CAD201985DBCB988506B16C751158"
"VanillaExpanded","vanillaexpanded.gravship","Vanilla Gravship Expanded - Chapter 1","D:\Steam\steamapps\workshop\content\294100\3609835606","Textures\UI\MapIcons\Expanding\Gravjumper_Expanding.png","VanillaExpanded\vanillaexpanded.gravship\Textures\UI\MapIcons\Expanding\Gravjumper_Expanding.png","1883","2AD1A320DA841B3AE34DA1187061F50CC84A7F5C618B7B2E1473C810641B5C85"
"VanillaExpanded","vanillaexpanded.gravship","Vanilla Gravship Expanded - Chapter 1","D:\Steam\steamapps\workshop\content\294100\3609835606","Textures\UI\MapIcons\Expanding\Gravship_Expanding.png","VanillaExpanded\vanillaexpanded.gravship\Textures\UI\MapIcons\Expanding\Gravship_Expanding.png","2402","97F05AA5829BA8DECAC2C129F1BBDDD055AC71FDDF3078D74D8C39BB2A425AA0"
"VanillaExpanded","vanillaexpanded.gravship","Vanilla Gravship Expanded - Chapter 1","D:\Steam\steamapps\workshop\content\294100\3609835606","Textures\UI\MapIcons\GiantAsteroid.png","VanillaExpanded\vanillaexpanded.gravship\Textures\UI\MapIcons\GiantAsteroid.png","6857","847F2C3697FEDD0B89DE0563A7F6B7B5423C73859B9C9E68A96304D452458D72"
"VanillaExpanded","vanillaexpanded.gravship","Vanilla Gravship Expanded - Chapter 1","D:\Steam\steamapps\workshop\content\294100\3609835606","Textures\UI\MapIcons\Gravhulk_WorldIcon.png","VanillaExpanded\vanillaexpanded.gravship\Textures\UI\MapIcons\Gravhulk_WorldIcon.png","2495","DDFF897850322CF8B70F8B4F6310C7A1F90281945A2B386F42EEF34FA1DDBBED"
"VanillaExpanded","vanillaexpanded.gravship","Vanilla Gravship Expanded - Chapter 1","D:\Steam\steamapps\workshop\content\294100\3609835606","Textures\UI\MapIcons\Gravjumper_WorldIcon.png","VanillaExpanded\vanillaexpanded.gravship\Textures\UI\MapIcons\Gravjumper_WorldIcon.png","2040","0FA1D6F63D936768EB40C73359B136E63347DA61FA5ADEE1002D3BAFEEADF4D0"
"VanillaExpanded","vanillaexpanded.gravship","Vanilla Gravship Expanded - Chapter 1","D:\Steam\steamapps\workshop\content\294100\3609835606","Textures\UI\MapIcons\Gravship_WorldIcon.png","VanillaExpanded\vanillaexpanded.gravship\Textures\UI\MapIcons\Gravship_WorldIcon.png","2308","F47D4FDE98EAB495A379DD4ED292B9E4380651A0AA088D246D8127413E4F1D87"
"VanillaExpanded","vanillaexpanded.gravship","Vanilla Gravship Expanded - Chapter 1","D:\Steam\steamapps\workshop\content\294100\3609835606","Textures\UI\MapIcons\IceAsteroid.png","VanillaExpanded\vanillaexpanded.gravship\Textures\UI\MapIcons\IceAsteroid.png","5492","2DA5772335431233A2E0FD14E14DFA02F39B0E2C544103133D5258A5BCE5286C"
"VanillaExpanded","vanillaexpanded.gravship","Vanilla Gravship Expanded - Chapter 1","D:\Steam\steamapps\workshop\content\294100\3609835606","Textures\UI\MapIcons\InfestedAsteroid.png","VanillaExpanded\vanillaexpanded.gravship\Textures\UI\MapIcons\InfestedAsteroid.png","10061","7170493FC8107D3231693E64D7BA6942BAC25AC35C1C4A92C133CF0007338290"
"VanillaExpanded","vanillaexpanded.gravship","Vanilla Gravship Expanded - Chapter 1","D:\Steam\steamapps\workshop\content\294100\3609835606","Textures\UI\MapIcons\OrbitalRuins.png","VanillaExpanded\vanillaexpanded.gravship\Textures\UI\MapIcons\OrbitalRuins.png","5615","2F66D2F2180E943BCD808132F2B90BC0234509C61CFFBDCAD1EFA0AAD74A64FE"
"VanillaExpanded","vanillaexpanded.gravship","Vanilla Gravship Expanded - Chapter 1","D:\Steam\steamapps\workshop\content\294100\3609835606","Textures\UI\MapIcons\PorousAsteroid.png","VanillaExpanded\vanillaexpanded.gravship\Textures\UI\MapIcons\PorousAsteroid.png","6770","7E337C511B324F8EE1A3A4D21777892A582B920BB79815D10122F4A5D26A4B76"
"VanillaExpanded","vanillaexpanded.gravship","Vanilla Gravship Expanded - Chapter 1","D:\Steam\steamapps\workshop\content\294100\3609835606","Textures\UI\MapIcons\ShatteredAsteroid.png","VanillaExpanded\vanillaexpanded.gravship\Textures\UI\MapIcons\ShatteredAsteroid.png","7680","0B8536E21890E2C55B0C63CCE2F64BACF87AC83BCF98A3193ADAA8A2FF145FC7"
"VanillaExpanded","vanillaexpanded.gravship","Vanilla Gravship Expanded - Chapter 1","D:\Steam\steamapps\workshop\content\294100\3609835606","Textures\UI\MapIcons\SmallAsteroid.png","VanillaExpanded\vanillaexpanded.gravship\Textures\UI\MapIcons\SmallAsteroid.png","2908","9D89FC481A4B7F64E4512EC19D2F3C213650941E0B1B720AF4EDD251980F36E3"
"VanillaExpanded","vanillaexpanded.gravship","Vanilla Gravship Expanded - Chapter 1","D:\Steam\steamapps\workshop\content\294100\3609835606","Textures\UI\MapIcons\SolidCoreAsteroid.png","VanillaExpanded\vanillaexpanded.gravship\Textures\UI\MapIcons\SolidCoreAsteroid.png","6653","4DC5318D5B7E7B5B30992445DD33F33767AD843E9D09ADC843FB7AE1C04C1022"
"VanillaExpanded","vanillaexpanded.gravship","Vanilla Gravship Expanded - Chapter 1","D:\Steam\steamapps\workshop\content\294100\3609835606","Textures\UI\MapIcons\SolidCoreAsteroid_m.png","VanillaExpanded\vanillaexpanded.gravship\Textures\UI\MapIcons\SolidCoreAsteroid_m.png","1592","63F43CA3F7041AD7CB248E641AE7AC722A021867760CC910BFAC68906E1B2188"
"VanillaExpanded","vanillaexpanded.gravship","Vanilla Gravship Expanded - Chapter 1","D:\Steam\steamapps\workshop\content\294100\3609835606","Textures\UI\MenuIcons\ColorWheel.png","VanillaExpanded\vanillaexpanded.gravship\Textures\UI\MenuIcons\ColorWheel.png","1218","92EBA7AEDC284559542C0C8FA1667C73C0C004FD9BAF06DB950447364FA0E4F4"
"VanillaExpanded","vanillaexpanded.gravship","Vanilla Gravship Expanded - Chapter 1","D:\Steam\steamapps\workshop\content\294100\3609835606","Textures\UI\MenuIcons\RemoveSubstructure_Designator.png","VanillaExpanded\vanillaexpanded.gravship\Textures\UI\MenuIcons\RemoveSubstructure_Designator.png","10860","89A8E9F099B0B67C75FBE243B9B0DF72D47A28E38D35333F9F377C4E2A5A8265"
"VanillaExpanded","vanillaexpanded.gravship","Vanilla Gravship Expanded - Chapter 1","D:\Steam\steamapps\workshop\content\294100\3609835606","Textures\UI\MenuIcons\RemoveVacBarrierRoof_Designator.png","VanillaExpanded\vanillaexpanded.gravship\Textures\UI\MenuIcons\RemoveVacBarrierRoof_Designator.png","2730","85CE1B5883284FA1A7EA4CDC7BFF1B1696EAA333F39453F26139ED9EE4A61FA9"
"VanillaExpanded","vanillaexpanded.gravship","Vanilla Gravship Expanded - Chapter 1","D:\Steam\steamapps\workshop\content\294100\3609835606","Textures\UI\MenuIcons\RoofVacBarrier_Designator.png","VanillaExpanded\vanillaexpanded.gravship\Textures\UI\MenuIcons\RoofVacBarrier_Designator.png","1748","620D0FD5974329FC7FB02320ABE4C5F60C483DD9FEE2BF8D4BC83DB68C66A6C1"
"VanillaExpanded","vanillaexpanded.gravship","Vanilla Gravship Expanded - Chapter 1","D:\Steam\steamapps\workshop\content\294100\3609835606","Textures\UI\MenuIcons\Subscaffold_MenuIcon.png","VanillaExpanded\vanillaexpanded.gravship\Textures\UI\MenuIcons\Subscaffold_MenuIcon.png","5826","42D1CAE7B1A7383ACCA8EBB68F43A53E5A5A04A5592AC4DE5D283B0CBCA41A8A"
"VanillaExpanded","vanillaexpanded.gravship","Vanilla Gravship Expanded - Chapter 1","D:\Steam\steamapps\workshop\content\294100\3609835606","Textures\UI\MenuIcons\Substructure_MenuIcon.png","VanillaExpanded\vanillaexpanded.gravship\Textures\UI\MenuIcons\Substructure_MenuIcon.png","4791","09A029484B2D16EF26930AC9CB47AA1AC0299B28C0AF14C3990DF13F2D95AE81"
"VanillaExpanded","vanillaexpanded.gravship","Vanilla Gravship Expanded - Chapter 1","D:\Steam\steamapps\workshop\content\294100\3609835606","Textures\UI\Overlays\MissingGravhulkEngine.png","VanillaExpanded\vanillaexpanded.gravship\Textures\UI\Overlays\MissingGravhulkEngine.png","18502","254FC4F4485ADE27282B47C29DA427FCEDDF164790A3DDD043BCCB0DDD1F37C1"
"VanillaExpanded","vanillaexpanded.gravship","Vanilla Gravship Expanded - Chapter 1","D:\Steam\steamapps\workshop\content\294100\3609835606","Textures\UI\Overlays\MissingGravjumperEngine.png","VanillaExpanded\vanillaexpanded.gravship\Textures\UI\Overlays\MissingGravjumperEngine.png","14771","562142CDAFCE33CA56203AC437CFAB2FA337E8C670BB3245E987F203F63ED5CF"
"VanillaExpanded","vanillaexpanded.gravship","Vanilla Gravship Expanded - Chapter 1","D:\Steam\steamapps\workshop\content\294100\3609835606","Textures\UI\Overlays\MissingGravshipEngine.png","VanillaExpanded\vanillaexpanded.gravship\Textures\UI\Overlays\MissingGravshipEngine.png","16879","0C9707ABAFFD365F2D8FD659C7F3C977DC7228E78251DBB295E6757F03CD6907"
"VanillaExpanded","vanillaexpanded.gravship","Vanilla Gravship Expanded - Chapter 1","D:\Steam\steamapps\workshop\content\294100\3609835606","Textures\UI\Overlays\NoAstrofuel.png","VanillaExpanded\vanillaexpanded.gravship\Textures\UI\Overlays\NoAstrofuel.png","10374","3039BC6FD25918F022406A98E503D9A13B20E4C538873C6FB313B0DD256D7DB7"
"VanillaExpanded","vanillaexpanded.gravship","Vanilla Gravship Expanded - Chapter 1","D:\Steam\steamapps\workshop\content\294100\3609835606","Textures\UI\Overlays\NoLinkedTargetingTerminal.png","VanillaExpanded\vanillaexpanded.gravship\Textures\UI\Overlays\NoLinkedTargetingTerminal.png","8912","6968FC26644D565A2E1E11B9E5E89A98FE309C4843E7F953F8C2C287CC79FC3E"
"VanillaExpanded","vanillaexpanded.gravship","Vanilla Gravship Expanded - Chapter 1","D:\Steam\steamapps\workshop\content\294100\3609835606","Textures\UI\Overlays\NoLinkedTurret_Overlay.png","VanillaExpanded\vanillaexpanded.gravship\Textures\UI\Overlays\NoLinkedTurret_Overlay.png","4462","07EA0BE85D0CF83E3F7162973FF9A41834A36DEC5976DD83BE01660E3E292834"
"VanillaExpanded","vanillaexpanded.gravship","Vanilla Gravship Expanded - Chapter 1","D:\Steam\steamapps\workshop\content\294100\3609835606","Textures\UI\Overlays\Overlay_LackingAtmosphere.png","VanillaExpanded\vanillaexpanded.gravship\Textures\UI\Overlays\Overlay_LackingAtmosphere.png","10926","3685AFBA7B0AAA1BD9D609C61BDB28C3D1E76557A85249F84148201F334B4027"
"VanillaExpanded","vanillaexpanded.gravship","Vanilla Gravship Expanded - Chapter 1","D:\Steam\steamapps\workshop\content\294100\3609835606","Textures\UI\Overlays\Overlay_NoOxygen.png","VanillaExpanded\vanillaexpanded.gravship\Textures\UI\Overlays\Overlay_NoOxygen.png","7600","203E99180B6861F8962B82793A5BCC94A621A6EA9C7DC86C5C220BE5710FEBAC"
"VanillaExpanded","vanillaexpanded.gravship","Vanilla Gravship Expanded - Chapter 1","D:\Steam\steamapps\workshop\content\294100\3609835606","Textures\UI\Overlays\Overlay_Oxygen.png","VanillaExpanded\vanillaexpanded.gravship\Textures\UI\Overlays\Overlay_Oxygen.png","5273","149E6D57776795968F86FC6AE8967FEB69C2CE14F77C0A4B6B7CFFBF4005C0F1"
"VanillaExpanded","vanillaexpanded.gravship","Vanilla Gravship Expanded - Chapter 1","D:\Steam\steamapps\workshop\content\294100\3609835606","Textures\UI\Overlays\TooManyGravEngines_Overlay.png","VanillaExpanded\vanillaexpanded.gravship\Textures\UI\Overlays\TooManyGravEngines_Overlay.png","16781","8F877304DFE729E0C967D15FD12A5CD5432BFC7F1BBC02FC941AFDBDEAB908E3"
"VanillaExpanded","vanillaexpanded.gravship","Vanilla Gravship Expanded - Chapter 1","D:\Steam\steamapps\workshop\content\294100\3609835606","Textures\UI\RitualIcons\CancelLaunchGravhulk_Gizmo.png","VanillaExpanded\vanillaexpanded.gravship\Textures\UI\RitualIcons\CancelLaunchGravhulk_Gizmo.png","9329","18E9990C9D17103926E098D7593B57F9199D0E384BAAF37EF2D8A23115C30686"
"VanillaExpanded","vanillaexpanded.gravship","Vanilla Gravship Expanded - Chapter 1","D:\Steam\steamapps\workshop\content\294100\3609835606","Textures\UI\RitualIcons\CancelLaunchGravjumper_Gizmo.png","VanillaExpanded\vanillaexpanded.gravship\Textures\UI\RitualIcons\CancelLaunchGravjumper_Gizmo.png","6867","E16A4B5BA9EAAEBC211CE5F3E030BE53B38C762277DEB8BFFC2D1B67AB17286A"
"VanillaExpanded","vanillaexpanded.gravship","Vanilla Gravship Expanded - Chapter 1","D:\Steam\steamapps\workshop\content\294100\3609835606","Textures\UI\RitualIcons\CancelLaunchGravship_Gizmo.png","VanillaExpanded\vanillaexpanded.gravship\Textures\UI\RitualIcons\CancelLaunchGravship_Gizmo.png","8044","EFD69BAC8FD5D69A3D0EA6E2BD74D78969E4DCB34F9B913D0F582E8B2FFC2773"
"VanillaExpanded","vanillaexpanded.gravship","Vanilla Gravship Expanded - Chapter 1","D:\Steam\steamapps\workshop\content\294100\3609835606","Textures\UI\RitualIcons\LaunchGravhulk_Gizmo.png","VanillaExpanded\vanillaexpanded.gravship\Textures\UI\RitualIcons\LaunchGravhulk_Gizmo.png","7651","5C7F2FE66E46522FDDF8AE1D1D03D31C3A46E62833C82A16032A5B74C7459CAC"
"VanillaExpanded","vanillaexpanded.gravship","Vanilla Gravship Expanded - Chapter 1","D:\Steam\steamapps\workshop\content\294100\3609835606","Textures\UI\RitualIcons\LaunchGravjumper_Gizmo.png","VanillaExpanded\vanillaexpanded.gravship\Textures\UI\RitualIcons\LaunchGravjumper_Gizmo.png","5714","BF218B6D3DA2F76F2B937B7CF07CC23A90830577AD184BC9EF84C569ACB5A34C"
"VanillaExpanded","vanillaexpanded.gravship","Vanilla Gravship Expanded - Chapter 1","D:\Steam\steamapps\workshop\content\294100\3609835606","Textures\UI\RitualIcons\LaunchGravship_Gizmo.png","VanillaExpanded\vanillaexpanded.gravship\Textures\UI\RitualIcons\LaunchGravship_Gizmo.png","6165","E4660A848783929A015CB076CC102BAD6E67F88028EC52846A633CD7C949AB4D"
"VanillaExpanded","vanillaexpanded.gravship","Vanilla Gravship Expanded - Chapter 1","D:\Steam\steamapps\workshop\content\294100\3609835606","Textures\UI\SubcategoryIcons\SubcategoryIcon_Combat.png","VanillaExpanded\vanillaexpanded.gravship\Textures\UI\SubcategoryIcons\SubcategoryIcon_Combat.png","843","A323993C91028E8162B0C34A139C1B3E05919F883EC60C680A869376960FE20C"
"VanillaExpanded","vanillaexpanded.gravship","Vanilla Gravship Expanded - Chapter 1","D:\Steam\steamapps\workshop\content\294100\3609835606","Textures\UI\SubcategoryIcons\SubcategoryIcon_Fuel.png","VanillaExpanded\vanillaexpanded.gravship\Textures\UI\SubcategoryIcons\SubcategoryIcon_Fuel.png","1126","A9926DFAFABDC6AACFB56870C8FEF9DDEFC95EC970748BE397A9AB428892A3CB"
"VanillaExpanded","vanillaexpanded.gravship","Vanilla Gravship Expanded - Chapter 1","D:\Steam\steamapps\workshop\content\294100\3609835606","Textures\UI\SubcategoryIcons\SubcategoryIcon_Other.png","VanillaExpanded\vanillaexpanded.gravship\Textures\UI\SubcategoryIcons\SubcategoryIcon_Other.png","420","1197503E73365E3E8F499395A59FD1C4D6C8C6330DCBEA7B638C3823FCAF0C52"
"VanillaExpanded","vanillaexpanded.gravship","Vanilla Gravship Expanded - Chapter 1","D:\Steam\steamapps\workshop\content\294100\3609835606","Textures\UI\SubcategoryIcons\SubcategoryIcon_Platform.png","VanillaExpanded\vanillaexpanded.gravship\Textures\UI\SubcategoryIcons\SubcategoryIcon_Platform.png","796","27678B34062F0AC5B7F94D1E1CAD95E302195544994144351298B4D819FC04C2"
"VanillaExpanded","vanillaexpanded.gravship","Vanilla Gravship Expanded - Chapter 1","D:\Steam\steamapps\workshop\content\294100\3609835606","Textures\UI\SubcategoryIcons\SubcategoryIcon_Vacuum.png","VanillaExpanded\vanillaexpanded.gravship\Textures\UI\SubcategoryIcons\SubcategoryIcon_Vacuum.png","1124","900EE0748BE24BCEEEEC9FF0C9AAF70905F4ADFDE473DE1E218A6FCF3B78BF20"
"VanillaExpanded","VanillaExpanded.HelixienGas","Vanilla Helixien Gas Expanded","D:\Steam\steamapps\workshop\content\294100\2877699803","Textures\UI\Commands\GasPipeDeconstruct_MenuIcon.png","VanillaExpanded\VanillaExpanded.HelixienGas\Textures\UI\Commands\GasPipeDeconstruct_MenuIcon.png","6688","97C64703D246F468C6CDD038A7EC10273C2B54F4AF6638C45ABE083EAEC53D96"
"VanillaExpanded","VanillaExpanded.HelixienGas","Vanilla Helixien Gas Expanded","D:\Steam\steamapps\workshop\content\294100\2877699803","Textures\UI\Commands\VHGE_PlugHole.png","VanillaExpanded\VanillaExpanded.HelixienGas\Textures\UI\Commands\VHGE_PlugHole.png","7691","6D2A54527FC0736B057F1E7A60ADE7C6BCAB7C7860E6720429B2B982AA605B89"
"VanillaExpanded","VanillaExpanded.HelixienGas","Vanilla Helixien Gas Expanded","D:\Steam\steamapps\workshop\content\294100\2877699803","Textures\UI\Overlays\GasOff.png","VanillaExpanded\VanillaExpanded.HelixienGas\Textures\UI\Overlays\GasOff.png","9282","988F1579E48640AA7911416CF100D914216D3D23EB4EAFE365B25A655953A6CA"
"VanillaExpanded","VanillaExpanded.HelixienGas","Vanilla Helixien Gas Expanded","D:\Steam\steamapps\workshop\content\294100\2877699803","Textures\UI\Overlays\NeedsGas.png","VanillaExpanded\VanillaExpanded.HelixienGas\Textures\UI\Overlays\NeedsGas.png","13943","A19893D81853BCA9E1854AEC9C7900BB91520A37809F4663C8112437CBEBA593"
"VanillaExpanded","VanillaExpanded.HelixienGas","Vanilla Helixien Gas Expanded","D:\Steam\steamapps\workshop\content\294100\2877699803","Textures\UI\Overlays\ShowGasOverlay.png","VanillaExpanded\VanillaExpanded.HelixienGas\Textures\UI\Overlays\ShowGasOverlay.png","10881","9F9C9EBCE34BC55D15DBE33A5CE99493774FD52E96B1D2C5097027A923B9C65C"
"VanillaExpanded","vanillaexpanded.outposts","Vanilla Outposts Expanded","D:\Steam\steamapps\workshop\content\294100\2688941031","Textures\UI\ArtilleryFireMission.png","VanillaExpanded\vanillaexpanded.outposts\Textures\UI\ArtilleryFireMission.png","8229","462E4717BFFAEFBFDF74364B2CF0BB63D218DD6FD23364FBDDC95F179593C83B"
"VanillaExpanded","vanillaexpanded.outposts","Vanilla Outposts Expanded","D:\Steam\steamapps\workshop\content\294100\2688941031","Textures\UI\DeployDefensiveGarrison.png","VanillaExpanded\vanillaexpanded.outposts\Textures\UI\DeployDefensiveGarrison.png","3364","672BD5797696E9303202286EFE36EA1812C6E6DD3810E33F01AB77408BCED437"
"VanillaExpanded","VanillaExpanded.Recycling","Vanilla Recycling Expanded","D:\Steam\steamapps\workshop\content\294100\3155781848","Textures\UI\EjectContentFromAlloypackSplitter.png","VanillaExpanded\VanillaExpanded.Recycling\Textures\UI\EjectContentFromAlloypackSplitter.png","6852","3FDDD5EED3F91CD59B5DFCC221D3842425B938A6B5E0CCCB1C463D38B94A5395"
"VanillaExpanded","VanillaExpanded.Recycling","Vanilla Recycling Expanded","D:\Steam\steamapps\workshop\content\294100\3155781848","Textures\UI\EjectContentFromGarbageCompactor.png","VanillaExpanded\VanillaExpanded.Recycling\Textures\UI\EjectContentFromGarbageCompactor.png","6180","5FFBC0173EEA0CF22B7A408CCFF7094FDACE04024893392AF93C8C042BB1386D"
"VanillaExpanded","vanillaexpanded.skills","Vanilla Skills Expanded","D:\Steam\steamapps\workshop\content\294100\3400246558","Textures\UI\Icon_OpenExpertisePanel.png","VanillaExpanded\vanillaexpanded.skills\Textures\UI\Icon_OpenExpertisePanel.png","1122","97F10711D0E19BB5C41D78C484AD3EBD7282E5F13228884D226F8C91A08932F5"
"VanillaExpanded","vanillaexpanded.skills","Vanilla Skills Expanded","D:\Steam\steamapps\workshop\content\294100\3400246558","Textures\UI\Passion_Expertise.png","VanillaExpanded\vanillaexpanded.skills\Textures\UI\Passion_Expertise.png","809","10AFC7E99552E0CF965A0A461D959A965750E1EAE3CD370C6707CCAB440B2825"
"VanillaExpanded","VanillaExpanded.Temperature","Vanilla Temperature Expanded","D:\Steam\steamapps\workshop\content\294100\3202046258","Textures\UI\Commands\Deconstruct_ACDuct_MenuIcon.png","VanillaExpanded\VanillaExpanded.Temperature\Textures\UI\Commands\Deconstruct_ACDuct_MenuIcon.png","4928","7BD9C3E87BDBF21DFC0AE52E472CEC8B23714B3E3D2B3B364A79E5A9AD0A9F8F"
"VanillaExpanded","VanillaExpanded.Temperature","Vanilla Temperature Expanded","D:\Steam\steamapps\workshop\content\294100\3202046258","Textures\UI\Commands\Gizmo_IncreaseNetworkTemperature.png","VanillaExpanded\VanillaExpanded.Temperature\Textures\UI\Commands\Gizmo_IncreaseNetworkTemperature.png","8805","641758C69407EE919E446E34148CB550AFA85194EFECCF9E0AE79E00F75764F6"
"VanillaExpanded","VanillaExpanded.Temperature","Vanilla Temperature Expanded","D:\Steam\steamapps\workshop\content\294100\3202046258","Textures\UI\Commands\Gizmo_IncreaseNetworkTemperatureGreatly.png","VanillaExpanded\VanillaExpanded.Temperature\Textures\UI\Commands\Gizmo_IncreaseNetworkTemperatureGreatly.png","8476","B7896E0E18FBF10D61C4A1CAB043BCD6A8DCB41F375A096011A4AF2351FD3A25"
"VanillaExpanded","VanillaExpanded.Temperature","Vanilla Temperature Expanded","D:\Steam\steamapps\workshop\content\294100\3202046258","Textures\UI\Commands\Gizmo_LinkWithACControlUnit.png","VanillaExpanded\VanillaExpanded.Temperature\Textures\UI\Commands\Gizmo_LinkWithACControlUnit.png","12815","79EAB4A3AB3D2390728BCD2EBAD7E5C44FCC2AA6ED15C4F07B884889B9BA6889"
"VanillaExpanded","VanillaExpanded.Temperature","Vanilla Temperature Expanded","D:\Steam\steamapps\workshop\content\294100\3202046258","Textures\UI\Commands\Gizmo_LowerNetworkTemperature.png","VanillaExpanded\VanillaExpanded.Temperature\Textures\UI\Commands\Gizmo_LowerNetworkTemperature.png","8778","4B36B82F8EC9494750E455F551B329AC824CE4D786EFF935DE6E844B166BFB67"
"VanillaExpanded","VanillaExpanded.Temperature","Vanilla Temperature Expanded","D:\Steam\steamapps\workshop\content\294100\3202046258","Textures\UI\Commands\Gizmo_LowerNetworkTemperatureGreatly.png","VanillaExpanded\VanillaExpanded.Temperature\Textures\UI\Commands\Gizmo_LowerNetworkTemperatureGreatly.png","8485","9782DFF77A4806B06532C2A6964BFABA49AD6E33EE5F3D5E27D2FA3001A16EB6"
"VanillaExpanded","VanillaExpanded.Temperature","Vanilla Temperature Expanded","D:\Steam\steamapps\workshop\content\294100\3202046258","Textures\UI\Commands\Gizmo_ResetNetworkTemperature.png","VanillaExpanded\VanillaExpanded.Temperature\Textures\UI\Commands\Gizmo_ResetNetworkTemperature.png","8492","52CB6ED78625199C5374295A5CC167C73D703260A122E80C09B3821925249EF5"
"VanillaExpanded","VanillaExpanded.Temperature","Vanilla Temperature Expanded","D:\Steam\steamapps\workshop\content\294100\3202046258","Textures\UI\Commands\Gizmo_UnlockWithACControlUnit.png","VanillaExpanded\VanillaExpanded.Temperature\Textures\UI\Commands\Gizmo_UnlockWithACControlUnit.png","14791","4E718236D1FA509E3D49C14B686370107691F33354BB09A1F08A75182A3BEE19"
"VanillaExpanded","VanillaExpanded.Temperature","Vanilla Temperature Expanded","D:\Steam\steamapps\workshop\content\294100\3202046258","Textures\UI\Overlays\AirFlowIcon.png","VanillaExpanded\VanillaExpanded.Temperature\Textures\UI\Overlays\AirFlowIcon.png","11264","DFC3D77A6CD633608A645BFEF3F7F67D04FA07BA9C3B3D1728C8D6F1A0B9CD4E"
"VanillaExpanded","VanillaExpanded.Temperature","Vanilla Temperature Expanded","D:\Steam\steamapps\workshop\content\294100\3202046258","Textures\UI\Overlays\Overlay_MissingACControlUnit.png","VanillaExpanded\VanillaExpanded.Temperature\Textures\UI\Overlays\Overlay_MissingACControlUnit.png","11819","13F7591B7E7A4FA7346571258BA4B497E5C14291DE70CE558AB310D3EA5E004A"
"VanillaExpanded","VanillaExpanded.Temperature","Vanilla Temperature Expanded","D:\Steam\steamapps\workshop\content\294100\3202046258","Textures\UI\Overlays\Overlay_MissingCompressors.png","VanillaExpanded\VanillaExpanded.Temperature\Textures\UI\Overlays\Overlay_MissingCompressors.png","11056","BF9EC064BECC931E136EDFF461B651293C00F2E4BB228AF9AFBC74747588556C"
"VanillaExpanded","VanillaExpanded.Temperature","Vanilla Temperature Expanded","D:\Steam\steamapps\workshop\content\294100\3202046258","Textures\UI\Overlays\Overlay_RoofedBad.png","VanillaExpanded\VanillaExpanded.Temperature\Textures\UI\Overlays\Overlay_RoofedBad.png","8512","44EDFA629C6C288DD0F77916DB53074FBCCF96E274C4F123DADD39ECBA3B1CE5"
"VanillaExpanded","VanillaExpanded.Temperature","Vanilla Temperature Expanded","D:\Steam\steamapps\workshop\content\294100\3202046258","Textures\UI\Overlays\Overlay_TooManyACControlUnits.png","VanillaExpanded\VanillaExpanded.Temperature\Textures\UI\Overlays\Overlay_TooManyACControlUnits.png","11659","CF095C47461BF52EE466D6B8321739D5FDF694C571ACA7948F3615313DD119E5"
"VanillaExpanded","VanillaExpanded.VanillaAspirationsExpanded","Vanilla Aspirations Expanded","D:\Steam\steamapps\workshop\content\294100\3268401022","Textures\UI\AspirationIcons\Aspiration_AchieveExcruciatingPain.png","VanillaExpanded\VanillaExpanded.VanillaAspirationsExpanded\Textures\UI\AspirationIcons\Aspiration_AchieveExcruciatingPain.png","3066","A745DDA92DEB10B177B3F80812DA6752516282E6073D65D3103959671BF17FCA"
"VanillaExpanded","VanillaExpanded.VanillaAspirationsExpanded","Vanilla Aspirations Expanded","D:\Steam\steamapps\workshop\content\294100\3268401022","Textures\UI\AspirationIcons\Aspiration_AcquireArchiteGene.png","VanillaExpanded\VanillaExpanded.VanillaAspirationsExpanded\Textures\UI\AspirationIcons\Aspiration_AcquireArchiteGene.png","1364","383F140E4926A462DC6352DDBC86A6CD615C46178A053127EDE61E6DE1856350"
"VanillaExpanded","VanillaExpanded.VanillaAspirationsExpanded","Vanilla Aspirations Expanded","D:\Steam\steamapps\workshop\content\294100\3268401022","Textures\UI\AspirationIcons\Aspiration_AttendInspirationalThroneSpeech.png","VanillaExpanded\VanillaExpanded.VanillaAspirationsExpanded\Textures\UI\AspirationIcons\Aspiration_AttendInspirationalThroneSpeech.png","3078","F571B46939C4AF11A0A532845AAD82FB51F99480F0980662ADE68FF032DDCEEA"
"VanillaExpanded","VanillaExpanded.VanillaAspirationsExpanded","Vanilla Aspirations Expanded","D:\Steam\steamapps\workshop\content\294100\3268401022","Textures\UI\AspirationIcons\Aspiration_BeBondedToRoyalAnimal.png","VanillaExpanded\VanillaExpanded.VanillaAspirationsExpanded\Textures\UI\AspirationIcons\Aspiration_BeBondedToRoyalAnimal.png","3018","5B7F845765B0487C6171DCEB4E5200CA8D540988C48F0628C6B6CFE92AE855B9"
"VanillaExpanded","VanillaExpanded.VanillaAspirationsExpanded","Vanilla Aspirations Expanded","D:\Steam\steamapps\workshop\content\294100\3268401022","Textures\UI\AspirationIcons\Aspiration_BecomeAndroidLover.png","VanillaExpanded\VanillaExpanded.VanillaAspirationsExpanded\Textures\UI\AspirationIcons\Aspiration_BecomeAndroidLover.png","2868","C6A5A6CF9DA68362F704A967AC537C8C39D5C5A1058496471B1923B1455D9AEF"
"VanillaExpanded","VanillaExpanded.VanillaAspirationsExpanded","Vanilla Aspirations Expanded","D:\Steam\steamapps\workshop\content\294100\3268401022","Textures\UI\AspirationIcons\Aspiration_BecomeConsul.png","VanillaExpanded\VanillaExpanded.VanillaAspirationsExpanded\Textures\UI\AspirationIcons\Aspiration_BecomeConsul.png","3356","1979E4B2DC86A8641421D15B0C38096C4A9978D1B68009925BC2BECBE3DBDBE6"
"VanillaExpanded","VanillaExpanded.VanillaAspirationsExpanded","Vanilla Aspirations Expanded","D:\Steam\steamapps\workshop\content\294100\3268401022","Textures\UI\AspirationIcons\Aspiration_BecomeDisliked.png","VanillaExpanded\VanillaExpanded.VanillaAspirationsExpanded\Textures\UI\AspirationIcons\Aspiration_BecomeDisliked.png","2674","6B7B22D74503C95D6D6039C08786A335A3A65F091262EB45AFFF36A7C3A79263"
"VanillaExpanded","VanillaExpanded.VanillaAspirationsExpanded","Vanilla Aspirations Expanded","D:\Steam\steamapps\workshop\content\294100\3268401022","Textures\UI\AspirationIcons\Aspiration_BecomeFungoid.png","VanillaExpanded\VanillaExpanded.VanillaAspirationsExpanded\Textures\UI\AspirationIcons\Aspiration_BecomeFungoid.png","2706","E7CA4E0922575E64C0206FCAA6DC99BC65D22855176B7DBA6422E6D45E9FCE63"
"VanillaExpanded","VanillaExpanded.VanillaAspirationsExpanded","Vanilla Aspirations Expanded","D:\Steam\steamapps\workshop\content\294100\3268401022","Textures\UI\AspirationIcons\Aspiration_BecomeGrandparent.png","VanillaExpanded\VanillaExpanded.VanillaAspirationsExpanded\Textures\UI\AspirationIcons\Aspiration_BecomeGrandparent.png","2985","43D6863E6F3CC65A02418AE1E20BF3CC93DE019E13C13B93CBF1F4C1DF87F5BF"
"VanillaExpanded","VanillaExpanded.VanillaAspirationsExpanded","Vanilla Aspirations Expanded","D:\Steam\steamapps\workshop\content\294100\3268401022","Textures\UI\AspirationIcons\Aspiration_BecomeIdeologicalFigure.png","VanillaExpanded\VanillaExpanded.VanillaAspirationsExpanded\Textures\UI\AspirationIcons\Aspiration_BecomeIdeologicalFigure.png","3004","CACC90FC5CC1561BCB10EF992303B1C1BADC089E84403515C023B3B8D0F21342"
"VanillaExpanded","VanillaExpanded.VanillaAspirationsExpanded","Vanilla Aspirations Expanded","D:\Steam\steamapps\workshop\content\294100\3268401022","Textures\UI\AspirationIcons\Aspiration_BecomeInhuman.png","VanillaExpanded\VanillaExpanded.VanillaAspirationsExpanded\Textures\UI\AspirationIcons\Aspiration_BecomeInhuman.png","2670","2C76BDBFC17A7D82F111CC221102E48DA239319AAABC2AD8AE9000A3D2C4D839"
"VanillaExpanded","VanillaExpanded.VanillaAspirationsExpanded","Vanilla Aspirations Expanded","D:\Steam\steamapps\workshop\content\294100\3268401022","Textures\UI\AspirationIcons\Aspiration_BecomeLeader.png","VanillaExpanded\VanillaExpanded.VanillaAspirationsExpanded\Textures\UI\AspirationIcons\Aspiration_BecomeLeader.png","3166","83FA31F67F52A48A799146492887178766BD1D9DFBE1A8F25FA5EAAB030584EE"
"VanillaExpanded","VanillaExpanded.VanillaAspirationsExpanded","Vanilla Aspirations Expanded","D:\Steam\steamapps\workshop\content\294100\3268401022","Textures\UI\AspirationIcons\Aspiration_BecomeLegendaryMaster.png","VanillaExpanded\VanillaExpanded.VanillaAspirationsExpanded\Textures\UI\AspirationIcons\Aspiration_BecomeLegendaryMaster.png","2651","8DD53AB784570713BFD85BCD21D2A1520DCEE7263B9AFBDA3A0A340E7250E12A"
"VanillaExpanded","VanillaExpanded.VanillaAspirationsExpanded","Vanilla Aspirations Expanded","D:\Steam\steamapps\workshop\content\294100\3268401022","Textures\UI\AspirationIcons\Aspiration_BecomeLiked.png","VanillaExpanded\VanillaExpanded.VanillaAspirationsExpanded\Textures\UI\AspirationIcons\Aspiration_BecomeLiked.png","2677","F3F781A9EE1813D476153512ADEED9FFA0EBAF45EE5B2920C6C193AEBE9CB5CE"
"VanillaExpanded","VanillaExpanded.VanillaAspirationsExpanded","Vanilla Aspirations Expanded","D:\Steam\steamapps\workshop\content\294100\3268401022","Textures\UI\AspirationIcons\Aspiration_BecomeMechanitor.png","VanillaExpanded\VanillaExpanded.VanillaAspirationsExpanded\Textures\UI\AspirationIcons\Aspiration_BecomeMechanitor.png","3389","1BFF76F21F5007252D53DFDBA7DB80C924DB66203D8F780FEBA457A856C4E097"
"VanillaExpanded","VanillaExpanded.VanillaAspirationsExpanded","Vanilla Aspirations Expanded","D:\Steam\steamapps\workshop\content\294100\3268401022","Textures\UI\AspirationIcons\Aspiration_BecomeNoble.png","VanillaExpanded\VanillaExpanded.VanillaAspirationsExpanded\Textures\UI\AspirationIcons\Aspiration_BecomeNoble.png","2556","E14FDCC5B37096DDD31F6FE0BB0589454807C388908A04E455985BBAB6EB5171"
"VanillaExpanded","VanillaExpanded.VanillaAspirationsExpanded","Vanilla Aspirations Expanded","D:\Steam\steamapps\workshop\content\294100\3268401022","Textures\UI\AspirationIcons\Aspiration_BecomeParent.png","VanillaExpanded\VanillaExpanded.VanillaAspirationsExpanded\Textures\UI\AspirationIcons\Aspiration_BecomeParent.png","2687","3BD9C487017A3E91167CC9E89F672A03EFFC9D4ED2EDE68869765131DF2D19B2"
"VanillaExpanded","VanillaExpanded.VanillaAspirationsExpanded","Vanilla Aspirations Expanded","D:\Steam\steamapps\workshop\content\294100\3268401022","Textures\UI\AspirationIcons\Aspiration_BecomePsycaster.png","VanillaExpanded\VanillaExpanded.VanillaAspirationsExpanded\Textures\UI\AspirationIcons\Aspiration_BecomePsycaster.png","3028","320EEA1ABEB1E66762FD1B8CBED718D77221F91A827733B89E3C47A416CB2C38"
"VanillaExpanded","VanillaExpanded.VanillaAspirationsExpanded","Vanilla Aspirations Expanded","D:\Steam\steamapps\workshop\content\294100\3268401022","Textures\UI\AspirationIcons\Aspiration_BecomeRich.png","VanillaExpanded\VanillaExpanded.VanillaAspirationsExpanded\Textures\UI\AspirationIcons\Aspiration_BecomeRich.png","3097","01614DE73BCC16763F6CCFF15BE15B06A8DDC6FBDE7C8C82F65DEC4F349E3005"
"VanillaExpanded","VanillaExpanded.VanillaAspirationsExpanded","Vanilla Aspirations Expanded","D:\Steam\steamapps\workshop\content\294100\3268401022","Textures\UI\AspirationIcons\Aspiration_BecomeSanguophage.png","VanillaExpanded\VanillaExpanded.VanillaAspirationsExpanded\Textures\UI\AspirationIcons\Aspiration_BecomeSanguophage.png","2892","B36DF2A5FE52FA225E44A50918D705EA2D4A6B273D46111B4FAC6AD1EDF710D4"
"VanillaExpanded","VanillaExpanded.VanillaAspirationsExpanded","Vanilla Aspirations Expanded","D:\Steam\steamapps\workshop\content\294100\3268401022","Textures\UI\AspirationIcons\Aspiration_BecomeTranscendent.png","VanillaExpanded\VanillaExpanded.VanillaAspirationsExpanded\Textures\UI\AspirationIcons\Aspiration_BecomeTranscendent.png","3305","B4B144D7A32225DC5FCC3FD4FBACDDA397A6DD3F47B097D3E7CD51CE4C08E997"
"VanillaExpanded","VanillaExpanded.VanillaAspirationsExpanded","Vanilla Aspirations Expanded","D:\Steam\steamapps\workshop\content\294100\3268401022","Textures\UI\AspirationIcons\Aspiration_BondWithAnimal.png","VanillaExpanded\VanillaExpanded.VanillaAspirationsExpanded\Textures\UI\AspirationIcons\Aspiration_BondWithAnimal.png","2803","33F9EDC182F08C440E594F80AA8050ADA69A44E40F7DA48E89E12AF675EC93B4"
"VanillaExpanded","VanillaExpanded.VanillaAspirationsExpanded","Vanilla Aspirations Expanded","D:\Steam\steamapps\workshop\content\294100\3268401022","Textures\UI\AspirationIcons\Aspiration_BurnLuciferium.png","VanillaExpanded\VanillaExpanded.VanillaAspirationsExpanded\Textures\UI\AspirationIcons\Aspiration_BurnLuciferium.png","2906","79A0B51285468B609F32E645A4EE08938CAD44BF41980347E1630BC79B955974"
"VanillaExpanded","VanillaExpanded.VanillaAspirationsExpanded","Vanilla Aspirations Expanded","D:\Steam\steamapps\workshop\content\294100\3268401022","Textures\UI\AspirationIcons\Aspiration_ChainsawHands.png","VanillaExpanded\VanillaExpanded.VanillaAspirationsExpanded\Textures\UI\AspirationIcons\Aspiration_ChainsawHands.png","1433","DA506EEE8710C7725ADB9010EFCB716DD0CA4E232A63415F9F8D12E3A93BB4DB"
"VanillaExpanded","VanillaExpanded.VanillaAspirationsExpanded","Vanilla Aspirations Expanded","D:\Steam\steamapps\workshop\content\294100\3268401022","Textures\UI\AspirationIcons\Aspiration_ChangeXenotype.png","VanillaExpanded\VanillaExpanded.VanillaAspirationsExpanded\Textures\UI\AspirationIcons\Aspiration_ChangeXenotype.png","1302","694DC4633D44763EDBD45BFA5A1F33E272CC6992CB359706477049B6CE2BF0C5"
"VanillaExpanded","VanillaExpanded.VanillaAspirationsExpanded","Vanilla Aspirations Expanded","D:\Steam\steamapps\workshop\content\294100\3268401022","Textures\UI\AspirationIcons\Aspiration_CompleteMachineBody.png","VanillaExpanded\VanillaExpanded.VanillaAspirationsExpanded\Textures\UI\AspirationIcons\Aspiration_CompleteMachineBody.png","2851","F7CEFABBFF01CD4CDC2BED29A9058D76645C47BB83F7D7BA5EE46FBD7F05EB75"
"VanillaExpanded","VanillaExpanded.VanillaAspirationsExpanded","Vanilla Aspirations Expanded","D:\Steam\steamapps\workshop\content\294100\3268401022","Textures\UI\AspirationIcons\Aspiration_ConnectWithGauranlenTree.png","VanillaExpanded\VanillaExpanded.VanillaAspirationsExpanded\Textures\UI\AspirationIcons\Aspiration_ConnectWithGauranlenTree.png","2821","248BF632305D3DA61FF8807AE5AA556006D7F0191999BD48A7723B9A73EA146B"
"VanillaExpanded","VanillaExpanded.VanillaAspirationsExpanded","Vanilla Aspirations Expanded","D:\Steam\steamapps\workshop\content\294100\3268401022","Textures\UI\AspirationIcons\Aspiration_ConsumeHumanMeat.png","VanillaExpanded\VanillaExpanded.VanillaAspirationsExpanded\Textures\UI\AspirationIcons\Aspiration_ConsumeHumanMeat.png","2982","533B5D5BB4FC8413EA3F2008C41B0F34F9679773ED932A36D7BF2C6C101A19AD"
"VanillaExpanded","VanillaExpanded.VanillaAspirationsExpanded","Vanilla Aspirations Expanded","D:\Steam\steamapps\workshop\content\294100\3268401022","Textures\UI\AspirationIcons\Aspiration_ConsumeLuciferium.png","VanillaExpanded\VanillaExpanded.VanillaAspirationsExpanded\Textures\UI\AspirationIcons\Aspiration_ConsumeLuciferium.png","2624","27C0DDE9F0A84F8F3B73BC71384C4CC37474D77ADBAC3CB96D374C1A3B6AFE04"
"VanillaExpanded","VanillaExpanded.VanillaAspirationsExpanded","Vanilla Aspirations Expanded","D:\Steam\steamapps\workshop\content\294100\3268401022","Textures\UI\AspirationIcons\Aspiration_ConsumeMasterworkHauteMeal.png","VanillaExpanded\VanillaExpanded.VanillaAspirationsExpanded\Textures\UI\AspirationIcons\Aspiration_ConsumeMasterworkHauteMeal.png","1824","E8D8318FE306C60E6884DD06967170BE129F2E490779AE8F7F17E77853DCAB5C"
"VanillaExpanded","VanillaExpanded.VanillaAspirationsExpanded","Vanilla Aspirations Expanded","D:\Steam\steamapps\workshop\content\294100\3268401022","Textures\UI\AspirationIcons\Aspiration_ConsumeOpium.png","VanillaExpanded\VanillaExpanded.VanillaAspirationsExpanded\Textures\UI\AspirationIcons\Aspiration_ConsumeOpium.png","2610","A670E169545BD43343430BC8129DC246D396B1F1F5E61F83F362928E77975ECD"
"VanillaExpanded","VanillaExpanded.VanillaAspirationsExpanded","Vanilla Aspirations Expanded","D:\Steam\steamapps\workshop\content\294100\3268401022","Textures\UI\AspirationIcons\Aspiration_ConsumePsilocap.png","VanillaExpanded\VanillaExpanded.VanillaAspirationsExpanded\Textures\UI\AspirationIcons\Aspiration_ConsumePsilocap.png","1258","92586D89BF47967821BA8A1B780A273E8A9E2F42D932DD8E9C60205AC08F0EA7"
"VanillaExpanded","VanillaExpanded.VanillaAspirationsExpanded","Vanilla Aspirations Expanded","D:\Steam\steamapps\workshop\content\294100\3268401022","Textures\UI\AspirationIcons\Aspiration_ConsumeYayo.png","VanillaExpanded\VanillaExpanded.VanillaAspirationsExpanded\Textures\UI\AspirationIcons\Aspiration_ConsumeYayo.png","2616","7FDB712264C199FA40C83E4B5658521EF2C600AA29FA68C533A89FE36BAD5A1A"
"VanillaExpanded","VanillaExpanded.VanillaAspirationsExpanded","Vanilla Aspirations Expanded","D:\Steam\steamapps\workshop\content\294100\3268401022","Textures\UI\AspirationIcons\Aspiration_CreateLegendaryWork.png","VanillaExpanded\VanillaExpanded.VanillaAspirationsExpanded\Textures\UI\AspirationIcons\Aspiration_CreateLegendaryWork.png","3467","F60A8E488932AAF8817795F0454A48418753E50F7184DE7DA0B123E0599BDE88"
"VanillaExpanded","VanillaExpanded.VanillaAspirationsExpanded","Vanilla Aspirations Expanded","D:\Steam\steamapps\workshop\content\294100\3268401022","Textures\UI\AspirationIcons\Aspiration_DeadRival.png","VanillaExpanded\VanillaExpanded.VanillaAspirationsExpanded\Textures\UI\AspirationIcons\Aspiration_DeadRival.png","2859","F47E356AA80B59DF328BB8145B1E4A0DF897FDD9214BE130500B2FEAC2BCA160"
"VanillaExpanded","VanillaExpanded.VanillaAspirationsExpanded","Vanilla Aspirations Expanded","D:\Steam\steamapps\workshop\content\294100\3268401022","Textures\UI\AspirationIcons\Aspiration_DefeatFactionLeader.png","VanillaExpanded\VanillaExpanded.VanillaAspirationsExpanded\Textures\UI\AspirationIcons\Aspiration_DefeatFactionLeader.png","2933","38219509E2F6662C596E43BC2F4B5F4A1764962CF09F242894DFFD7FFFA22985"
"VanillaExpanded","VanillaExpanded.VanillaAspirationsExpanded","Vanilla Aspirations Expanded","D:\Steam\steamapps\workshop\content\294100\3268401022","Textures\UI\AspirationIcons\Aspiration_DefeatHiveQueen.png","VanillaExpanded\VanillaExpanded.VanillaAspirationsExpanded\Textures\UI\AspirationIcons\Aspiration_DefeatHiveQueen.png","1783","3F3F18FCDF7F5A8327C19F3132DD69849F1D5302717BD464B35550F3258792E7"
"VanillaExpanded","VanillaExpanded.VanillaAspirationsExpanded","Vanilla Aspirations Expanded","D:\Steam\steamapps\workshop\content\294100\3268401022","Textures\UI\AspirationIcons\Aspiration_DestroyInsectHive.png","VanillaExpanded\VanillaExpanded.VanillaAspirationsExpanded\Textures\UI\AspirationIcons\Aspiration_DestroyInsectHive.png","3371","8A86D2B7D6090215AC8A61E107618417A6E0986023B08682E73E842F75E8A9E8"
"VanillaExpanded","VanillaExpanded.VanillaAspirationsExpanded","Vanilla Aspirations Expanded","D:\Steam\steamapps\workshop\content\294100\3268401022","Textures\UI\AspirationIcons\Aspiration_DestroyMechCluster.png","VanillaExpanded\VanillaExpanded.VanillaAspirationsExpanded\Textures\UI\AspirationIcons\Aspiration_DestroyMechCluster.png","3155","6D1EEC991329555C5807FA2C9A1D5C92E5F8A2BF49958223EDD831BF4BC8D36B"
"VanillaExpanded","VanillaExpanded.VanillaAspirationsExpanded","Vanilla Aspirations Expanded","D:\Steam\steamapps\workshop\content\294100\3268401022","Textures\UI\AspirationIcons\Aspiration_DrinkAperitif.png","VanillaExpanded\VanillaExpanded.VanillaAspirationsExpanded\Textures\UI\AspirationIcons\Aspiration_DrinkAperitif.png","2544","C896A40ED66F975FD99533F016475AEDC6F4488D74206C5E79516E87B69F3071"
"VanillaExpanded","VanillaExpanded.VanillaAspirationsExpanded","Vanilla Aspirations Expanded","D:\Steam\steamapps\workshop\content\294100\3268401022","Textures\UI\AspirationIcons\Aspiration_EarnCornerstone.png","VanillaExpanded\VanillaExpanded.VanillaAspirationsExpanded\Textures\UI\AspirationIcons\Aspiration_EarnCornerstone.png","2994","D7683B822AED7B2A5D3D9B5A2820F25781370E6DDCEF7FBE3C1690077497F587"
"VanillaExpanded","VanillaExpanded.VanillaAspirationsExpanded","Vanilla Aspirations Expanded","D:\Steam\steamapps\workshop\content\294100\3268401022","Textures\UI\AspirationIcons\Aspiration_EquipUniqueWeapon.png","VanillaExpanded\VanillaExpanded.VanillaAspirationsExpanded\Textures\UI\AspirationIcons\Aspiration_EquipUniqueWeapon.png","1647","EAC9112EFDC50C83B4021A6B11BFE2EC2EDCE672AD0047D9DA29923C56582681"
"VanillaExpanded","VanillaExpanded.VanillaAspirationsExpanded","Vanilla Aspirations Expanded","D:\Steam\steamapps\workshop\content\294100\3268401022","Textures\UI\AspirationIcons\Aspiration_ExperienceLandingBoon.png","VanillaExpanded\VanillaExpanded.VanillaAspirationsExpanded\Textures\UI\AspirationIcons\Aspiration_ExperienceLandingBoon.png","1420","D10E2E6981FE15AA159624250C9DD40050FE4675DB88E90F9B26AA44E0C82CFC"
"VanillaExpanded","VanillaExpanded.VanillaAspirationsExpanded","Vanilla Aspirations Expanded","D:\Steam\steamapps\workshop\content\294100\3268401022","Textures\UI\AspirationIcons\Aspiration_ExperienceResurrection.png","VanillaExpanded\VanillaExpanded.VanillaAspirationsExpanded\Textures\UI\AspirationIcons\Aspiration_ExperienceResurrection.png","3595","AF23F675091120B7325383252AEBA3376563EEB02541F703FF712874E8FA499F"
"VanillaExpanded","VanillaExpanded.VanillaAspirationsExpanded","Vanilla Aspirations Expanded","D:\Steam\steamapps\workshop\content\294100\3268401022","Textures\UI\AspirationIcons\Aspiration_FeelCatharsis.png","VanillaExpanded\VanillaExpanded.VanillaAspirationsExpanded\Textures\UI\AspirationIcons\Aspiration_FeelCatharsis.png","3326","BB5DA097176FA2CBEF17CEC4BC78664CB51302561630C9D583F8C90B9E92B64E"
"VanillaExpanded","VanillaExpanded.VanillaAspirationsExpanded","Vanilla Aspirations Expanded","D:\Steam\steamapps\workshop\content\294100\3268401022","Textures\UI\AspirationIcons\Aspiration_FormPsychicBond.png","VanillaExpanded\VanillaExpanded.VanillaAspirationsExpanded\Textures\UI\AspirationIcons\Aspiration_FormPsychicBond.png","2656","F0C6719E23B4D6BACBC25C73F07E2C68A2D5A6E32CDC58ABE4F32A37F825A32E"
"VanillaExpanded","VanillaExpanded.VanillaAspirationsExpanded","Vanilla Aspirations Expanded","D:\Steam\steamapps\workshop\content\294100\3268401022","Textures\UI\AspirationIcons\Aspiration_GainSuperpower.png","VanillaExpanded\VanillaExpanded.VanillaAspirationsExpanded\Textures\UI\AspirationIcons\Aspiration_GainSuperpower.png","3020","0DF54CFDC8342AD7E8294CC079B60F41870E935B483165098F780D2DF9F800FF"
"VanillaExpanded","VanillaExpanded.VanillaAspirationsExpanded","Vanilla Aspirations Expanded","D:\Steam\steamapps\workshop\content\294100\3268401022","Textures\UI\AspirationIcons\Aspiration_GetBeautifulLover.png","VanillaExpanded\VanillaExpanded.VanillaAspirationsExpanded\Textures\UI\AspirationIcons\Aspiration_GetBeautifulLover.png","2655","F4F846BDBDA7EE858D702F5F473985F6C21EB2D4EC4CA566BEBE8EC28564A432"
"VanillaExpanded","VanillaExpanded.VanillaAspirationsExpanded","Vanilla Aspirations Expanded","D:\Steam\steamapps\workshop\content\294100\3268401022","Textures\UI\AspirationIcons\Aspiration_GetBionicSpine.png","VanillaExpanded\VanillaExpanded.VanillaAspirationsExpanded\Textures\UI\AspirationIcons\Aspiration_GetBionicSpine.png","2520","E677FF563EDF9F2DEC03BDFB9BB43FB9D8B8E0773410D351BA9A96D66DABC828"
"VanillaExpanded","VanillaExpanded.VanillaAspirationsExpanded","Vanilla Aspirations Expanded","D:\Steam\steamapps\workshop\content\294100\3268401022","Textures\UI\AspirationIcons\Aspiration_GetBlackoutDrunk.png","VanillaExpanded\VanillaExpanded.VanillaAspirationsExpanded\Textures\UI\AspirationIcons\Aspiration_GetBlackoutDrunk.png","2690","59F4A5A32E203CBF4C2F42C346F8E039A411DD7098F5517EBE5B0B2216F2D231"
"VanillaExpanded","VanillaExpanded.VanillaAspirationsExpanded","Vanilla Aspirations Expanded","D:\Steam\steamapps\workshop\content\294100\3268401022","Textures\UI\AspirationIcons\Aspiration_GetDigested.png","VanillaExpanded\VanillaExpanded.VanillaAspirationsExpanded\Textures\UI\AspirationIcons\Aspiration_GetDigested.png","3471","17607DEF91C15CC8B0857F14D3115D53BCE7B7A4795CB79F9E5D5A6E708C074E"
"VanillaExpanded","VanillaExpanded.VanillaAspirationsExpanded","Vanilla Aspirations Expanded","D:\Steam\steamapps\workshop\content\294100\3268401022","Textures\UI\AspirationIcons\Aspiration_GetEntombed.png","VanillaExpanded\VanillaExpanded.VanillaAspirationsExpanded\Textures\UI\AspirationIcons\Aspiration_GetEntombed.png","3055","9ABDB2A2252A8F54A233CD38E5467C291C30B9A36CEFD2552E5361A04D4A31FB"
"VanillaExpanded","VanillaExpanded.VanillaAspirationsExpanded","Vanilla Aspirations Expanded","D:\Steam\steamapps\workshop\content\294100\3268401022","Textures\UI\AspirationIcons\Aspiration_GetFiveBurnScars.png","VanillaExpanded\VanillaExpanded.VanillaAspirationsExpanded\Textures\UI\AspirationIcons\Aspiration_GetFiveBurnScars.png","3592","3BA18BD46252125BC999C554D0877F91762200A1EEB516791B17BDAE41C9800A"
"VanillaExpanded","VanillaExpanded.VanillaAspirationsExpanded","Vanilla Aspirations Expanded","D:\Steam\steamapps\workshop\content\294100\3268401022","Textures\UI\AspirationIcons\Aspiration_GetInspiration.png","VanillaExpanded\VanillaExpanded.VanillaAspirationsExpanded\Textures\UI\AspirationIcons\Aspiration_GetInspiration.png","2806","3915930E6A8A38EA9F276077116947FCD1F76FBF6C36F9C61B850AB9F7533A3B"
"VanillaExpanded","VanillaExpanded.VanillaAspirationsExpanded","Vanilla Aspirations Expanded","D:\Steam\steamapps\workshop\content\294100\3268401022","Textures\UI\AspirationIcons\Aspiration_GetJoywired.png","VanillaExpanded\VanillaExpanded.VanillaAspirationsExpanded\Textures\UI\AspirationIcons\Aspiration_GetJoywired.png","2916","5B497B3865BF84DCC2F239F69575C05A57EBD1A74AD638B32AE3DD02455C5BF1"
"VanillaExpanded","VanillaExpanded.VanillaAspirationsExpanded","Vanilla Aspirations Expanded","D:\Steam\steamapps\workshop\content\294100\3268401022","Textures\UI\AspirationIcons\Aspiration_GetMarried.png","VanillaExpanded\VanillaExpanded.VanillaAspirationsExpanded\Textures\UI\AspirationIcons\Aspiration_GetMarried.png","3060","182DE8525EB285F4DC33A6B91981770849E7F94699E8D7E60E94CFBD2443EC2D"
"VanillaExpanded","VanillaExpanded.VanillaAspirationsExpanded","Vanilla Aspirations Expanded","D:\Steam\steamapps\workshop\content\294100\3268401022","Textures\UI\AspirationIcons\Aspiration_GetRareCatch.png","VanillaExpanded\VanillaExpanded.VanillaAspirationsExpanded\Textures\UI\AspirationIcons\Aspiration_GetRareCatch.png","1161","93711C50BAA155DF87D7667DDDEF074333262893BF08498292D44AAB65D9D9D2"
"VanillaExpanded","VanillaExpanded.VanillaAspirationsExpanded","Vanilla Aspirations Expanded","D:\Steam\steamapps\workshop\content\294100\3268401022","Textures\UI\AspirationIcons\Aspiration_GetRidOfAsthma.png","VanillaExpanded\VanillaExpanded.VanillaAspirationsExpanded\Textures\UI\AspirationIcons\Aspiration_GetRidOfAsthma.png","3075","B0C0BCEE5AEB166B49D18156E59AAF78D1F9BF46790D6ABFED83C3AA6F7DF2F2"
"VanillaExpanded","VanillaExpanded.VanillaAspirationsExpanded","Vanilla Aspirations Expanded","D:\Steam\steamapps\workshop\content\294100\3268401022","Textures\UI\AspirationIcons\Aspiration_GetRidOfCataracts.png","VanillaExpanded\VanillaExpanded.VanillaAspirationsExpanded\Textures\UI\AspirationIcons\Aspiration_GetRidOfCataracts.png","2624","96FC969C7EA2826D5C1065E63ADF43CFFB92C3F4A836F0720A3DE92D1A844DCB"
"VanillaExpanded","VanillaExpanded.VanillaAspirationsExpanded","Vanilla Aspirations Expanded","D:\Steam\steamapps\workshop\content\294100\3268401022","Textures\UI\AspirationIcons\Aspiration_GetRidOfHearingLoss.png","VanillaExpanded\VanillaExpanded.VanillaAspirationsExpanded\Textures\UI\AspirationIcons\Aspiration_GetRidOfHearingLoss.png","2499","644E0BA2382643EE13E23C57662551C251B6EB9F728130EAA0600FFB91863841"
"VanillaExpanded","VanillaExpanded.VanillaAspirationsExpanded","Vanilla Aspirations Expanded","D:\Steam\steamapps\workshop\content\294100\3268401022","Textures\UI\AspirationIcons\Aspiration_GetSomeLovin.png","VanillaExpanded\VanillaExpanded.VanillaAspirationsExpanded\Textures\UI\AspirationIcons\Aspiration_GetSomeLovin.png","2868","A5C572DE38C5D67C75C49557C435DDE9B67C2FF14AEF14FD3BB3A349FA03CE81"
"VanillaExpanded","VanillaExpanded.VanillaAspirationsExpanded","Vanilla Aspirations Expanded","D:\Steam\steamapps\workshop\content\294100\3268401022","Textures\UI\AspirationIcons\Aspiration_GrowOld.png","VanillaExpanded\VanillaExpanded.VanillaAspirationsExpanded\Textures\UI\AspirationIcons\Aspiration_GrowOld.png","2648","80FC05573FEE28E79A5B51892ADF51C8430174460B45AABBB93E44EA7B57CF53"
"VanillaExpanded","VanillaExpanded.VanillaAspirationsExpanded","Vanilla Aspirations Expanded","D:\Steam\steamapps\workshop\content\294100\3268401022","Textures\UI\AspirationIcons\Aspiration_GrowTentacle.png","VanillaExpanded\VanillaExpanded.VanillaAspirationsExpanded\Textures\UI\AspirationIcons\Aspiration_GrowTentacle.png","2671","B9CD97CA289135E85C9032F50A02F447874DD992D7A9DE139B19B221904CDE35"
"VanillaExpanded","VanillaExpanded.VanillaAspirationsExpanded","Vanilla Aspirations Expanded","D:\Steam\steamapps\workshop\content\294100\3268401022","Textures\UI\AspirationIcons\Aspiration_HaveWonderfulRoom.png","VanillaExpanded\VanillaExpanded.VanillaAspirationsExpanded\Textures\UI\AspirationIcons\Aspiration_HaveWonderfulRoom.png","2258","7716F358D67555F66057F19BAD31AD9CB1EBEC606A55F4B28341ED1E22595B87"
"VanillaExpanded","VanillaExpanded.VanillaAspirationsExpanded","Vanilla Aspirations Expanded","D:\Steam\steamapps\workshop\content\294100\3268401022","Textures\UI\AspirationIcons\Aspiration_HearAnimaScream.png","VanillaExpanded\VanillaExpanded.VanillaAspirationsExpanded\Textures\UI\AspirationIcons\Aspiration_HearAnimaScream.png","3198","BE75FAE3A9315A31880D52AF9D5D4AA50BB06CE73E11B33289B7120FBDEA963F"
"VanillaExpanded","VanillaExpanded.VanillaAspirationsExpanded","Vanilla Aspirations Expanded","D:\Steam\steamapps\workshop\content\294100\3268401022","Textures\UI\AspirationIcons\Aspiration_HighestLevelPsycast.png","VanillaExpanded\VanillaExpanded.VanillaAspirationsExpanded\Textures\UI\AspirationIcons\Aspiration_HighestLevelPsycast.png","3205","EA0F4F5DE09868ED3B26424D377622F4C8DF9A02F98AEDCE7D29116220B40B92"
"VanillaExpanded","VanillaExpanded.VanillaAspirationsExpanded","Vanilla Aspirations Expanded","D:\Steam\steamapps\workshop\content\294100\3268401022","Textures\UI\AspirationIcons\Aspiration_HoldConcert.png","VanillaExpanded\VanillaExpanded.VanillaAspirationsExpanded\Textures\UI\AspirationIcons\Aspiration_HoldConcert.png","2699","A195FFEBD7172CAEBDA16B467F6B7BABD4C755A67D8DCA0E38BAF4AED3032FBB"
"VanillaExpanded","VanillaExpanded.VanillaAspirationsExpanded","Vanilla Aspirations Expanded","D:\Steam\steamapps\workshop\content\294100\3268401022","Textures\UI\AspirationIcons\Aspiration_HuntAlphaThrumbo.png","VanillaExpanded\VanillaExpanded.VanillaAspirationsExpanded\Textures\UI\AspirationIcons\Aspiration_HuntAlphaThrumbo.png","1784","6F17CB3334D74F403CB52E0896E7501107472CC3C0255C10AB05D0730DE1BDE1"
"VanillaExpanded","VanillaExpanded.VanillaAspirationsExpanded","Vanilla Aspirations Expanded","D:\Steam\steamapps\workshop\content\294100\3268401022","Textures\UI\AspirationIcons\Aspiration_JoinTheDeserters.png","VanillaExpanded\VanillaExpanded.VanillaAspirationsExpanded\Textures\UI\AspirationIcons\Aspiration_JoinTheDeserters.png","3063","18E3210DF405D08DD6D9FE57C3E2A6AC667191E5CED7399D705D0834993339DB"
"VanillaExpanded","VanillaExpanded.VanillaAspirationsExpanded","Vanilla Aspirations Expanded","D:\Steam\steamapps\workshop\content\294100\3268401022","Textures\UI\AspirationIcons\Aspiration_KillSomeone.png","VanillaExpanded\VanillaExpanded.VanillaAspirationsExpanded\Textures\UI\AspirationIcons\Aspiration_KillSomeone.png","2426","B6EFE00941A612736C304EE223A79199B21D61D5D4D026A4AFF64056BFEB09BD"
"VanillaExpanded","VanillaExpanded.VanillaAspirationsExpanded","Vanilla Aspirations Expanded","D:\Steam\steamapps\workshop\content\294100\3268401022","Textures\UI\AspirationIcons\Aspiration_LinkWithAnimaTree.png","VanillaExpanded\VanillaExpanded.VanillaAspirationsExpanded\Textures\UI\AspirationIcons\Aspiration_LinkWithAnimaTree.png","2850","AA3211EEEC3917B09C67E43E357438AD7399B5B427EA5FAA42FDD41F8549F1A0"
"VanillaExpanded","VanillaExpanded.VanillaAspirationsExpanded","Vanilla Aspirations Expanded","D:\Steam\steamapps\workshop\content\294100\3268401022","Textures\UI\AspirationIcons\Aspiration_MeetAngelicPawn.png","VanillaExpanded\VanillaExpanded.VanillaAspirationsExpanded\Textures\UI\AspirationIcons\Aspiration_MeetAngelicPawn.png","1696","A38516793C4E90BEEC0C4881B7FADF71FAB77C998E1862A60B3142ED48D7783D"
"VanillaExpanded","VanillaExpanded.VanillaAspirationsExpanded","Vanilla Aspirations Expanded","D:\Steam\steamapps\workshop\content\294100\3268401022","Textures\UI\AspirationIcons\Aspiration_NuzzleWithFleshling.png","VanillaExpanded\VanillaExpanded.VanillaAspirationsExpanded\Textures\UI\AspirationIcons\Aspiration_NuzzleWithFleshling.png","2840","BA1BA503BB24A9BBA1EB7CCE9435413A99922F3E3115CD19D85001B90840AC20"
"VanillaExpanded","VanillaExpanded.VanillaAspirationsExpanded","Vanilla Aspirations Expanded","D:\Steam\steamapps\workshop\content\294100\3268401022","Textures\UI\AspirationIcons\Aspiration_ObtainGravEngine.png","VanillaExpanded\VanillaExpanded.VanillaAspirationsExpanded\Textures\UI\AspirationIcons\Aspiration_ObtainGravEngine.png","1477","1FD5BAC7E4297F3E676426B37BEBAF52BC3E6D9220E847D535961E4A14DF8323"
"VanillaExpanded","VanillaExpanded.VanillaAspirationsExpanded","Vanilla Aspirations Expanded","D:\Steam\steamapps\workshop\content\294100\3268401022","Textures\UI\AspirationIcons\Aspiration_ObtainShuttle.png","VanillaExpanded\VanillaExpanded.VanillaAspirationsExpanded\Textures\UI\AspirationIcons\Aspiration_ObtainShuttle.png","1099","224B8D1A761C43D27F5CAE9594D8F1042D913B9FB9272F3D41783ACE9A14E4D2"
"VanillaExpanded","VanillaExpanded.VanillaAspirationsExpanded","Vanilla Aspirations Expanded","D:\Steam\steamapps\workshop\content\294100\3268401022","Textures\UI\AspirationIcons\Aspiration_Overdose.png","VanillaExpanded\VanillaExpanded.VanillaAspirationsExpanded\Textures\UI\AspirationIcons\Aspiration_Overdose.png","3396","51FF5B7B627B6CCACA40012188483632148665C9E9BE3601579EA5FC5BF177C2"
"VanillaExpanded","VanillaExpanded.VanillaAspirationsExpanded","Vanilla Aspirations Expanded","D:\Steam\steamapps\workshop\content\294100\3268401022","Textures\UI\AspirationIcons\Aspiration_PilotGravship.png","VanillaExpanded\VanillaExpanded.VanillaAspirationsExpanded\Textures\UI\AspirationIcons\Aspiration_PilotGravship.png","2217","E75285E2B9AF01AF52C05EE9FD420BC19BE506559D050DEF1673BBAD0476C611"
"VanillaExpanded","VanillaExpanded.VanillaAspirationsExpanded","Vanilla Aspirations Expanded","D:\Steam\steamapps\workshop\content\294100\3268401022","Textures\UI\AspirationIcons\Aspiration_PlayWithTheGoldenCube.png","VanillaExpanded\VanillaExpanded.VanillaAspirationsExpanded\Textures\UI\AspirationIcons\Aspiration_PlayWithTheGoldenCube.png","2775","B4BCC8359BC98F5A9FE6F37B967C28F5DB444E0D914BCD9F151F57B3506E2997"
"VanillaExpanded","VanillaExpanded.VanillaAspirationsExpanded","Vanilla Aspirations Expanded","D:\Steam\steamapps\workshop\content\294100\3268401022","Textures\UI\AspirationIcons\Aspiration_Propose.png","VanillaExpanded\VanillaExpanded.VanillaAspirationsExpanded\Textures\UI\AspirationIcons\Aspiration_Propose.png","2665","79881E336FD2D209E6B1C7030FC93832EEA7F3176001CF491586622929F64D27"
"VanillaExpanded","VanillaExpanded.VanillaAspirationsExpanded","Vanilla Aspirations Expanded","D:\Steam\steamapps\workshop\content\294100\3268401022","Textures\UI\AspirationIcons\Aspiration_RaidBioLab.png","VanillaExpanded\VanillaExpanded.VanillaAspirationsExpanded\Textures\UI\AspirationIcons\Aspiration_RaidBioLab.png","828","676FADD04E9B87730864DA04B383FDD118A5ED4C7B71DDADAA73DDAFD8EABE3D"
"VanillaExpanded","VanillaExpanded.VanillaAspirationsExpanded","Vanilla Aspirations Expanded","D:\Steam\steamapps\workshop\content\294100\3268401022","Textures\UI\AspirationIcons\Aspiration_ReadBook.png","VanillaExpanded\VanillaExpanded.VanillaAspirationsExpanded\Textures\UI\AspirationIcons\Aspiration_ReadBook.png","2054","0471D13DF463EEB3A26536521CFBCA21215DC5F3621A3B8E1DEB72CCD03ABAE8"
"VanillaExpanded","VanillaExpanded.VanillaAspirationsExpanded","Vanilla Aspirations Expanded","D:\Steam\steamapps\workshop\content\294100\3268401022","Textures\UI\AspirationIcons\Aspiration_ReadTome.png","VanillaExpanded\VanillaExpanded.VanillaAspirationsExpanded\Textures\UI\AspirationIcons\Aspiration_ReadTome.png","2439","F75076E7AC66DEA478BC692CC128B5D55BA8127ADD8C30A7C066FF216CC6FB18"
"VanillaExpanded","VanillaExpanded.VanillaAspirationsExpanded","Vanilla Aspirations Expanded","D:\Steam\steamapps\workshop\content\294100\3268401022","Textures\UI\AspirationIcons\Aspiration_RideInClassicCar.png","VanillaExpanded\VanillaExpanded.VanillaAspirationsExpanded\Textures\UI\AspirationIcons\Aspiration_RideInClassicCar.png","3522","6A859CBDF225E0BB38260F01738725D75CF228D7626F85376C95E98B770B880D"
"VanillaExpanded","VanillaExpanded.VanillaAspirationsExpanded","Vanilla Aspirations Expanded","D:\Steam\steamapps\workshop\content\294100\3268401022","Textures\UI\AspirationIcons\Aspiration_SeeAnAurora.png","VanillaExpanded\VanillaExpanded.VanillaAspirationsExpanded\Textures\UI\AspirationIcons\Aspiration_SeeAnAurora.png","3260","96725C20A31C52F9DAB12D8E8183E00B468EA44A5893C9206D003CC856FA641F"
"VanillaExpanded","VanillaExpanded.VanillaAspirationsExpanded","Vanilla Aspirations Expanded","D:\Steam\steamapps\workshop\content\294100\3268401022","Textures\UI\AspirationIcons\Aspiration_ShapeFlesh.png","VanillaExpanded\VanillaExpanded.VanillaAspirationsExpanded\Textures\UI\AspirationIcons\Aspiration_ShapeFlesh.png","2684","B3A68AC5E449E892090F0FCCF1BC7EC58D7F178015F45FAFEE43F92B98BDCACF"
"VanillaExpanded","VanillaExpanded.VanillaAspirationsExpanded","Vanilla Aspirations Expanded","D:\Steam\steamapps\workshop\content\294100\3268401022","Textures\UI\AspirationIcons\Aspiration_TravelOnGravship.png","VanillaExpanded\VanillaExpanded.VanillaAspirationsExpanded\Textures\UI\AspirationIcons\Aspiration_TravelOnGravship.png","1067","26069510ED40FCB11736537F762E07C64EA15F716C6E25BEE29C1A07A6C7F214"
"VanillaExpanded","VanillaExpanded.VanillaAspirationsExpanded","Vanilla Aspirations Expanded","D:\Steam\steamapps\workshop\content\294100\3268401022","Textures\UI\AspirationIcons\Aspiration_UIltimateRevengeCentipede.png","VanillaExpanded\VanillaExpanded.VanillaAspirationsExpanded\Textures\UI\AspirationIcons\Aspiration_UIltimateRevengeCentipede.png","2992","71D6FF18AC9F8ADB2DD27112B003093EA8DC4166AC65C48B2FDA704FB7098062"
"VanillaExpanded","VanillaExpanded.VanillaAspirationsExpanded","Vanilla Aspirations Expanded","D:\Steam\steamapps\workshop\content\294100\3268401022","Textures\UI\AspirationIcons\Aspiration_UseDeclassifier.png","VanillaExpanded\VanillaExpanded.VanillaAspirationsExpanded\Textures\UI\AspirationIcons\Aspiration_UseDeclassifier.png","2708","24889C96917FB940B67ACA91209AE081AEB9941B5B4CF5689E84841F6CB705B5"
"VanillaExpanded","VanillaExpanded.VanillaAspirationsExpanded","Vanilla Aspirations Expanded","D:\Steam\steamapps\workshop\content\294100\3268401022","Textures\UI\AspirationIcons\Aspiration_UseFlameWeapon.png","VanillaExpanded\VanillaExpanded.VanillaAspirationsExpanded\Textures\UI\AspirationIcons\Aspiration_UseFlameWeapon.png","2730","9604FE1CA648CB4992AEEF954224318E98C08B7D5C0C256D6014340207965415"
"VanillaExpanded","VanillaExpanded.VanillaAspirationsExpanded","Vanilla Aspirations Expanded","D:\Steam\steamapps\workshop\content\294100\3268401022","Textures\UI\AspirationIcons\Aspiration_VisitLandmark.png","VanillaExpanded\VanillaExpanded.VanillaAspirationsExpanded\Textures\UI\AspirationIcons\Aspiration_VisitLandmark.png","1048","E6F0C17131948BD17AF8EEA3CABA33FE6040BFCA5C69C32AAFBA344165354513"
"VanillaExpanded","VanillaExpanded.VanillaAspirationsExpanded","Vanilla Aspirations Expanded","D:\Steam\steamapps\workshop\content\294100\3268401022","Textures\UI\AspirationIcons\Aspiration_WearCryptoEquipment.png","VanillaExpanded\VanillaExpanded.VanillaAspirationsExpanded\Textures\UI\AspirationIcons\Aspiration_WearCryptoEquipment.png","1434","F7071F447905E4902D4E082F59B34743DE5F5FFB3865082711A216C40C415093"
"VanillaExpanded","VanillaExpanded.VanillaAspirationsExpanded","Vanilla Aspirations Expanded","D:\Steam\steamapps\workshop\content\294100\3268401022","Textures\UI\AspirationIcons\Aspiration_WieldBladelinkWeapon.png","VanillaExpanded\VanillaExpanded.VanillaAspirationsExpanded\Textures\UI\AspirationIcons\Aspiration_WieldBladelinkWeapon.png","2283","9BA6FE31A12ACCD5D94573B0B294556B212BC22D6D796AD34F083512E1799FAF"
"VanillaExpanded","VanillaExpanded.VanillaAspirationsExpanded","Vanilla Aspirations Expanded","D:\Steam\steamapps\workshop\content\294100\3268401022","Textures\UI\AspirationIcons\Aspiration_Winged.png","VanillaExpanded\VanillaExpanded.VanillaAspirationsExpanded\Textures\UI\AspirationIcons\Aspiration_Winged.png","1854","A40381E91A5E0591212E24F12EE2D064C18F3F2A5C51763306F712F3E8E6EF21"
"VanillaExpanded","VanillaExpanded.VanillaAspirationsExpanded","Vanilla Aspirations Expanded","D:\Steam\steamapps\workshop\content\294100\3268401022","Textures\UI\AspirationIcons\VCEF_AlphaFish_a.png","VanillaExpanded\VanillaExpanded.VanillaAspirationsExpanded\Textures\UI\AspirationIcons\VCEF_AlphaFish_a.png","14518","4B17C2402A7432F32D82801AFADCE044598F9EFAA1667EC80B0740D105ED108C"
"VanillaExpanded","VanillaExpanded.VanillaAspirationsExpanded","Vanilla Aspirations Expanded","D:\Steam\steamapps\workshop\content\294100\3268401022","Textures\UI\VELogo.png","VanillaExpanded\VanillaExpanded.VanillaAspirationsExpanded\Textures\UI\VELogo.png","3986","1DE032A3CDB58DAABA3654C9188680D41C3E69992BF6F50250BE2CD31B155ED6"
"VanillaExpanded","VanillaExpanded.VanillaFoodVarietyExpanded","Vanilla Food Variety Expanded","D:\Steam\steamapps\workshop\content\294100\3334272487","Textures\UI\VCEV_GoBack.png","VanillaExpanded\VanillaExpanded.VanillaFoodVarietyExpanded\Textures\UI\VCEV_GoBack.png","758","4316A5DF4A7F2CAD32EFB5163218237399E281E01E2B348FD3B4CFE48C01DDB7"
"VanillaExpanded","VanillaExpanded.VanillaFoodVarietyExpanded","Vanilla Food Variety Expanded","D:\Steam\steamapps\workshop\content\294100\3334272487","Textures\UI\VCEV_HeartIcon.png","VanillaExpanded\VanillaExpanded.VanillaFoodVarietyExpanded\Textures\UI\VCEV_HeartIcon.png","2251","EDBB490980B5AE4F31256F1511A1ABC7739A9EC30D3ED6412E08FB98DEC45D55"
"VanillaExpanded","VanillaExpanded.VanillaFoodVarietyExpanded","Vanilla Food Variety Expanded","D:\Steam\steamapps\workshop\content\294100\3334272487","Textures\UI\VCEV_MagnifyingGlass.png","VanillaExpanded\VanillaExpanded.VanillaFoodVarietyExpanded\Textures\UI\VCEV_MagnifyingGlass.png","182","270885C8CF52AD490CF84B7BD942E471BB50276F55FB66EFFE280A19AF9E0319"
"VanillaExpanded","VanillaExpanded.VanillaFoodVarietyExpanded","Vanilla Food Variety Expanded","D:\Steam\steamapps\workshop\content\294100\3334272487","Textures\UI\VELogo.png","VanillaExpanded\VanillaExpanded.VanillaFoodVarietyExpanded\Textures\UI\VELogo.png","3986","1DE032A3CDB58DAABA3654C9188680D41C3E69992BF6F50250BE2CD31B155ED6"
"VanillaExpanded","VanillaExpanded.VanillaSocialInteractionsExpanded","Vanilla Social Interactions Expanded","D:\Steam\steamapps\workshop\content\294100\2439736083","Textures\UI\VELogo.png","VanillaExpanded\VanillaExpanded.VanillaSocialInteractionsExpanded\Textures\UI\VELogo.png","3986","1DE032A3CDB58DAABA3654C9188680D41C3E69992BF6F50250BE2CD31B155ED6"
"VanillaExpanded","VanillaExpanded.VBrewE","Vanilla Brewing Expanded","D:\Steam\steamapps\workshop\content\294100\2186560858","Textures\UI\Icons\Genes\Chemicals\VBE_Caffeine\AddictionImmune.png","VanillaExpanded\VanillaExpanded.VBrewE\Textures\UI\Icons\Genes\Chemicals\VBE_Caffeine\AddictionImmune.png","5334","F5209556768108753F839A7C1F36E41E81DC67F8D01E443AFC2DE7D8A5423F7D"
"VanillaExpanded","VanillaExpanded.VBrewE","Vanilla Brewing Expanded","D:\Steam\steamapps\workshop\content\294100\2186560858","Textures\UI\Icons\Genes\Chemicals\VBE_Caffeine\AddictionResistant.png","VanillaExpanded\VanillaExpanded.VBrewE\Textures\UI\Icons\Genes\Chemicals\VBE_Caffeine\AddictionResistant.png","4797","8580B438258339867D9877FE25653F401D4F8A0966AAB5AC5E1CFE544E877160"
"VanillaExpanded","VanillaExpanded.VBrewE","Vanilla Brewing Expanded","D:\Steam\steamapps\workshop\content\294100\2186560858","Textures\UI\Icons\Genes\Chemicals\VBE_Caffeine\AddictionSensitivity.png","VanillaExpanded\VanillaExpanded.VBrewE\Textures\UI\Icons\Genes\Chemicals\VBE_Caffeine\AddictionSensitivity.png","3920","46C77252BFD278EF139B652DFA71A0CFFE836C27BA9220C7FC277C7767D57025"
"VanillaExpanded","VanillaExpanded.VBrewE","Vanilla Brewing Expanded","D:\Steam\steamapps\workshop\content\294100\2186560858","Textures\UI\Icons\Genes\Chemicals\VBE_Caffeine\ChemicalDependency.png","VanillaExpanded\VanillaExpanded.VBrewE\Textures\UI\Icons\Genes\Chemicals\VBE_Caffeine\ChemicalDependency.png","5521","5EE4216BE304903864593881455B99A76BAE07C68E51F1FF060ED6314C5DD983"
"VanillaExpanded","VanillaExpanded.VBrewE","Vanilla Brewing Expanded","D:\Steam\steamapps\workshop\content\294100\2186560858","Textures\UI\Icons\Genes\Chemicals\VBE_Tobacco\AddictionImmune.png","VanillaExpanded\VanillaExpanded.VBrewE\Textures\UI\Icons\Genes\Chemicals\VBE_Tobacco\AddictionImmune.png","7181","0DB401C1D6813F522A8BC735537C713275579259580B58A3CD494B1060F9F9E4"
"VanillaExpanded","VanillaExpanded.VBrewE","Vanilla Brewing Expanded","D:\Steam\steamapps\workshop\content\294100\2186560858","Textures\UI\Icons\Genes\Chemicals\VBE_Tobacco\AddictionResistant.png","VanillaExpanded\VanillaExpanded.VBrewE\Textures\UI\Icons\Genes\Chemicals\VBE_Tobacco\AddictionResistant.png","6687","8598D784F9585AB74E47028D9130C565FDBAC1628AB607AEDA7D22F76536AF9E"
"VanillaExpanded","VanillaExpanded.VBrewE","Vanilla Brewing Expanded","D:\Steam\steamapps\workshop\content\294100\2186560858","Textures\UI\Icons\Genes\Chemicals\VBE_Tobacco\AddictionSensitivity.png","VanillaExpanded\VanillaExpanded.VBrewE\Textures\UI\Icons\Genes\Chemicals\VBE_Tobacco\AddictionSensitivity.png","5678","386769A5D45AAC0270F6D676CCDBF20830FE4A380DB536B9FF5D570D9AAEA5D5"
"VanillaExpanded","VanillaExpanded.VBrewE","Vanilla Brewing Expanded","D:\Steam\steamapps\workshop\content\294100\2186560858","Textures\UI\Icons\Genes\Chemicals\VBE_Tobacco\ChemicalDependency.png","VanillaExpanded\VanillaExpanded.VBrewE\Textures\UI\Icons\Genes\Chemicals\VBE_Tobacco\ChemicalDependency.png","7795","068DA7E0E85E853C9737EA0020242BF7975661BCB40804E344748F746081AA5B"
"VanillaExpanded","VanillaExpanded.VBrewE","Vanilla Brewing Expanded","D:\Steam\steamapps\workshop\content\294100\2186560858","Textures\UI\VBE_CancelAmbMust.png","VanillaExpanded\VanillaExpanded.VBrewE\Textures\UI\VBE_CancelAmbMust.png","6184","D87BD83DC4B09C4C4A711DF418B2CCDA03F2553B70B6F386391559AA8596054A"
"VanillaExpanded","VanillaExpanded.VBrewE","Vanilla Brewing Expanded","D:\Steam\steamapps\workshop\content\294100\2186560858","Textures\UI\VBE_CancelGinMush.png","VanillaExpanded\VanillaExpanded.VBrewE\Textures\UI\VBE_CancelGinMush.png","5482","914FCA3D338B946449EC489F8A4C4E78E174D9FE40E1EC822E55F848F7B5D7B4"
"VanillaExpanded","VanillaExpanded.VBrewE","Vanilla Brewing Expanded","D:\Steam\steamapps\workshop\content\294100\2186560858","Textures\UI\VBE_CancelMustOrWhiskey.png","VanillaExpanded\VanillaExpanded.VBrewE\Textures\UI\VBE_CancelMustOrWhiskey.png","8300","078D7D0F8F535AAD025196675A6422E1C258BEBDAC4D57D9E246368EEBDEF7B1"
"VanillaExpanded","VanillaExpanded.VBrewE","Vanilla Brewing Expanded","D:\Steam\steamapps\workshop\content\294100\2186560858","Textures\UI\VBE_CancelSyrup.png","VanillaExpanded\VanillaExpanded.VBrewE\Textures\UI\VBE_CancelSyrup.png","6426","0225B0966A69E43D256A269E89C13399EAE8A34D4D3F9972F99FB57E3B2BF017"
"VanillaExpanded","VanillaExpanded.VBrewE","Vanilla Brewing Expanded","D:\Steam\steamapps\workshop\content\294100\2186560858","Textures\UI\VBE_CancelTequilaMust.png","VanillaExpanded\VanillaExpanded.VBrewE\Textures\UI\VBE_CancelTequilaMust.png","6108","C88DA30B808C2F2711372D63F49ACBBAA8A46B69148AE80DD3A5F953DC8732E4"
"VanillaExpanded","VanillaExpanded.VBrewE","Vanilla Brewing Expanded","D:\Steam\steamapps\workshop\content\294100\2186560858","Textures\UI\VBE_CancelVodkaMash.png","VanillaExpanded\VanillaExpanded.VBrewE\Textures\UI\VBE_CancelVodkaMash.png","5932","9772379812F875E74BC23B2D6D8A32E53A4D921832E33678116565206DF29661"
"VanillaExpanded","VanillaExpanded.VBrewE","Vanilla Brewing Expanded","D:\Steam\steamapps\workshop\content\294100\2186560858","Textures\UI\VBE_EmptySyrupIcon.png","VanillaExpanded\VanillaExpanded.VBrewE\Textures\UI\VBE_EmptySyrupIcon.png","3494","AF1B06453280504FC1A3E6FDFB0C4B76B1E3D5E2A3D5ED981CFFEABBBEB8725A"
"VanillaExpanded","VanillaExpanded.VBrewE","Vanilla Brewing Expanded","D:\Steam\steamapps\workshop\content\294100\2186560858","Textures\UI\VBE_ExtractAmbrandy.png","VanillaExpanded\VanillaExpanded.VBrewE\Textures\UI\VBE_ExtractAmbrandy.png","8774","5CA8FC042F37EC07D8B0F7A5D2C819D8097161110BE1CC6F575BA62B3572A20D"
"VanillaExpanded","VanillaExpanded.VBrewE","Vanilla Brewing Expanded","D:\Steam\steamapps\workshop\content\294100\2186560858","Textures\UI\VBE_InsertAmbMust.png","VanillaExpanded\VanillaExpanded.VBrewE\Textures\UI\VBE_InsertAmbMust.png","7119","C0FA3A6CB7BE9C51609C67D8580975B8B710D99E65D5AAE0FFD3E9FEA6070CC4"
"VanillaExpanded","VanillaExpanded.VBrewE","Vanilla Brewing Expanded","D:\Steam\steamapps\workshop\content\294100\2186560858","Textures\UI\VBE_InsertGinMush.png","VanillaExpanded\VanillaExpanded.VBrewE\Textures\UI\VBE_InsertGinMush.png","5171","9D2EF9E51EDC96A1C52D05B3B116FD2144FE6CA417BDC74058D06AC5B036200F"
"VanillaExpanded","VanillaExpanded.VBrewE","Vanilla Brewing Expanded","D:\Steam\steamapps\workshop\content\294100\2186560858","Textures\UI\VBE_InsertMustOrWhiskey.png","VanillaExpanded\VanillaExpanded.VBrewE\Textures\UI\VBE_InsertMustOrWhiskey.png","7936","BA14EE71CFF8B94D48243682233D2D9BB1F57C057244D511D82277B6C71D6428"
"VanillaExpanded","VanillaExpanded.VBrewE","Vanilla Brewing Expanded","D:\Steam\steamapps\workshop\content\294100\2186560858","Textures\UI\VBE_InsertSyrup.png","VanillaExpanded\VanillaExpanded.VBrewE\Textures\UI\VBE_InsertSyrup.png","7260","D241B8FAFE96AED203E4608575EC6C7FC36C7556234E0A452292E9AF6F931BDC"
"VanillaExpanded","VanillaExpanded.VBrewE","Vanilla Brewing Expanded","D:\Steam\steamapps\workshop\content\294100\2186560858","Textures\UI\VBE_InsertTequilaMust.png","VanillaExpanded\VanillaExpanded.VBrewE\Textures\UI\VBE_InsertTequilaMust.png","6682","3B596E816B47E99958567E6C19E2B09FDC34659D3C9470297876B8035E4C3832"
"VanillaExpanded","VanillaExpanded.VBrewE","Vanilla Brewing Expanded","D:\Steam\steamapps\workshop\content\294100\2186560858","Textures\UI\VBE_InsertVodkaMash.png","VanillaExpanded\VanillaExpanded.VBrewE\Textures\UI\VBE_InsertVodkaMash.png","6242","2188253228E58E5889A81AF545F775D8DC190B8BD5F512F716A22AFFCCBB7E0D"
"VanillaExpanded","VanillaExpanded.VBrewE","Vanilla Brewing Expanded","D:\Steam\steamapps\workshop\content\294100\2186560858","Textures\UI\VBE_ResetAmbMust.png","VanillaExpanded\VanillaExpanded.VBrewE\Textures\UI\VBE_ResetAmbMust.png","8816","27AC9B61C5244B3E87659B9D5B6D63996D19A62E3FAC631AF534FFCADDDF013E"
"VanillaExpanded","VanillaExpanded.VBrewE","Vanilla Brewing Expanded","D:\Steam\steamapps\workshop\content\294100\2186560858","Textures\UI\VBE_ResetGinMush.png","VanillaExpanded\VanillaExpanded.VBrewE\Textures\UI\VBE_ResetGinMush.png","6882","AA8BA95F4DAEAA00CA6F2AFCF66352861D2A88986C53623CFB0B451A88FE4EEC"
"VanillaExpanded","VanillaExpanded.VBrewE","Vanilla Brewing Expanded","D:\Steam\steamapps\workshop\content\294100\2186560858","Textures\UI\VBE_ResetMustOrWhiskey.png","VanillaExpanded\VanillaExpanded.VBrewE\Textures\UI\VBE_ResetMustOrWhiskey.png","9131","A382C5A49A541FDEEBBA74402D2158846BB36E2A7217366829D1E5C5AAE6B42D"
"VanillaExpanded","VanillaExpanded.VBrewE","Vanilla Brewing Expanded","D:\Steam\steamapps\workshop\content\294100\2186560858","Textures\UI\VBE_ResetTequilaMust.png","VanillaExpanded\VanillaExpanded.VBrewE\Textures\UI\VBE_ResetTequilaMust.png","8296","C707F556D4F1E9B74600FB593937752AEBA2A9FDD416752A34128A60E4F0DF26"
"VanillaExpanded","VanillaExpanded.VBrewE","Vanilla Brewing Expanded","D:\Steam\steamapps\workshop\content\294100\2186560858","Textures\UI\VBE_ResetVodkaMash.png","VanillaExpanded\VanillaExpanded.VBrewE\Textures\UI\VBE_ResetVodkaMash.png","7994","C1EFA69AB841249E5A1146FAD4D196ADCB857BCC9275CCF359B55A4CE1D5212F"
"VanillaExpanded","VanillaExpanded.VBrewE","Vanilla Brewing Expanded","D:\Steam\steamapps\workshop\content\294100\2186560858","Textures\UI\VBE_SyrupReset.png","VanillaExpanded\VanillaExpanded.VBrewE\Textures\UI\VBE_SyrupReset.png","8522","E976490F7FB183BA8C436BCCD016570D18DC6E84B0D70BED44FD277E69C2EDD7"
"VanillaExpanded","VanillaExpanded.VCEF","Vanilla Fishing Expanded","D:\Steam\steamapps\workshop\content\294100\1914064942","Textures\UI\Commands\VCEF_Command_ChooseFish.png","VanillaExpanded\VanillaExpanded.VCEF\Textures\UI\Commands\VCEF_Command_ChooseFish.png","7621","BE3236B256E620764C826D8C8031B75AB3C0844ED647A9DD49BD99F73ACA7453"
"VanillaExpanded","VanillaExpanded.VCEF","Vanilla Fishing Expanded","D:\Steam\steamapps\workshop\content\294100\1914064942","Textures\UI\Commands\VCEF_Command_ChooseLargeFish.png","VanillaExpanded\VanillaExpanded.VCEF\Textures\UI\Commands\VCEF_Command_ChooseLargeFish.png","14068","9009509FCC1E0525DC0527D61D03E13FA3650004BCF84C1E449056AE4EB643A2"
"VanillaExpanded","VanillaExpanded.VCEF","Vanilla Fishing Expanded","D:\Steam\steamapps\workshop\content\294100\1914064942","Textures\UI\Commands\VCEF_Command_ChooseMediumFish.png","VanillaExpanded\VanillaExpanded.VCEF\Textures\UI\Commands\VCEF_Command_ChooseMediumFish.png","12713","39735481D88336199F29403E2BFF2574ED4DAD0231617E2D42CDD08020A83C03"
"VanillaExpanded","VanillaExpanded.VCEF","Vanilla Fishing Expanded","D:\Steam\steamapps\workshop\content\294100\1914064942","Textures\UI\Commands\VCEF_Command_ChooseSmallFish.png","VanillaExpanded\VanillaExpanded.VCEF\Textures\UI\Commands\VCEF_Command_ChooseSmallFish.png","12436","329952DC754F7D8317E89E4770D1D522363F36E4E89611CBEA2FE05754074E5F"
"VanillaExpanded","VanillaExpanded.VCEF","Vanilla Fishing Expanded","D:\Steam\steamapps\workshop\content\294100\1914064942","Textures\UI\Designators\VCEF_AllowFish.png","VanillaExpanded\VanillaExpanded.VCEF\Textures\UI\Designators\VCEF_AllowFish.png","7868","06957DC1A0C5BAEB8606BD9291EDA85DFF9AD48B34DFF545DF0CA93993BFE90E"
"VanillaExpanded","VanillaExpanded.VCEF","Vanilla Fishing Expanded","D:\Steam\steamapps\workshop\content\294100\1914064942","Textures\UI\Designators\VCEF_ZoneCreate_Fishing.png","VanillaExpanded\VanillaExpanded.VCEF\Textures\UI\Designators\VCEF_ZoneCreate_Fishing.png","3673","9CFDE0B156B57F6430E6469CAB134AB2A230E5568D8A41A7E12735D24B94AA13"
"VanillaExpanded","VanillaExpanded.VChemfuelE","Vanilla Chemfuel Expanded","D:\Steam\steamapps\workshop\content\294100\2792917473","Textures\UI\Gizmos\ChemfuelPipes_Deconstruct.png","VanillaExpanded\VanillaExpanded.VChemfuelE\Textures\UI\Gizmos\ChemfuelPipes_Deconstruct.png","2793","429357E381E5CAEE8C0186568DA543272ED040C23ABEFDDA7FAE4604E6BECF3E"
"VanillaExpanded","VanillaExpanded.VChemfuelE","Vanilla Chemfuel Expanded","D:\Steam\steamapps\workshop\content\294100\2792917473","Textures\UI\Gizmos\DeepchemPipes_Deconstruct.png","VanillaExpanded\VanillaExpanded.VChemfuelE\Textures\UI\Gizmos\DeepchemPipes_Deconstruct.png","2453","6035E523604AE7E057B752D79CD0E7EF878D819690577F9E2B6ED4494888D93F"
"VanillaExpanded","VanillaExpanded.VChemfuelE","Vanilla Chemfuel Expanded","D:\Steam\steamapps\workshop\content\294100\2792917473","Textures\UI\Gizmos\DeepchemTurnedOff.png","VanillaExpanded\VanillaExpanded.VChemfuelE\Textures\UI\Gizmos\DeepchemTurnedOff.png","11826","DB4D8425B7BBE84E32B813C3C63FA5FACD9389A9C83BA695B7BD304AD526B311"
"VanillaExpanded","VanillaExpanded.VChemfuelE","Vanilla Chemfuel Expanded","D:\Steam\steamapps\workshop\content\294100\2792917473","Textures\UI\Gizmos\ExtractChemfuel.png","VanillaExpanded\VanillaExpanded.VChemfuelE\Textures\UI\Gizmos\ExtractChemfuel.png","9733","AD8901A70768A7E2AF1965620E000FA900B44D99045FCD2C02E0FBF57E42004B"
"VanillaExpanded","VanillaExpanded.VChemfuelE","Vanilla Chemfuel Expanded","D:\Steam\steamapps\workshop\content\294100\2792917473","Textures\UI\Gizmos\ExtractDeepchem.png","VanillaExpanded\VanillaExpanded.VChemfuelE\Textures\UI\Gizmos\ExtractDeepchem.png","10337","62EB33F59F9FA8DA9416CAB1F95DEA12E84023A29DED83375AC52DB6D54D23DF"
"VanillaExpanded","VanillaExpanded.VChemfuelE","Vanilla Chemfuel Expanded","D:\Steam\steamapps\workshop\content\294100\2792917473","Textures\UI\Gizmos\OutOfDeepchem.png","VanillaExpanded\VanillaExpanded.VChemfuelE\Textures\UI\Gizmos\OutOfDeepchem.png","11717","2A0EDD6F4D7F7B18521069994D6AD6F187FADFE891C38A587C84AB9D0BED1EE9"
"VanillaExpanded","VanillaExpanded.VCookE","Vanilla Cooking Expanded","D:\Steam\steamapps\workshop\content\294100\2134308519","Textures\UI\VCE_CancelMilk.png","VanillaExpanded\VanillaExpanded.VCookE\Textures\UI\VCE_CancelMilk.png","6124","870A7CCBDE21AF3150C0D3167478C0B421B9AC70F2DAA678D34DA6D5117BB231"
"VanillaExpanded","VanillaExpanded.VCookE","Vanilla Cooking Expanded","D:\Steam\steamapps\workshop\content\294100\2134308519","Textures\UI\VCE_CancelSoup.png","VanillaExpanded\VanillaExpanded.VCookE\Textures\UI\VCE_CancelSoup.png","4774","34CB68FA86F48E2D317224BD57341FED1D2CD283CF3DE94A0CAE3C09400B2997"
"VanillaExpanded","VanillaExpanded.VCookE","Vanilla Cooking Expanded","D:\Steam\steamapps\workshop\content\294100\2134308519","Textures\UI\VCE_EmptyMilkIcon.png","VanillaExpanded\VanillaExpanded.VCookE\Textures\UI\VCE_EmptyMilkIcon.png","4517","29EB209392DFEAEB5DDC1EC8CFF8F1BBAB0518C34AFD581A5B0561BAF97A09E0"
"VanillaExpanded","VanillaExpanded.VCookE","Vanilla Cooking Expanded","D:\Steam\steamapps\workshop\content\294100\2134308519","Textures\UI\VCE_EmptySoupPotIcon.png","VanillaExpanded\VanillaExpanded.VCookE\Textures\UI\VCE_EmptySoupPotIcon.png","3558","8BCC46DBED4FDD42890D5B9D21C8AEE18639B841F28425AE077F8D4488D61BB9"
"VanillaExpanded","VanillaExpanded.VCookE","Vanilla Cooking Expanded","D:\Steam\steamapps\workshop\content\294100\2134308519","Textures\UI\VCE_EngageMilk.png","VanillaExpanded\VanillaExpanded.VCookE\Textures\UI\VCE_EngageMilk.png","6127","8C569ABF8FAE800BED54B918D40FB40E407A8236046E59EBFDAE56DB061FB594"
"VanillaExpanded","VanillaExpanded.VCookE","Vanilla Cooking Expanded","D:\Steam\steamapps\workshop\content\294100\2134308519","Textures\UI\VCE_EngageSoup.png","VanillaExpanded\VanillaExpanded.VCookE\Textures\UI\VCE_EngageSoup.png","5151","A826EF7B33D189D701007F7EC4ADCE1146F1663D0FFE0F6B5F68CF1D8B186AF5"
"VanillaExpanded","VanillaExpanded.VCookE","Vanilla Cooking Expanded","D:\Steam\steamapps\workshop\content\294100\2134308519","Textures\UI\VCE_InsertMilk.png","VanillaExpanded\VanillaExpanded.VCookE\Textures\UI\VCE_InsertMilk.png","6551","4C3F06E5BBF29D9474DC2E0430C727DDF5A0AFFF21435172759BBC8A1F08A2BE"
"VanillaExpanded","VanillaExpanded.VCookE","Vanilla Cooking Expanded","D:\Steam\steamapps\workshop\content\294100\2134308519","Textures\UI\VCE_InsertSoup.png","VanillaExpanded\VanillaExpanded.VCookE\Textures\UI\VCE_InsertSoup.png","4566","9A71C732A628D28844C3934F2E1D45EAC090CBE75A9E6E64840C325A5EE19917"
"VanillaExpanded","VanillaExpanded.VCookE","Vanilla Cooking Expanded","D:\Steam\steamapps\workshop\content\294100\2134308519","Textures\UI\VCE_RemoveCheese.png","VanillaExpanded\VanillaExpanded.VCookE\Textures\UI\VCE_RemoveCheese.png","9543","7EA328C8F10B29B4BC8431F12F9CA7BC885E15486FEAE2F2C1F2A498CA59A6E3"
"VanillaExpanded","VanillaExpanded.VCookE","Vanilla Cooking Expanded","D:\Steam\steamapps\workshop\content\294100\2134308519","Textures\UI\VCE_RemoveMilk.png","VanillaExpanded\VanillaExpanded.VCookE\Textures\UI\VCE_RemoveMilk.png","6265","BFA0F4E3D3E2B05E262DE2566342722A8DD388FAD02E1C3C23A86095A3569513"
"VanillaExpanded","VanillaExpanded.VCookE","Vanilla Cooking Expanded","D:\Steam\steamapps\workshop\content\294100\2134308519","Textures\UI\VCE_RemoveSoup.png","VanillaExpanded\VanillaExpanded.VCookE\Textures\UI\VCE_RemoveSoup.png","4124","AD662E87FD61A07DC1E0780D90BB3734D5BD46AD7816BA3DA7A8E938689BE6ED"
"VanillaExpanded","VanillaExpanded.VCookE","Vanilla Cooking Expanded","D:\Steam\steamapps\workshop\content\294100\2134308519","Textures\UI\VCE_ResetMilk.png","VanillaExpanded\VanillaExpanded.VCookE\Textures\UI\VCE_ResetMilk.png","8306","67874B6277E8518FF6DEBBB747221F885A441633BE91BCC47AB17CDEF5731FCD"
"VanillaExpanded","VanillaExpanded.VCookE","Vanilla Cooking Expanded","D:\Steam\steamapps\workshop\content\294100\2134308519","Textures\UI\VCE_SoupReset.png","VanillaExpanded\VanillaExpanded.VCookE\Textures\UI\VCE_SoupReset.png","6468","F14C02EF2CA662F2E382AE1DA77DA7FA68FFF45827B4E12AE6C44637B98E9F95"
"VanillaExpanded","VanillaExpanded.VCookEStews","Vanilla Cooking Expanded - Stews","D:\Steam\steamapps\workshop\content\294100\2134312965","Textures\UI\VCE_CancelStew.png","VanillaExpanded\VanillaExpanded.VCookEStews\Textures\UI\VCE_CancelStew.png","9309","55E09E0FD964D33E392845900781133C7D84F102F69EB337B99D9B348BAF61D7"
"VanillaExpanded","VanillaExpanded.VCookEStews","Vanilla Cooking Expanded - Stews","D:\Steam\steamapps\workshop\content\294100\2134312965","Textures\UI\VCE_EmptyStewPotIcon.png","VanillaExpanded\VanillaExpanded.VCookEStews\Textures\UI\VCE_EmptyStewPotIcon.png","7322","3B823516FBA99EEEB73ACB620D06570025F77E0A71FF5F05AD9CBAE77E2723A8"
"VanillaExpanded","VanillaExpanded.VCookEStews","Vanilla Cooking Expanded - Stews","D:\Steam\steamapps\workshop\content\294100\2134312965","Textures\UI\VCE_InsertStew.png","VanillaExpanded\VanillaExpanded.VCookEStews\Textures\UI\VCE_InsertStew.png","9525","52A1D4D955242159AE86726FF84033F12F34FE905644BA3CC248CB314E5313C2"
"VanillaExpanded","VanillaExpanded.VCookEStews","Vanilla Cooking Expanded - Stews","D:\Steam\steamapps\workshop\content\294100\2134312965","Textures\UI\VCE_ResetStew.png","VanillaExpanded\VanillaExpanded.VCookEStews\Textures\UI\VCE_ResetStew.png","6706","42748467C9284E23620128946343C1DB2B3D2E6CE0C8F7DBE3DCC2D2450D76AF"
"VanillaExpanded","VanillaExpanded.VCookESushi","Vanilla Cooking Expanded - Sushi","D:\Steam\steamapps\workshop\content\294100\2158539170","Textures\UI\VCE_CancelSoybeans.png","VanillaExpanded\VanillaExpanded.VCookESushi\Textures\UI\VCE_CancelSoybeans.png","5731","3E05346E6F07E531672EB6A1FE8347A5BE616DC75A664F4F296CE1755521996F"
"VanillaExpanded","VanillaExpanded.VCookESushi","Vanilla Cooking Expanded - Sushi","D:\Steam\steamapps\workshop\content\294100\2158539170","Textures\UI\VCE_InsertSoybeans.png","VanillaExpanded\VanillaExpanded.VCookESushi\Textures\UI\VCE_InsertSoybeans.png","4934","10A161F6DA8766D1D0366633FB9EB8B19945714721A6033F089328989F271B85"
"VanillaExpanded","VanillaExpanded.VCookESushi","Vanilla Cooking Expanded - Sushi","D:\Steam\steamapps\workshop\content\294100\2158539170","Textures\UI\VCE_RemoveSoySauce.png","VanillaExpanded\VanillaExpanded.VCookESushi\Textures\UI\VCE_RemoveSoySauce.png","6003","767EDABC0B6A3CE5AEAFE73521F16A4FB515CD25096D1194EC96BA1C2653C612"
"VanillaExpanded","VanillaExpanded.VCookESushi","Vanilla Cooking Expanded - Sushi","D:\Steam\steamapps\workshop\content\294100\2158539170","Textures\UI\VCE_SoybeansReset.png","VanillaExpanded\VanillaExpanded.VCookESushi\Textures\UI\VCE_SoybeansReset.png","6543","FF08BC4C3688458DE8314A7AEDF0672CE46B7EF86C1813D53E62A7989B7A54F1"
"VanillaExpanded","VanillaExpanded.VEE","Vanilla Events Expanded","D:\Steam\steamapps\workshop\content\294100\1938420742","Textures\UI\VELogo.png","VanillaExpanded\VanillaExpanded.VEE\Textures\UI\VELogo.png","3986","1DE032A3CDB58DAABA3654C9188680D41C3E69992BF6F50250BE2CD31B155ED6"
"VanillaExpanded","VanillaExpanded.VExplorationE","Vanilla Landmarks Expanded","D:\Steam\steamapps\workshop\content\294100\3656316229","Textures\UI\Empty.png","VanillaExpanded\VanillaExpanded.VExplorationE\Textures\UI\Empty.png","113","D1FD17E13A11452A7AC5582EF3A35D6C517E404628EA339882F26AA0AEC3B723"
"VanillaExpanded","VanillaExpanded.VFECore","Vanilla Furniture Expanded","D:\Steam\steamapps\workshop\content\294100\1718190143","Textures\NewThings\UI\CustomizeCouch.png","VanillaExpanded\VanillaExpanded.VFECore\Textures\NewThings\UI\CustomizeCouch.png","9487","4AD18A0734F769E9085622CF5462B6024D0C0F1C481BD2043DBB2ED2A56A08C6"
"VanillaExpanded","VanillaExpanded.VFECore","Vanilla Furniture Expanded","D:\Steam\steamapps\workshop\content\294100\1718190143","Textures\NewThings\UI\LearningIcons\ComputerUsing.png","VanillaExpanded\VanillaExpanded.VFECore\Textures\NewThings\UI\LearningIcons\ComputerUsing.png","1197","F52B58D5CB5F49ACE3EB9B463C50FCA96BECF73E7909E0440C1E346CCB5B3CE8"
"VanillaExpanded","VanillaExpanded.VFEFactory","Vanilla Furniture Expanded - Factory","D:\Steam\steamapps\workshop\content\294100\3686924415","Textures\UI\ArrowIcon.png","VanillaExpanded\VanillaExpanded.VFEFactory\Textures\UI\ArrowIcon.png","882","6A8B7BC9E512F9B2D692E5CAE340D08AE716906788F7B86940235141709C0F86"
"VanillaExpanded","VanillaExpanded.VFEFactory","Vanilla Furniture Expanded - Factory","D:\Steam\steamapps\workshop\content\294100\3686924415","Textures\UI\CategoryIcons\Category_Corpses.png","VanillaExpanded\VanillaExpanded.VFEFactory\Textures\UI\CategoryIcons\Category_Corpses.png","1319","0A0C7FD37560F9FDB8D56AA7E0DCFA5D7C27363A9355DF30A0BF5A9403CCB8E4"
"VanillaExpanded","VanillaExpanded.VFEFactory","Vanilla Furniture Expanded - Factory","D:\Steam\steamapps\workshop\content\294100\3686924415","Textures\UI\CategoryIcons\Category_CorpsesHumanoid.png","VanillaExpanded\VanillaExpanded.VFEFactory\Textures\UI\CategoryIcons\Category_CorpsesHumanoid.png","1406","754C5B583FE397A34E214B06EF37610606DBE2874BBB2271A06916F6D88D561C"
"VanillaExpanded","VanillaExpanded.VFEFactory","Vanilla Furniture Expanded - Factory","D:\Steam\steamapps\workshop\content\294100\3686924415","Textures\UI\Gizmo\Autocycle_Gizmo.png","VanillaExpanded\VanillaExpanded.VFEFactory\Textures\UI\Gizmo\Autocycle_Gizmo.png","9904","0C48213955608174BD1512E0F652DC649B9F23A56BE2CECFE6DF84BEFF28A698"
"VanillaExpanded","VanillaExpanded.VFEFactory","Vanilla Furniture Expanded - Factory","D:\Steam\steamapps\workshop\content\294100\3686924415","Textures\UI\Gizmo\Autoharvesting_Gizmo.png","VanillaExpanded\VanillaExpanded.VFEFactory\Textures\UI\Gizmo\Autoharvesting_Gizmo.png","6596","7426F4468602D03C38AD5BD55C9C30F1D3E3ADADD6ED7E7D8ECAD88339A0CFAE"
"VanillaExpanded","VanillaExpanded.VFEFactory","Vanilla Furniture Expanded - Factory","D:\Steam\steamapps\workshop\content\294100\3686924415","Textures\UI\Gizmo\Autosowing_Gizmo.png","VanillaExpanded\VanillaExpanded.VFEFactory\Textures\UI\Gizmo\Autosowing_Gizmo.png","4582","F7BA3B810CA883C87422193B2942C267595448537FB698AE9A5552313EA819DA"
"VanillaExpanded","VanillaExpanded.VFEFactory","Vanilla Furniture Expanded - Factory","D:\Steam\steamapps\workshop\content\294100\3686924415","Textures\UI\Gizmo\Cancel_Gizmo.png","VanillaExpanded\VanillaExpanded.VFEFactory\Textures\UI\Gizmo\Cancel_Gizmo.png","5179","CFD909CF363447C29B6477F452FD958983084A5D46CB79BD9153FD22A32A8908"
"VanillaExpanded","VanillaExpanded.VFEFactory","Vanilla Furniture Expanded - Factory","D:\Steam\steamapps\workshop\content\294100\3686924415","Textures\UI\Gizmo\Factory_Overclock.png","VanillaExpanded\VanillaExpanded.VFEFactory\Textures\UI\Gizmo\Factory_Overclock.png","7586","A6F0185685913BF4FAEC3B9EEB13D375F9947E12DB68F4CEFA5DC54E045E8B90"
"VanillaExpanded","VanillaExpanded.VFEFactory","Vanilla Furniture Expanded - Factory","D:\Steam\steamapps\workshop\content\294100\3686924415","Textures\UI\Gizmo\Start_Gizmo.png","VanillaExpanded\VanillaExpanded.VFEFactory\Textures\UI\Gizmo\Start_Gizmo.png","5652","120FCCC4ADD35EA65B59A9CB8448F78675F36E5D42E764EF769DF82212FF6C64"
"VanillaExpanded","VanillaExpanded.VFEFactory","Vanilla Furniture Expanded - Factory","D:\Steam\steamapps\workshop\content\294100\3686924415","Textures\UI\Gizmo\Toggle_AllowInserting.png","VanillaExpanded\VanillaExpanded.VFEFactory\Textures\UI\Gizmo\Toggle_AllowInserting.png","5204","FB418829E3E7D080552F3F0B28933B1B9C7670DBB1797516C68975CEBA304EBE"
"VanillaExpanded","VanillaExpanded.VFEFactory","Vanilla Furniture Expanded - Factory","D:\Steam\steamapps\workshop\content\294100\3686924415","Textures\UI\Gizmo\Toggle_AllowTaking.png","VanillaExpanded\VanillaExpanded.VFEFactory\Textures\UI\Gizmo\Toggle_AllowTaking.png","5389","8F5F0C509CF249B1F28263D637C4A367BA25097518DCF05FDE2974B04164F173"
"VanillaExpanded","VanillaExpanded.VFEFactory","Vanilla Furniture Expanded - Factory","D:\Steam\steamapps\workshop\content\294100\3686924415","Textures\UI\Gizmo\UndergroundConveyor_BreakLink.png","VanillaExpanded\VanillaExpanded.VFEFactory\Textures\UI\Gizmo\UndergroundConveyor_BreakLink.png","12802","526408FCDC015CE9538108D226CA25613AC99B7AB8AB106FBB810ABA116F2CEE"
"VanillaExpanded","VanillaExpanded.VFEFactory","Vanilla Furniture Expanded - Factory","D:\Steam\steamapps\workshop\content\294100\3686924415","Textures\UI\Gizmo\UndergroundConveyor_MakeLink.png","VanillaExpanded\VanillaExpanded.VFEFactory\Textures\UI\Gizmo\UndergroundConveyor_MakeLink.png","11624","B979526467EA001F355D373761A7D9D18061D92055BCC5E8006F68DAF86B0DE3"
"VanillaExpanded","VanillaExpanded.VFEFactory","Vanilla Furniture Expanded - Factory","D:\Steam\steamapps\workshop\content\294100\3686924415","Textures\UI\Gizmo\UndergroundConveyor_Overlay_NoLink.png","VanillaExpanded\VanillaExpanded.VFEFactory\Textures\UI\Gizmo\UndergroundConveyor_Overlay_NoLink.png","12335","65EDFBBAAB4CC24F632EC28CDDB83B9A2DF892258E80612FE28F59EEBE4F793D"
"VanillaExpanded","VanillaExpanded.VFEFactory","Vanilla Furniture Expanded - Factory","D:\Steam\steamapps\workshop\content\294100\3686924415","Textures\UI\Gizmo\UndergroundConveyor_SelectLinked.png","VanillaExpanded\VanillaExpanded.VFEFactory\Textures\UI\Gizmo\UndergroundConveyor_SelectLinked.png","11564","EFD56DCA55FFAEA40D0CC552089376842A07CB82FF971A6C98200DFBDAE06324"
"VanillaExpanded","VanillaExpanded.VFEFactory","Vanilla Furniture Expanded - Factory","D:\Steam\steamapps\workshop\content\294100\3686924415","Textures\UI\Gizmo\ZoneLarger_Gizmo.png","VanillaExpanded\VanillaExpanded.VFEFactory\Textures\UI\Gizmo\ZoneLarger_Gizmo.png","9277","4AF8C9F9656FF7E194F14C5D245481B23F34362AF9F0117BB589FB529AFFF44B"
"VanillaExpanded","VanillaExpanded.VFEFactory","Vanilla Furniture Expanded - Factory","D:\Steam\steamapps\workshop\content\294100\3686924415","Textures\UI\Gizmo\ZoneSmaller_Gizmo.png","VanillaExpanded\VanillaExpanded.VFEFactory\Textures\UI\Gizmo\ZoneSmaller_Gizmo.png","9007","A6E1722ADF95119E4E3CF30E29850D724EF80F81BB69DBB70DB196B5E3132A75"
"VanillaExpanded","VanillaExpanded.VFEFarming","Vanilla Furniture Expanded - Farming","D:\Steam\steamapps\workshop\content\294100\1957158779","Textures\Icons\CreateNewArea.png","VanillaExpanded\VanillaExpanded.VFEFarming\Textures\Icons\CreateNewArea.png","4080","B619F36946EB0DF52A07E416E7D099CFD0DEC366AC44938788E43D2C3FC9F02E"
"VanillaExpanded","VanillaExpanded.VFEFarming","Vanilla Furniture Expanded - Farming","D:\Steam\steamapps\workshop\content\294100\1957158779","Textures\Icons\Forbidden.png","VanillaExpanded\VanillaExpanded.VFEFarming\Textures\Icons\Forbidden.png","1358","4A67F4F9C676779A285F5C074DB61877D45D1E7ADEFF7FDE9FE46308FCC9CDEA"
"VanillaExpanded","VanillaExpanded.VFEFarming","Vanilla Furniture Expanded - Farming","D:\Steam\steamapps\workshop\content\294100\1957158779","Textures\UI\VELogo.png","VanillaExpanded\VanillaExpanded.VFEFarming\Textures\UI\VELogo.png","3986","1DE032A3CDB58DAABA3654C9188680D41C3E69992BF6F50250BE2CD31B155ED6"
"VanillaExpanded","VanillaExpanded.VFEMedical","Vanilla Furniture Expanded - Medical Module","D:\Steam\steamapps\workshop\content\294100\1718191613","Textures\UI\VELogo.png","VanillaExpanded\VanillaExpanded.VFEMedical\Textures\UI\VELogo.png","3986","1DE032A3CDB58DAABA3654C9188680D41C3E69992BF6F50250BE2CD31B155ED6"
"VanillaExpanded","VanillaExpanded.VFEPower","Vanilla Furniture Expanded - Power","D:\Steam\steamapps\workshop\content\294100\2062943477","Textures\UI\Commands\GasPipeDeconstruct_MenuIcon.png","VanillaExpanded\VanillaExpanded.VFEPower\Textures\UI\Commands\GasPipeDeconstruct_MenuIcon.png","6688","97C64703D246F468C6CDD038A7EC10273C2B54F4AF6638C45ABE083EAEC53D96"
"VanillaExpanded","VanillaExpanded.VFEPower","Vanilla Furniture Expanded - Power","D:\Steam\steamapps\workshop\content\294100\2062943477","Textures\UI\Commands\VPE_CancelPlugHole.png","VanillaExpanded\VanillaExpanded.VFEPower\Textures\UI\Commands\VPE_CancelPlugHole.png","6498","9931F578EDB3DE772999C607F4F09EAD5DFFD7DA70F1667B382F8C7497F760B8"
"VanillaExpanded","VanillaExpanded.VFEPower","Vanilla Furniture Expanded - Power","D:\Steam\steamapps\workshop\content\294100\2062943477","Textures\UI\Commands\VPE_PlugHole.png","VanillaExpanded\VanillaExpanded.VFEPower\Textures\UI\Commands\VPE_PlugHole.png","7691","6D2A54527FC0736B057F1E7A60ADE7C6BCAB7C7860E6720429B2B982AA605B89"
"VanillaExpanded","VanillaExpanded.VFEPower","Vanilla Furniture Expanded - Power","D:\Steam\steamapps\workshop\content\294100\2062943477","Textures\UI\Icons\WindVector.png","VanillaExpanded\VanillaExpanded.VFEPower\Textures\UI\Icons\WindVector.png","638","6875F30E11E7490CD43978021FE3588D7A5FCCF0E86A665FE7A2B0AB49E14A03"
"VanillaExpanded","VanillaExpanded.VFEPower","Vanilla Furniture Expanded - Power","D:\Steam\steamapps\workshop\content\294100\2062943477","Textures\UI\Overlays\GasOff.png","VanillaExpanded\VanillaExpanded.VFEPower\Textures\UI\Overlays\GasOff.png","9282","988F1579E48640AA7911416CF100D914216D3D23EB4EAFE365B25A655953A6CA"
"VanillaExpanded","VanillaExpanded.VFEPower","Vanilla Furniture Expanded - Power","D:\Steam\steamapps\workshop\content\294100\2062943477","Textures\UI\Overlays\NeedsGas.png","VanillaExpanded\VanillaExpanded.VFEPower\Textures\UI\Overlays\NeedsGas.png","13943","A19893D81853BCA9E1854AEC9C7900BB91520A37809F4663C8112437CBEBA593"
"VanillaExpanded","VanillaExpanded.VFEPropsandDecor","Vanilla Furniture Expanded - Props and Decor","D:\Steam\steamapps\workshop\content\294100\2102143149","Textures\UI\AP_GoBack.png","VanillaExpanded\VanillaExpanded.VFEPropsandDecor\Textures\UI\AP_GoBack.png","758","4316A5DF4A7F2CAD32EFB5163218237399E281E01E2B348FD3B4CFE48C01DDB7"
"VanillaExpanded","VanillaExpanded.VFEPropsandDecor","Vanilla Furniture Expanded - Props and Decor","D:\Steam\steamapps\workshop\content\294100\2102143149","Textures\UI\Categories\Props_Ancient.png","VanillaExpanded\VanillaExpanded.VFEPropsandDecor\Textures\UI\Categories\Props_Ancient.png","4879","3FA6942B511122505235E5078486A254BE7658F7FCC9520137CB25D1EBDDCF78"
"VanillaExpanded","VanillaExpanded.VFEPropsandDecor","Vanilla Furniture Expanded - Props and Decor","D:\Steam\steamapps\workshop\content\294100\2102143149","Textures\UI\Categories\Props_Anomaly.png","VanillaExpanded\VanillaExpanded.VFEPropsandDecor\Textures\UI\Categories\Props_Anomaly.png","2238","E833D9C22BDCC12A02007535E02F2A22DD0C44DDBF2F220B07CE478E69731FA7"
"VanillaExpanded","VanillaExpanded.VFEPropsandDecor","Vanilla Furniture Expanded - Props and Decor","D:\Steam\steamapps\workshop\content\294100\2102143149","Textures\UI\Categories\Props_Bedroom.png","VanillaExpanded\VanillaExpanded.VFEPropsandDecor\Textures\UI\Categories\Props_Bedroom.png","3914","62745D51166E67ABDBBCEF508469F80F40958E1911C68AA302A5BED9501DD93D"
"VanillaExpanded","VanillaExpanded.VFEPropsandDecor","Vanilla Furniture Expanded - Props and Decor","D:\Steam\steamapps\workshop\content\294100\2102143149","Textures\UI\Categories\Props_Borders.png","VanillaExpanded\VanillaExpanded.VFEPropsandDecor\Textures\UI\Categories\Props_Borders.png","3305","D9DFEF9E6C369D21A4308D8C8FBC6D6CFE18AC63E56F4C1D24D5364AAF7B1136"
"VanillaExpanded","VanillaExpanded.VFEPropsandDecor","Vanilla Furniture Expanded - Props and Decor","D:\Steam\steamapps\workshop\content\294100\2102143149","Textures\UI\Categories\Props_CategoryBackground.png","VanillaExpanded\VanillaExpanded.VFEPropsandDecor\Textures\UI\Categories\Props_CategoryBackground.png","3945","89773FF1432DE9E39E7EFD13E1D03CEE12363299E282301648C2DA09BD481A33"
"VanillaExpanded","VanillaExpanded.VFEPropsandDecor","Vanilla Furniture Expanded - Props and Decor","D:\Steam\steamapps\workshop\content\294100\2102143149","Textures\UI\Categories\Props_Children.png","VanillaExpanded\VanillaExpanded.VFEPropsandDecor\Textures\UI\Categories\Props_Children.png","4945","577186D4B1FE7987C98EC07B6FD50A60FCF507BA8376355E2AE2098A664BE0DB"
"VanillaExpanded","VanillaExpanded.VFEPropsandDecor","Vanilla Furniture Expanded - Props and Decor","D:\Steam\steamapps\workshop\content\294100\2102143149","Textures\UI\Categories\Props_Decals.png","VanillaExpanded\VanillaExpanded.VFEPropsandDecor\Textures\UI\Categories\Props_Decals.png","3675","28E2FE07A8F228A667F7E0134F9410A57948684DCB365E5BC51E70E0C64DEADE"
"VanillaExpanded","VanillaExpanded.VFEPropsandDecor","Vanilla Furniture Expanded - Props and Decor","D:\Steam\steamapps\workshop\content\294100\2102143149","Textures\UI\Categories\Props_DecalsBig.png","VanillaExpanded\VanillaExpanded.VFEPropsandDecor\Textures\UI\Categories\Props_DecalsBig.png","4358","82A873DE8FCF7190B0E1667D71855D1BC9289C23314ADA9A75D4CE68CC37D79D"
"VanillaExpanded","VanillaExpanded.VFEPropsandDecor","Vanilla Furniture Expanded - Props and Decor","D:\Steam\steamapps\workshop\content\294100\2102143149","Textures\UI\Categories\Props_DiningRoom.png","VanillaExpanded\VanillaExpanded.VFEPropsandDecor\Textures\UI\Categories\Props_DiningRoom.png","6829","06926EB20682757D071B088B7A99BFBB5232C1627E2EAD8B8048DF69BAE86316"
"VanillaExpanded","VanillaExpanded.VFEPropsandDecor","Vanilla Furniture Expanded - Props and Decor","D:\Steam\steamapps\workshop\content\294100\2102143149","Textures\UI\Categories\Props_Effects.png","VanillaExpanded\VanillaExpanded.VFEPropsandDecor\Textures\UI\Categories\Props_Effects.png","5118","F50CA3F5A05F665A7FCF401D07AA263C64B443B581C33EC9DB6ED40DBDDC56F1"
"VanillaExpanded","VanillaExpanded.VFEPropsandDecor","Vanilla Furniture Expanded - Props and Decor","D:\Steam\steamapps\workshop\content\294100\2102143149","Textures\UI\Categories\Props_ExoticPlants.png","VanillaExpanded\VanillaExpanded.VFEPropsandDecor\Textures\UI\Categories\Props_ExoticPlants.png","3056","05DDB953566AC17BEE8B1D847D9241F277B0C953619E9EDCE292E757F4C0D23A"
"VanillaExpanded","VanillaExpanded.VFEPropsandDecor","Vanilla Furniture Expanded - Props and Decor","D:\Steam\steamapps\workshop\content\294100\2102143149","Textures\UI\Categories\Props_Farm.png","VanillaExpanded\VanillaExpanded.VFEPropsandDecor\Textures\UI\Categories\Props_Farm.png","4614","C2CBB6A0873BBAB735B232B9DB3339E6FFF71DB30EDA770BF634F2D07C3C1BCF"
"VanillaExpanded","VanillaExpanded.VFEPropsandDecor","Vanilla Furniture Expanded - Props and Decor","D:\Steam\steamapps\workshop\content\294100\2102143149","Textures\UI\Categories\Props_Filth.png","VanillaExpanded\VanillaExpanded.VFEPropsandDecor\Textures\UI\Categories\Props_Filth.png","5510","BC9ACE048995DBD93F03F7ADBDB34AE2D9D4A9E1899E29148832465E8BF7CD42"
"VanillaExpanded","VanillaExpanded.VFEPropsandDecor","Vanilla Furniture Expanded - Props and Decor","D:\Steam\steamapps\workshop\content\294100\2102143149","Textures\UI\Categories\Props_Floor.png","VanillaExpanded\VanillaExpanded.VFEPropsandDecor\Textures\UI\Categories\Props_Floor.png","1155","BBEFFC2838B90D042AFCA7479FF4D225A5ED32BC9CC840732FF2C39CDCC26022"
"VanillaExpanded","VanillaExpanded.VFEPropsandDecor","Vanilla Furniture Expanded - Props and Decor","D:\Steam\steamapps\workshop\content\294100\2102143149","Textures\UI\Categories\Props_Furniture.png","VanillaExpanded\VanillaExpanded.VFEPropsandDecor\Textures\UI\Categories\Props_Furniture.png","4565","4C9D314A074415E87E21411E372E0C35BB82B51D6D78A98F23855DA9EEEE0296"
"VanillaExpanded","VanillaExpanded.VFEPropsandDecor","Vanilla Furniture Expanded - Props and Decor","D:\Steam\steamapps\workshop\content\294100\2102143149","Textures\UI\Categories\Props_Hospital.png","VanillaExpanded\VanillaExpanded.VFEPropsandDecor\Textures\UI\Categories\Props_Hospital.png","3377","F75D7B6D8C012A8D046DD122235BEED6527C41048B5C985DB6AA661FF4F3E877"
"VanillaExpanded","VanillaExpanded.VFEPropsandDecor","Vanilla Furniture Expanded - Props and Decor","D:\Steam\steamapps\workshop\content\294100\2102143149","Textures\UI\Categories\Props_Imperial.png","VanillaExpanded\VanillaExpanded.VFEPropsandDecor\Textures\UI\Categories\Props_Imperial.png","4180","F9DD552E0205BF51B0A3AEFF052CE5B63E91A34B5421E9666A42D0A99C2D34D6"
"VanillaExpanded","VanillaExpanded.VFEPropsandDecor","Vanilla Furniture Expanded - Props and Decor","D:\Steam\steamapps\workshop\content\294100\2102143149","Textures\UI\Categories\Props_Industrial.png","VanillaExpanded\VanillaExpanded.VFEPropsandDecor\Textures\UI\Categories\Props_Industrial.png","3854","5166062FC93AEABE01D1A20FA2775A4CA716CAC3270ACE785100F1A0A5DE3A83"
"VanillaExpanded","VanillaExpanded.VFEPropsandDecor","Vanilla Furniture Expanded - Props and Decor","D:\Steam\steamapps\workshop\content\294100\2102143149","Textures\UI\Categories\Props_Insectoid.png","VanillaExpanded\VanillaExpanded.VFEPropsandDecor\Textures\UI\Categories\Props_Insectoid.png","2640","3C53D19610ABBBC797182A5B6FAB653F8AD2EFE07709CB0CDA416EFB4AF21D5C"
"VanillaExpanded","VanillaExpanded.VFEPropsandDecor","Vanilla Furniture Expanded - Props and Decor","D:\Steam\steamapps\workshop\content\294100\2102143149","Textures\UI\Categories\Props_Kitchen.png","VanillaExpanded\VanillaExpanded.VFEPropsandDecor\Textures\UI\Categories\Props_Kitchen.png","4075","4952664F4CC55B33487A284DF9E4668789B3684235C3C505A66C917B67B284FA"
"VanillaExpanded","VanillaExpanded.VFEPropsandDecor","Vanilla Furniture Expanded - Props and Decor","D:\Steam\steamapps\workshop\content\294100\2102143149","Textures\UI\Categories\Props_Lab.png","VanillaExpanded\VanillaExpanded.VFEPropsandDecor\Textures\UI\Categories\Props_Lab.png","5621","7EABA9B17C9B267BD178BFBC63D0200A8FF44F004AB4B7BD9A7915C0CF8CC7AE"
"VanillaExpanded","VanillaExpanded.VFEPropsandDecor","Vanilla Furniture Expanded - Props and Decor","D:\Steam\steamapps\workshop\content\294100\2102143149","Textures\UI\Categories\Props_Mech.png","VanillaExpanded\VanillaExpanded.VFEPropsandDecor\Textures\UI\Categories\Props_Mech.png","2345","612D6116AD831868AA4AC9C973BA377367615358D87E8952247ED240D365B789"
"VanillaExpanded","VanillaExpanded.VFEPropsandDecor","Vanilla Furniture Expanded - Props and Decor","D:\Steam\steamapps\workshop\content\294100\2102143149","Textures\UI\Categories\Props_Medieval.png","VanillaExpanded\VanillaExpanded.VFEPropsandDecor\Textures\UI\Categories\Props_Medieval.png","3881","C24AD00DC7086DED2C9AF5DE02BA718C57FC6A0444B7508FD64D9FB7044D8EC7"
"VanillaExpanded","VanillaExpanded.VFEPropsandDecor","Vanilla Furniture Expanded - Props and Decor","D:\Steam\steamapps\workshop\content\294100\2102143149","Textures\UI\Categories\Props_Military.png","VanillaExpanded\VanillaExpanded.VFEPropsandDecor\Textures\UI\Categories\Props_Military.png","5012","5B8F42651E11CBDE786AFAC648D3CE653759036C0CED476E6121406900AA1586"
"VanillaExpanded","VanillaExpanded.VFEPropsandDecor","Vanilla Furniture Expanded - Props and Decor","D:\Steam\steamapps\workshop\content\294100\2102143149","Textures\UI\Categories\Props_Misc.png","VanillaExpanded\VanillaExpanded.VFEPropsandDecor\Textures\UI\Categories\Props_Misc.png","1266","EC8D4268990BE2488E1F4AB19D5828F81585EEA8554706F533B283BD56CDDEB4"
"VanillaExpanded","VanillaExpanded.VFEPropsandDecor","Vanilla Furniture Expanded - Props and Decor","D:\Steam\steamapps\workshop\content\294100\2102143149","Textures\UI\Categories\Props_Office.png","VanillaExpanded\VanillaExpanded.VFEPropsandDecor\Textures\UI\Categories\Props_Office.png","1163","F82579905B093278330E0777C676365E93FE31899E51C692453FAD0994737DEB"
"VanillaExpanded","VanillaExpanded.VFEPropsandDecor","Vanilla Furniture Expanded - Props and Decor","D:\Steam\steamapps\workshop\content\294100\2102143149","Textures\UI\Categories\Props_Parks.png","VanillaExpanded\VanillaExpanded.VFEPropsandDecor\Textures\UI\Categories\Props_Parks.png","2495","F2F60249195A33D246B7981B0DED9B03AA5C7C08EFF5B6E1E9549A35A9E45880"
"VanillaExpanded","VanillaExpanded.VFEPropsandDecor","Vanilla Furniture Expanded - Props and Decor","D:\Steam\steamapps\workshop\content\294100\2102143149","Textures\UI\Categories\Props_Plants.png","VanillaExpanded\VanillaExpanded.VFEPropsandDecor\Textures\UI\Categories\Props_Plants.png","5209","EE2D0712B4B5CAAE0B679C15DCA55BE7BCBBC21AFD1C6C008336B34B06FC4C42"
"VanillaExpanded","VanillaExpanded.VFEPropsandDecor","Vanilla Furniture Expanded - Props and Decor","D:\Steam\steamapps\workshop\content\294100\2102143149","Textures\UI\Categories\Props_Power.png","VanillaExpanded\VanillaExpanded.VFEPropsandDecor\Textures\UI\Categories\Props_Power.png","4371","10609D8AC274C1ED5DF68D637873C06ED4BA2B257A13594B775A828BA3A3D609"
"VanillaExpanded","VanillaExpanded.VFEPropsandDecor","Vanilla Furniture Expanded - Props and Decor","D:\Steam\steamapps\workshop\content\294100\2102143149","Textures\UI\Categories\Props_Prison.png","VanillaExpanded\VanillaExpanded.VFEPropsandDecor\Textures\UI\Categories\Props_Prison.png","4349","2DC303546F1A13D3F5D70E7492D528E49E49ADE18F68640FEFF5AB4EDF9FE8AD"
"VanillaExpanded","VanillaExpanded.VFEPropsandDecor","Vanilla Furniture Expanded - Props and Decor","D:\Steam\steamapps\workshop\content\294100\2102143149","Textures\UI\Categories\Props_Recreation.png","VanillaExpanded\VanillaExpanded.VFEPropsandDecor\Textures\UI\Categories\Props_Recreation.png","5243","DA35D42DC465C2D6D89210AB8EF179F73A3485D884683886F7389D40C156D164"
"VanillaExpanded","VanillaExpanded.VFEPropsandDecor","Vanilla Furniture Expanded - Props and Decor","D:\Steam\steamapps\workshop\content\294100\2102143149","Textures\UI\Categories\Props_Royal.png","VanillaExpanded\VanillaExpanded.VFEPropsandDecor\Textures\UI\Categories\Props_Royal.png","4841","F67AF5AF4DD1E07032C46E389585FCB4FEA1CEC6B12A1DD820EC068BB33E60E8"
"VanillaExpanded","VanillaExpanded.VFEPropsandDecor","Vanilla Furniture Expanded - Props and Decor","D:\Steam\steamapps\workshop\content\294100\2102143149","Textures\UI\Categories\Props_Spacer.png","VanillaExpanded\VanillaExpanded.VFEPropsandDecor\Textures\UI\Categories\Props_Spacer.png","5559","57BE5FA4BF7D2C295D8C801C9373C8E6393C138A3BF30E96B3024D6278A3C704"
"VanillaExpanded","VanillaExpanded.VFEPropsandDecor","Vanilla Furniture Expanded - Props and Decor","D:\Steam\steamapps\workshop\content\294100\2102143149","Textures\UI\Categories\Props_Spaceships.png","VanillaExpanded\VanillaExpanded.VFEPropsandDecor\Textures\UI\Categories\Props_Spaceships.png","4935","F9C4AB643AE71129EA9128AAF39A02367FD259478466034120E3DB6C2E892599"
"VanillaExpanded","VanillaExpanded.VFEPropsandDecor","Vanilla Furniture Expanded - Props and Decor","D:\Steam\steamapps\workshop\content\294100\2102143149","Textures\UI\Categories\Props_Storage.png","VanillaExpanded\VanillaExpanded.VFEPropsandDecor\Textures\UI\Categories\Props_Storage.png","4107","DBCBBA269FFB0FEEA2CFFD9DD87CE9F52F81718A1D8E4ACC3AF4C96936F3D0F3"
"VanillaExpanded","VanillaExpanded.VFEPropsandDecor","Vanilla Furniture Expanded - Props and Decor","D:\Steam\steamapps\workshop\content\294100\2102143149","Textures\UI\Categories\Props_Structures.png","VanillaExpanded\VanillaExpanded.VFEPropsandDecor\Textures\UI\Categories\Props_Structures.png","3608","883D5EB5A4E80632BC40E3F0C979E379E1EF8C670C01885AEB2EF741F9B8D9E1"
"VanillaExpanded","VanillaExpanded.VFEPropsandDecor","Vanilla Furniture Expanded - Props and Decor","D:\Steam\steamapps\workshop\content\294100\2102143149","Textures\UI\Categories\Props_Temple.png","VanillaExpanded\VanillaExpanded.VFEPropsandDecor\Textures\UI\Categories\Props_Temple.png","5195","69A75B4860D5E9B1D2F61B239650D9702B70D693B777373D7F3452C7CD8CAA06"
"VanillaExpanded","VanillaExpanded.VFEPropsandDecor","Vanilla Furniture Expanded - Props and Decor","D:\Steam\steamapps\workshop\content\294100\2102143149","Textures\UI\Categories\Props_Vault.png","VanillaExpanded\VanillaExpanded.VFEPropsandDecor\Textures\UI\Categories\Props_Vault.png","4885","D37DDC8DD0C5BDE7236D9B3441E569074DC8FE13862A3F891D0B4C4564B936B6"
"VanillaExpanded","VanillaExpanded.VFEPropsandDecor","Vanilla Furniture Expanded - Props and Decor","D:\Steam\steamapps\workshop\content\294100\2102143149","Textures\UI\Categories\Props_Vehicles.png","VanillaExpanded\VanillaExpanded.VFEPropsandDecor\Textures\UI\Categories\Props_Vehicles.png","4563","809DA5098276596E79C076B4E4FD053C64EAABD9E63D9814902DE3EF900F42EC"
"VanillaExpanded","VanillaExpanded.VFEPropsandDecor","Vanilla Furniture Expanded - Props and Decor","D:\Steam\steamapps\workshop\content\294100\2102143149","Textures\UI\Categories\Props_Walls.png","VanillaExpanded\VanillaExpanded.VFEPropsandDecor\Textures\UI\Categories\Props_Walls.png","2218","3E95FB15A1720492BABC787987AC1AED6A7C58BE4D592E658E447782A7B47701"
"VanillaExpanded","VanillaExpanded.VFEPropsandDecor","Vanilla Furniture Expanded - Props and Decor","D:\Steam\steamapps\workshop\content\294100\2102143149","Textures\UI\Categories\Props_Workshop.png","VanillaExpanded\VanillaExpanded.VFEPropsandDecor\Textures\UI\Categories\Props_Workshop.png","5883","8732486927F0363AAD1B4936DBEE4AFA04CC3657C8520962AD9E781DB2394662"
"VanillaExpanded","VanillaExpanded.VFEPropsandDecor","Vanilla Furniture Expanded - Props and Decor","D:\Steam\steamapps\workshop\content\294100\2102143149","Textures\UI\Gizmo_BuildProps.png","VanillaExpanded\VanillaExpanded.VFEPropsandDecor\Textures\UI\Gizmo_BuildProps.png","5553","5CEEFC1C9285FDFB21BDDBA8E3AA71E75159EAD32A14E44999EFBEFE836BF7AD"
"VanillaExpanded","VanillaExpanded.VFEPropsandDecor","Vanilla Furniture Expanded - Props and Decor","D:\Steam\steamapps\workshop\content\294100\2102143149","Textures\UI\VFEPD_Blocked.png","VanillaExpanded\VanillaExpanded.VFEPropsandDecor\Textures\UI\VFEPD_Blocked.png","4000","AED76377382E55D355139766A47F78E2C0724031CDEA51661BF97E2B66A8CC98"
"VanillaExpanded","VanillaExpanded.VFEPropsandDecor","Vanilla Furniture Expanded - Props and Decor","D:\Steam\steamapps\workshop\content\294100\2102143149","Textures\UI\VPE_Mats.png","VanillaExpanded\VanillaExpanded.VFEPropsandDecor\Textures\UI\VPE_Mats.png","15294","F6FB1F8DC3C183F3F2BAD4C679493CC9555C87AF49953B5D7BF3D88FC5539A71"
"VanillaExpanded","VanillaExpanded.VFESecurity","Vanilla Furniture Expanded - Security","D:\Steam\steamapps\workshop\content\294100\1845154007","Textures\UI\Commands\ArtillerySetWorldTarget.png","VanillaExpanded\VanillaExpanded.VFESecurity\Textures\UI\Commands\ArtillerySetWorldTarget.png","9932","20C274B9037A260E75292BFF9F4D0B053F39347E883640B3A0A7CE7F01C00E3B"
"VanillaExpanded","VanillaExpanded.VFESecurity","Vanilla Furniture Expanded - Security","D:\Steam\steamapps\workshop\content\294100\1845154007","Textures\UI\Commands\ArtilleryTargetTile.png","VanillaExpanded\VanillaExpanded.VFESecurity\Textures\UI\Commands\ArtilleryTargetTile.png","8229","462E4717BFFAEFBFDF74364B2CF0BB63D218DD6FD23364FBDDC95F179593C83B"
"VanillaExpanded","VanillaExpanded.VFESecurity","Vanilla Furniture Expanded - Security","D:\Steam\steamapps\workshop\content\294100\1845154007","Textures\UI\Commands\Gizmo_StructureDeploy.png","VanillaExpanded\VanillaExpanded.VFESecurity\Textures\UI\Commands\Gizmo_StructureDeploy.png","6432","A8FF2D39814BB5B76B8F354D95C758B2ADD3BAB074B34064EF0F9635AA0AEEC5"
"VanillaExpanded","VanillaExpanded.VFESecurity","Vanilla Furniture Expanded - Security","D:\Steam\steamapps\workshop\content\294100\1845154007","Textures\UI\Commands\Gizmo_StructureSubmerge.png","VanillaExpanded\VanillaExpanded.VFESecurity\Textures\UI\Commands\Gizmo_StructureSubmerge.png","5842","540DB1799FD2BBD3125F26ABCF964D29B937B45963CD8D29C97D7747664502B1"
"VanillaExpanded","VanillaExpanded.VFESecurity","Vanilla Furniture Expanded - Security","D:\Steam\steamapps\workshop\content\294100\1845154007","Textures\UI\Overlays\FuelAmmo.png","VanillaExpanded\VanillaExpanded.VFESecurity\Textures\UI\Overlays\FuelAmmo.png","2831","6F155DF177475AF5A5596C2B7C945F861F853767FA272F34EA87D0C6CFEE3CB6"
"VanillaExpanded","VanillaExpanded.VFESecurity","Vanilla Furniture Expanded - Security","D:\Steam\steamapps\workshop\content\294100\1845154007","Textures\UI\Overlays\FuelBallistaBolt.png","VanillaExpanded\VanillaExpanded.VFESecurity\Textures\UI\Overlays\FuelBallistaBolt.png","5011","0A27B3EAA43CB5C7EA8360AF1ED845E7B13374CEE8562605463070667F5C2EFC"
"VanillaExpanded","VanillaExpanded.VFESecurity","Vanilla Furniture Expanded - Security","D:\Steam\steamapps\workshop\content\294100\1845154007","Textures\UI\Overlays\FuelComponent.png","VanillaExpanded\VanillaExpanded.VFESecurity\Textures\UI\Overlays\FuelComponent.png","6520","47DB8F7045764F56D01328E1C1967C616F9C34CD61B443FAC491074BEBD65F01"
"VanillaExpanded","VanillaExpanded.VFESecurity","Vanilla Furniture Expanded - Security","D:\Steam\steamapps\workshop\content\294100\1845154007","Textures\UI\Overlays\FuelRockets.png","VanillaExpanded\VanillaExpanded.VFESecurity\Textures\UI\Overlays\FuelRockets.png","5853","9B10AC90D35E84E2B866070369027E98D2F0B35B0F078961157CE93D9A0824D7"
"VanillaExpanded","VanillaExpanded.VFESecurity","Vanilla Furniture Expanded - Security","D:\Steam\steamapps\workshop\content\294100\1845154007","Textures\UI\Overlays\FuelUranium.png","VanillaExpanded\VanillaExpanded.VFESecurity\Textures\UI\Overlays\FuelUranium.png","5443","8532232B2C8CBBCD01A662C06055D1EEEE5F4C8E821C8C881ADE1DD2E89C599A"
"VanillaExpanded","VanillaExpanded.VFESecurity","Vanilla Furniture Expanded - Security","D:\Steam\steamapps\workshop\content\294100\1845154007","Textures\UI\Overlays\OutOfAmmo_Ballista.png","VanillaExpanded\VanillaExpanded.VFESecurity\Textures\UI\Overlays\OutOfAmmo_Ballista.png","9114","998F19D83601F5F09423DF4579701B00484F296FA6A808C9FA5DB834B410DE61"
"VanillaExpanded","VanillaExpanded.VFESecurity","Vanilla Furniture Expanded - Security","D:\Steam\steamapps\workshop\content\294100\1845154007","Textures\UI\Overlays\PlasteelBarrel.png","VanillaExpanded\VanillaExpanded.VFESecurity\Textures\UI\Overlays\PlasteelBarrel.png","5178","7C8AD8BF207AC68CED4E9C28A4EC9653049EB332A61F9C46B68B1619A74CEA02"
"VanillaExpanded","VanillaExpanded.VFESpacer","Vanilla Furniture Expanded - Spacer Module","D:\Steam\steamapps\workshop\content\294100\2028381079","Textures\Icons\Forbidden.png","VanillaExpanded\VanillaExpanded.VFESpacer\Textures\Icons\Forbidden.png","1358","4A67F4F9C676779A285F5C074DB61877D45D1E7ADEFF7FDE9FE46308FCC9CDEA"
"VanillaExpanded","VanillaExpanded.VFESpacer","Vanilla Furniture Expanded - Spacer Module","D:\Steam\steamapps\workshop\content\294100\2028381079","Textures\Things\Icons\Light_Blue.png","VanillaExpanded\VanillaExpanded.VFESpacer\Textures\Things\Icons\Light_Blue.png","2509","C409FC042ED26079D86583CEA2A14AC472EC7CF21B90FC7E1D4A1D1F9CBABF86"
"VanillaExpanded","VanillaExpanded.VFESpacer","Vanilla Furniture Expanded - Spacer Module","D:\Steam\steamapps\workshop\content\294100\2028381079","Textures\Things\Icons\Light_Green.png","VanillaExpanded\VanillaExpanded.VFESpacer\Textures\Things\Icons\Light_Green.png","2457","43F018A3AE205FD58400B13D3EFF3462E9D09926BC4B2E1C0DE76D3564399088"
"VanillaExpanded","VanillaExpanded.VFESpacer","Vanilla Furniture Expanded - Spacer Module","D:\Steam\steamapps\workshop\content\294100\2028381079","Textures\Things\Icons\Light_Red.png","VanillaExpanded\VanillaExpanded.VFESpacer\Textures\Things\Icons\Light_Red.png","2363","18848C24D9755E08227E58E9933498F6A8D03F30B98FEA7122695BB9DF035816"
"VanillaExpanded","VanillaExpanded.VFESpacer","Vanilla Furniture Expanded - Spacer Module","D:\Steam\steamapps\workshop\content\294100\2028381079","Textures\Things\Icons\Light_White.png","VanillaExpanded\VanillaExpanded.VFESpacer\Textures\Things\Icons\Light_White.png","1887","DA6A91224C051F6F68F6F4AD5AE5FFD305F9119C43043896AB6F9DD475D42190"
"VanillaExpanded","VanillaExpanded.VGeneticsE","Vanilla Genetics Expanded","D:\Steam\steamapps\workshop\content\294100\2801160906","Textures\UI\AbandonedLab.png","VanillaExpanded\VanillaExpanded.VGeneticsE\Textures\UI\AbandonedLab.png","1197","41DE0DD16934CE6596DB1402D30F5F24957F46D63F345F23E9C5FF4852AD2AC4"
"VanillaExpanded","VanillaExpanded.VGeneticsE","Vanilla Genetics Expanded","D:\Steam\steamapps\workshop\content\294100\2801160906","Textures\UI\Abilities\AA_ExplodingWeb.png","VanillaExpanded\VanillaExpanded.VGeneticsE\Textures\UI\Abilities\AA_ExplodingWeb.png","13219","06A4899724025B765AF40A391B936E9619CD052F2FBCF1B545307FDD13EB7A79"
"VanillaExpanded","VanillaExpanded.VGeneticsE","Vanilla Genetics Expanded","D:\Steam\steamapps\workshop\content\294100\2801160906","Textures\UI\Abilities\GR_CryoBlast.png","VanillaExpanded\VanillaExpanded.VGeneticsE\Textures\UI\Abilities\GR_CryoBlast.png","6828","7A40D32BDF7D9DEE7784E5A8D27172FCFC08915CF471E3E0AB3AC9D243C4AA7A"
"VanillaExpanded","VanillaExpanded.VGeneticsE","Vanilla Genetics Expanded","D:\Steam\steamapps\workshop\content\294100\2801160906","Textures\UI\Abilities\GR_Disintegrator.png","VanillaExpanded\VanillaExpanded.VGeneticsE\Textures\UI\Abilities\GR_Disintegrator.png","3770","5D8F9FF053532750F4B8D29E7513A62C4F40B33D3B78C66ECF1C08A81A2F5294"
"VanillaExpanded","VanillaExpanded.VGeneticsE","Vanilla Genetics Expanded","D:\Steam\steamapps\workshop\content\294100\2801160906","Textures\UI\Abilities\GR_Distortion.png","VanillaExpanded\VanillaExpanded.VGeneticsE\Textures\UI\Abilities\GR_Distortion.png","6567","03123E92FDA1B714AD61D7A80B9E40E2272DB00F16F7D5D16E40D946A0901EC4"
"VanillaExpanded","VanillaExpanded.VGeneticsE","Vanilla Genetics Expanded","D:\Steam\steamapps\workshop\content\294100\2801160906","Textures\UI\Abilities\GR_FireSpit.png","VanillaExpanded\VanillaExpanded.VGeneticsE\Textures\UI\Abilities\GR_FireSpit.png","6006","255C66DDDBCF75B490F45FCE8932BA7335BA166C51E9F49DDDCE1306723EDE60"
"VanillaExpanded","VanillaExpanded.VGeneticsE","Vanilla Genetics Expanded","D:\Steam\steamapps\workshop\content\294100\2801160906","Textures\UI\Abilities\GR_FlameBreathAnimated.png","VanillaExpanded\VanillaExpanded.VGeneticsE\Textures\UI\Abilities\GR_FlameBreathAnimated.png","6867","21F6FF3D9E898FE1F4CAEE656797DA016BD08565D18C191EE4FF641F4D1D653A"
"VanillaExpanded","VanillaExpanded.VGeneticsE","Vanilla Genetics Expanded","D:\Steam\steamapps\workshop\content\294100\2801160906","Textures\UI\Abilities\GR_HairballProjectile.png","VanillaExpanded\VanillaExpanded.VGeneticsE\Textures\UI\Abilities\GR_HairballProjectile.png","6051","9139F5AA05C673C4067186C4400D9DDB59E51325F1D06B07EAD8B019CDBA52B1"
"VanillaExpanded","VanillaExpanded.VGeneticsE","Vanilla Genetics Expanded","D:\Steam\steamapps\workshop\content\294100\2801160906","Textures\UI\Abilities\GR_IncendiaryMote.png","VanillaExpanded\VanillaExpanded.VGeneticsE\Textures\UI\Abilities\GR_IncendiaryMote.png","6736","89C8486360C008266D38856B2AE7B128F5A60D26178B74FF6941E814AA04412F"
"VanillaExpanded","VanillaExpanded.VGeneticsE","Vanilla Genetics Expanded","D:\Steam\steamapps\workshop\content\294100\2801160906","Textures\UI\Abilities\GR_Laser.png","VanillaExpanded\VanillaExpanded.VGeneticsE\Textures\UI\Abilities\GR_Laser.png","6650","74CDC3E00A24102083BBC6D9AEB7C6C11CA386BFED37D9C8554803EA54F223C2"
"VanillaExpanded","VanillaExpanded.VGeneticsE","Vanilla Genetics Expanded","D:\Steam\steamapps\workshop\content\294100\2801160906","Textures\UI\Abilities\GR_PlasmaBurst.png","VanillaExpanded\VanillaExpanded.VGeneticsE\Textures\UI\Abilities\GR_PlasmaBurst.png","6809","1D875932A2C928C83E7D5E529365511F2DC93F801FB86F59709AC867DF373715"
"VanillaExpanded","VanillaExpanded.VGeneticsE","Vanilla Genetics Expanded","D:\Steam\steamapps\workshop\content\294100\2801160906","Textures\UI\Abilities\GR_PoisonBlast.png","VanillaExpanded\VanillaExpanded.VGeneticsE\Textures\UI\Abilities\GR_PoisonBlast.png","7735","F1F8615D16E3F1DA95835434BD2F4DA1B51E45B7B5549DFE21B3A372A8C09C31"
"VanillaExpanded","VanillaExpanded.VGeneticsE","Vanilla Genetics Expanded","D:\Steam\steamapps\workshop\content\294100\2801160906","Textures\UI\Abilities\GR_PoisonBreath.png","VanillaExpanded\VanillaExpanded.VGeneticsE\Textures\UI\Abilities\GR_PoisonBreath.png","5146","3E1B5B3529A6BCF94FF9C0A26A86692F4ACD49D663E3E0F5918DC133ADF0A3C9"
"VanillaExpanded","VanillaExpanded.VGeneticsE","Vanilla Genetics Expanded","D:\Steam\steamapps\workshop\content\294100\2801160906","Textures\UI\Abilities\GR_PoisonBreathAnimated.png","VanillaExpanded\VanillaExpanded.VGeneticsE\Textures\UI\Abilities\GR_PoisonBreathAnimated.png","5145","C1852572A2D6B058370E0D3F92EE6685DC6C0AE926561B790A249A91E0E4ED97"
"VanillaExpanded","VanillaExpanded.VGeneticsE","Vanilla Genetics Expanded","D:\Steam\steamapps\workshop\content\294100\2801160906","Textures\UI\Abilities\GR_Proj_ThrownSac.png","VanillaExpanded\VanillaExpanded.VGeneticsE\Textures\UI\Abilities\GR_Proj_ThrownSac.png","5195","A3354A921F4C3432DE4B050D1A6029D12AF5DF9563ECB31BDF8533B00E1F0313"
"VanillaExpanded","VanillaExpanded.VGeneticsE","Vanilla Genetics Expanded","D:\Steam\steamapps\workshop\content\294100\2801160906","Textures\UI\Abilities\GR_RazorProjectile.png","VanillaExpanded\VanillaExpanded.VGeneticsE\Textures\UI\Abilities\GR_RazorProjectile.png","6675","DBD849EA71B0C7AE31752885FEBF8937D49A315FD1B5CCB8773400AF01F54B0F"
"VanillaExpanded","VanillaExpanded.VGeneticsE","Vanilla Genetics Expanded","D:\Steam\steamapps\workshop\content\294100\2801160906","Textures\UI\Abilities\GR_SmokeBomb.png","VanillaExpanded\VanillaExpanded.VGeneticsE\Textures\UI\Abilities\GR_SmokeBomb.png","5222","03E58263981FFC93BA460FE82000429DC1B34B96E8E52551780FD3BED1089F8B"
"VanillaExpanded","VanillaExpanded.VGeneticsE","Vanilla Genetics Expanded","D:\Steam\steamapps\workshop\content\294100\2801160906","Textures\UI\Abilities\GR_SniperFlechette.png","VanillaExpanded\VanillaExpanded.VGeneticsE\Textures\UI\Abilities\GR_SniperFlechette.png","3557","50882320556D298C753B05DB1081058D9B967D09F00748E5DB5AC787914F3CDE"
"VanillaExpanded","VanillaExpanded.VGeneticsE","Vanilla Genetics Expanded","D:\Steam\steamapps\workshop\content\294100\2801160906","Textures\UI\Abilities\GR_StunBolt.png","VanillaExpanded\VanillaExpanded.VGeneticsE\Textures\UI\Abilities\GR_StunBolt.png","8618","1CDE98BD84C07EE6BA5933FBEBE32BF487DC5FD217A42C8290F749F9A0297600"
"VanillaExpanded","VanillaExpanded.VGeneticsE","Vanilla Genetics Expanded","D:\Steam\steamapps\workshop\content\294100\2801160906","Textures\UI\Abilities\GR_Warhead.png","VanillaExpanded\VanillaExpanded.VGeneticsE\Textures\UI\Abilities\GR_Warhead.png","5211","849EF9DD7C75B3ED4FD61F59A97A7A8BEECA5B9EC89E0C47940B0FB430145603"
"VanillaExpanded","VanillaExpanded.VGeneticsE","Vanilla Genetics Expanded","D:\Steam\steamapps\workshop\content\294100\2801160906","Textures\UI\Abilities\GR_Web.png","VanillaExpanded\VanillaExpanded.VGeneticsE\Textures\UI\Abilities\GR_Web.png","7514","956C43593B817A208A3B0587B3ECB50C38D601B0224B5820CC2BAE824FAA2FD6"
"VanillaExpanded","VanillaExpanded.VGeneticsE","Vanilla Genetics Expanded","D:\Steam\steamapps\workshop\content\294100\2801160906","Textures\UI\Abilities\RB_Quill.png","VanillaExpanded\VanillaExpanded.VGeneticsE\Textures\UI\Abilities\RB_Quill.png","3337","13A5FDDDA436D6333779AD32CF8C9A72A0CC8DD6BDE9359AB4CD520BEA5A7A40"
"VanillaExpanded","VanillaExpanded.VGeneticsE","Vanilla Genetics Expanded","D:\Steam\steamapps\workshop\content\294100\2801160906","Textures\UI\BiomechanicalLabComplex.png","VanillaExpanded\VanillaExpanded.VGeneticsE\Textures\UI\BiomechanicalLabComplex.png","3599","AED36EF5DDC498EE4C37F7D5E27F96C61E5693BDEEDA68F268C7200CFBD46A42"
"VanillaExpanded","VanillaExpanded.VGeneticsE","Vanilla Genetics Expanded","D:\Steam\steamapps\workshop\content\294100\2801160906","Textures\UI\commands\GR_AdrenalineBurst.png","VanillaExpanded\VanillaExpanded.VGeneticsE\Textures\UI\commands\GR_AdrenalineBurst.png","5299","8DA019DF781A81C86A7FA229AE45FA4EBE9293B6A58918A289A94496DADCD403"
"VanillaExpanded","VanillaExpanded.VGeneticsE","Vanilla Genetics Expanded","D:\Steam\steamapps\workshop\content\294100\2801160906","Textures\UI\commands\GR_AwakenArchotech.png","VanillaExpanded\VanillaExpanded.VGeneticsE\Textures\UI\commands\GR_AwakenArchotech.png","13989","BFEA85920395D4F460DB119D04DE5EE1783B9A4D0D3A337EA7F9E08930671DBF"
"VanillaExpanded","VanillaExpanded.VGeneticsE","Vanilla Genetics Expanded","D:\Steam\steamapps\workshop\content\294100\2801160906","Textures\UI\commands\GR_BringAnimal.png","VanillaExpanded\VanillaExpanded.VGeneticsE\Textures\UI\commands\GR_BringAnimal.png","8253","0E20DAEA80AA435C6B666DA18E9013E4F5886E25DF335C8499C213BA569E2161"
"VanillaExpanded","VanillaExpanded.VGeneticsE","Vanilla Genetics Expanded","D:\Steam\steamapps\workshop\content\294100\2801160906","Textures\UI\commands\GR_CatReflexes.png","VanillaExpanded\VanillaExpanded.VGeneticsE\Textures\UI\commands\GR_CatReflexes.png","16361","75D43C11F5E0CAD613F2C2946570D5943CF3330F2D8A83561060AEDF9A21E3FA"
"VanillaExpanded","VanillaExpanded.VGeneticsE","Vanilla Genetics Expanded","D:\Steam\steamapps\workshop\content\294100\2801160906","Textures\UI\commands\GR_ChickenRimPox.png","VanillaExpanded\VanillaExpanded.VGeneticsE\Textures\UI\commands\GR_ChickenRimPox.png","5653","E895D6D45ACCA6292B1D01E1E30B536A9D5A09FCD865E56F2C40D084C27C6A9F"
"VanillaExpanded","VanillaExpanded.VGeneticsE","Vanilla Genetics Expanded","D:\Steam\steamapps\workshop\content\294100\2801160906","Textures\UI\commands\GR_ControlAnimal.png","VanillaExpanded\VanillaExpanded.VGeneticsE\Textures\UI\commands\GR_ControlAnimal.png","5973","C41E63778402A33FF4D59DC6B5D5C765FEEC32EB96FCCC166B18CFCBC93D2F8A"
"VanillaExpanded","VanillaExpanded.VGeneticsE","Vanilla Genetics Expanded","D:\Steam\steamapps\workshop\content\294100\2801160906","Textures\UI\commands\GR_IncreasedCarry.png","VanillaExpanded\VanillaExpanded.VGeneticsE\Textures\UI\commands\GR_IncreasedCarry.png","6177","454B87AC8840663902E0C3CAE9929F82D739E72607D41568669C1EDC3B39BC42"
"VanillaExpanded","VanillaExpanded.VGeneticsE","Vanilla Genetics Expanded","D:\Steam\steamapps\workshop\content\294100\2801160906","Textures\UI\commands\GR_Insectclouds.png","VanillaExpanded\VanillaExpanded.VGeneticsE\Textures\UI\commands\GR_Insectclouds.png","5607","CA9B6443C7958CD05C4EAADAF2CEF166690BAD12CB25CECA54FC112646DA362B"
"VanillaExpanded","VanillaExpanded.VGeneticsE","Vanilla Genetics Expanded","D:\Steam\steamapps\workshop\content\294100\2801160906","Textures\UI\commands\GR_KeenSenses.png","VanillaExpanded\VanillaExpanded.VGeneticsE\Textures\UI\commands\GR_KeenSenses.png","5680","0D05031BACBD41BB92506AD235B0B7A71AF41B074EB2371651DEA9DC045495C4"
"VanillaExpanded","VanillaExpanded.VGeneticsE","Vanilla Genetics Expanded","D:\Steam\steamapps\workshop\content\294100\2801160906","Textures\UI\commands\GR_MechaBlast.png","VanillaExpanded\VanillaExpanded.VGeneticsE\Textures\UI\commands\GR_MechaBlast.png","5921","14356CAC0F115FFDF71697AD0985E5C895B7BFE26E2CA6C0F02D015F5496A27C"
"VanillaExpanded","VanillaExpanded.VGeneticsE","Vanilla Genetics Expanded","D:\Steam\steamapps\workshop\content\294100\2801160906","Textures\UI\commands\GR_Microscope.png","VanillaExpanded\VanillaExpanded.VGeneticsE\Textures\UI\commands\GR_Microscope.png","7205","FBECE680582BA403F7259BF845A86D4974DBE0E1EDC80251997D7AA8330EE210"
"VanillaExpanded","VanillaExpanded.VGeneticsE","Vanilla Genetics Expanded","D:\Steam\steamapps\workshop\content\294100\2801160906","Textures\UI\commands\GR_Orbital.png","VanillaExpanded\VanillaExpanded.VGeneticsE\Textures\UI\commands\GR_Orbital.png","6316","45DC688FE7F5A7DA288F9F46F31AD05C00350D304CD260B6897BF844C08DB9DD"
"VanillaExpanded","VanillaExpanded.VGeneticsE","Vanilla Genetics Expanded","D:\Steam\steamapps\workshop\content\294100\2801160906","Textures\UI\commands\GR_PackTactics.png","VanillaExpanded\VanillaExpanded.VGeneticsE\Textures\UI\commands\GR_PackTactics.png","11713","CCA8B108581248B56FA90B4DA59A585242B612A92199C321B63BD287E76F162A"
"VanillaExpanded","VanillaExpanded.VGeneticsE","Vanilla Genetics Expanded","D:\Steam\steamapps\workshop\content\294100\2801160906","Textures\UI\commands\GR_PoisonousCloud.png","VanillaExpanded\VanillaExpanded.VGeneticsE\Textures\UI\commands\GR_PoisonousCloud.png","6566","46D15295CD77A8D05229F5B4FCF82930D37A2B238ECA7D337A86B3B7560C10D4"
"VanillaExpanded","VanillaExpanded.VGeneticsE","Vanilla Genetics Expanded","D:\Steam\steamapps\workshop\content\294100\2801160906","Textures\UI\commands\GR_Pounce.png","VanillaExpanded\VanillaExpanded.VGeneticsE\Textures\UI\commands\GR_Pounce.png","7277","7A72C2517C5B6779AF7CF1CD2A10479BEC76AF03E78C29EA89AC1BC1ADFD5376"
"VanillaExpanded","VanillaExpanded.VGeneticsE","Vanilla Genetics Expanded","D:\Steam\steamapps\workshop\content\294100\2801160906","Textures\UI\commands\GR_ProjectDossier.png","VanillaExpanded\VanillaExpanded.VGeneticsE\Textures\UI\commands\GR_ProjectDossier.png","6991","AB6EF4718A09931F8CDEBD357F0B99C62C37DD63B30338F05139DAE2B752AC05"
"VanillaExpanded","VanillaExpanded.VGeneticsE","Vanilla Genetics Expanded","D:\Steam\steamapps\workshop\content\294100\2801160906","Textures\UI\commands\GR_SetTrap.png","VanillaExpanded\VanillaExpanded.VGeneticsE\Textures\UI\commands\GR_SetTrap.png","5257","C17F14331920275851AA943B90DD351A7D025E70CC56A673B2188222CFA91FAA"
"VanillaExpanded","VanillaExpanded.VGeneticsE","Vanilla Genetics Expanded","D:\Steam\steamapps\workshop\content\294100\2801160906","Textures\UI\commands\GR_Stamina.png","VanillaExpanded\VanillaExpanded.VGeneticsE\Textures\UI\commands\GR_Stamina.png","5738","5AC7FE35257FF5810FF53124A0A72DC3E2DC25F1B4820A4BB2B1D78F89E6A4F8"
"VanillaExpanded","VanillaExpanded.VGeneticsE","Vanilla Genetics Expanded","D:\Steam\steamapps\workshop\content\294100\2801160906","Textures\UI\commands\GR_StampedeClouds.png","VanillaExpanded\VanillaExpanded.VGeneticsE\Textures\UI\commands\GR_StampedeClouds.png","9179","A1B7702A7CE53DC61E215E533A0F1847F91287ABF1C18598D0AE0EC3B046DBE9"
"VanillaExpanded","VanillaExpanded.VGeneticsE","Vanilla Genetics Expanded","D:\Steam\steamapps\workshop\content\294100\2801160906","Textures\UI\commands\GR_StraightCharge.png","VanillaExpanded\VanillaExpanded.VGeneticsE\Textures\UI\commands\GR_StraightCharge.png","4627","3CB313E8DA6AE5E89EAB5C2621061F536A98B483FDE2AE95ACDF5A76959417B4"
"VanillaExpanded","VanillaExpanded.VGeneticsE","Vanilla Genetics Expanded","D:\Steam\steamapps\workshop\content\294100\2801160906","Textures\UI\commands\MechahybridizeParagon.png","VanillaExpanded\VanillaExpanded.VGeneticsE\Textures\UI\commands\MechahybridizeParagon.png","7195","DE2E0363EE1FFA40512A2C240DF7ACA249EA14C66E0A31EC83B7EAD929BE333B"
"VanillaExpanded","VanillaExpanded.VGeneticsE","Vanilla Genetics Expanded","D:\Steam\steamapps\workshop\content\294100\2801160906","Textures\UI\commands\UwuPounce.png","VanillaExpanded\VanillaExpanded.VGeneticsE\Textures\UI\commands\UwuPounce.png","5073","5C498AED9DBD2AC08D1E031675DA35F1AD2DAE0D0D3B21348672604692CDFA81"
"VanillaExpanded","VanillaExpanded.VGeneticsE","Vanilla Genetics Expanded","D:\Steam\steamapps\workshop\content\294100\2801160906","Textures\UI\Empty\Empty_east.png","VanillaExpanded\VanillaExpanded.VGeneticsE\Textures\UI\Empty\Empty_east.png","3233","D6A80224794FA0A4A30EA5041CE35F5205075A225C2CDF1F564B3295725FAB5E"
"VanillaExpanded","VanillaExpanded.VGeneticsE","Vanilla Genetics Expanded","D:\Steam\steamapps\workshop\content\294100\2801160906","Textures\UI\Empty\Empty_north.png","VanillaExpanded\VanillaExpanded.VGeneticsE\Textures\UI\Empty\Empty_north.png","3233","D6A80224794FA0A4A30EA5041CE35F5205075A225C2CDF1F564B3295725FAB5E"
"VanillaExpanded","VanillaExpanded.VGeneticsE","Vanilla Genetics Expanded","D:\Steam\steamapps\workshop\content\294100\2801160906","Textures\UI\Empty\Empty_south.png","VanillaExpanded\VanillaExpanded.VGeneticsE\Textures\UI\Empty\Empty_south.png","3233","D6A80224794FA0A4A30EA5041CE35F5205075A225C2CDF1F564B3295725FAB5E"
"VanillaExpanded","VanillaExpanded.VGeneticsE","Vanilla Genetics Expanded","D:\Steam\steamapps\workshop\content\294100\2801160906","Textures\UI\GeneticsUI_Arrow.png","VanillaExpanded\VanillaExpanded.VGeneticsE\Textures\UI\GeneticsUI_Arrow.png","1616","F5BDEFD8B79B5CD42E384A64EF3509B2D6A221FDE45B1A962196C326E9A4B1CC"
"VanillaExpanded","VanillaExpanded.VGeneticsE","Vanilla Genetics Expanded","D:\Steam\steamapps\workshop\content\294100\2801160906","Textures\UI\GeneticsUI_ArrowTwoWays.png","VanillaExpanded\VanillaExpanded.VGeneticsE\Textures\UI\GeneticsUI_ArrowTwoWays.png","7176","9BDD76F288C35E1BFD0D96929A64E78C365A8C557C18DE61EF192C6C9EFF2F90"
"VanillaExpanded","VanillaExpanded.VGeneticsE","Vanilla Genetics Expanded","D:\Steam\steamapps\workshop\content\294100\2801160906","Textures\UI\GeneticsUI_Hexagon.png","VanillaExpanded\VanillaExpanded.VGeneticsE\Textures\UI\GeneticsUI_Hexagon.png","5308","B62A9BDEFB1884877B411D60F7EEEA68C2F080E0C5C13559EEC95D3DC2D0A6B5"
"VanillaExpanded","VanillaExpanded.VGeneticsE","Vanilla Genetics Expanded","D:\Steam\steamapps\workshop\content\294100\2801160906","Textures\UI\Icons\Genes\Chemicals\GR_ElectroEgg\AddictionImmune.png","VanillaExpanded\VanillaExpanded.VGeneticsE\Textures\UI\Icons\Genes\Chemicals\GR_ElectroEgg\AddictionImmune.png","5481","B39EF88E7C9E8A6606F6783307EEDFC2008EE2674F17DAF3373A8A2AB9F9E709"
"VanillaExpanded","VanillaExpanded.VGeneticsE","Vanilla Genetics Expanded","D:\Steam\steamapps\workshop\content\294100\2801160906","Textures\UI\Icons\Genes\Chemicals\GR_ElectroEgg\AddictionResistant.png","VanillaExpanded\VanillaExpanded.VGeneticsE\Textures\UI\Icons\Genes\Chemicals\GR_ElectroEgg\AddictionResistant.png","5075","145403C8FA410262F5973FBBB10E5241888B8868D1060688614B6A7F30458209"
"VanillaExpanded","VanillaExpanded.VGeneticsE","Vanilla Genetics Expanded","D:\Steam\steamapps\workshop\content\294100\2801160906","Textures\UI\Icons\Genes\Chemicals\GR_ElectroEgg\AddictionSensitivity.png","VanillaExpanded\VanillaExpanded.VGeneticsE\Textures\UI\Icons\Genes\Chemicals\GR_ElectroEgg\AddictionSensitivity.png","4153","DF37E3762657B37BE099C8857332093A0705D3D33E325437FF6F012E06DA265E"
"VanillaExpanded","VanillaExpanded.VGeneticsE","Vanilla Genetics Expanded","D:\Steam\steamapps\workshop\content\294100\2801160906","Textures\UI\Icons\Genes\Chemicals\GR_ElectroEgg\ChemicalDependency.png","VanillaExpanded\VanillaExpanded.VGeneticsE\Textures\UI\Icons\Genes\Chemicals\GR_ElectroEgg\ChemicalDependency.png","5752","7803CDE45F21C5ADFC90717AB5E7DB2CBCCA00840A6FABC5BF131532532D2505"
"VanillaExpanded","VanillaExpanded.VGeneticsE","Vanilla Genetics Expanded","D:\Steam\steamapps\workshop\content\294100\2801160906","Textures\UI\Icons\Genes\Chemicals\GR_Featherdust\AddictionImmune.png","VanillaExpanded\VanillaExpanded.VGeneticsE\Textures\UI\Icons\Genes\Chemicals\GR_Featherdust\AddictionImmune.png","4160","FAC14FAD14C7FC5239C99F31AE6526D444615E4EBB321DAF3C3946256D5E49E4"
"VanillaExpanded","VanillaExpanded.VGeneticsE","Vanilla Genetics Expanded","D:\Steam\steamapps\workshop\content\294100\2801160906","Textures\UI\Icons\Genes\Chemicals\GR_Featherdust\AddictionResistant.png","VanillaExpanded\VanillaExpanded.VGeneticsE\Textures\UI\Icons\Genes\Chemicals\GR_Featherdust\AddictionResistant.png","3702","83CC58D3F9BFD6E8CCB54B8E92D10291606695B34C924D2DCACFBF94A623D9E7"
"VanillaExpanded","VanillaExpanded.VGeneticsE","Vanilla Genetics Expanded","D:\Steam\steamapps\workshop\content\294100\2801160906","Textures\UI\Icons\Genes\Chemicals\GR_Featherdust\AddictionSensitivity.png","VanillaExpanded\VanillaExpanded.VGeneticsE\Textures\UI\Icons\Genes\Chemicals\GR_Featherdust\AddictionSensitivity.png","2906","25A3FF979C48601D453A589BC22BE0BC75563457E23837D1C528048B38BBCCA6"
"VanillaExpanded","VanillaExpanded.VGeneticsE","Vanilla Genetics Expanded","D:\Steam\steamapps\workshop\content\294100\2801160906","Textures\UI\Icons\Genes\Chemicals\GR_Featherdust\ChemicalDependency.png","VanillaExpanded\VanillaExpanded.VGeneticsE\Textures\UI\Icons\Genes\Chemicals\GR_Featherdust\ChemicalDependency.png","4838","CCB75BB98C7756D848EE361F0412ABB595DBEFB3F77EB086F80789E40031885B"
"VanillaExpanded","VanillaExpanded.VGeneticsE","Vanilla Genetics Expanded","D:\Steam\steamapps\workshop\content\294100\2801160906","Textures\UI\Memes\CarefulGeneticist.png","VanillaExpanded\VanillaExpanded.VGeneticsE\Textures\UI\Memes\CarefulGeneticist.png","4454","858A15888DD2C114CBE9A959764FFD7277160DC5EE55AFD82EA013B8BE0CAB5C"
"VanillaExpanded","VanillaExpanded.VGeneticsE","Vanilla Genetics Expanded","D:\Steam\steamapps\workshop\content\294100\2801160906","Textures\UI\Memes\MadScientist.png","VanillaExpanded\VanillaExpanded.VGeneticsE\Textures\UI\Memes\MadScientist.png","7870","D230F58E61EC88A37B71AFEC05A0B3B4F7B18CFB3C48FA0221712493BC75116A"
"VanillaExpanded","VanillaExpanded.VGeneticsE","Vanilla Genetics Expanded","D:\Steam\steamapps\workshop\content\294100\2801160906","Textures\UI\Precepts\GR_Failures.png","VanillaExpanded\VanillaExpanded.VGeneticsE\Textures\UI\Precepts\GR_Failures.png","5704","3FC24DCC04143F4A59E6E1A6D2E6F90F85AD2581B1B4E88E80B34DCFD75D30FE"
"VanillaExpanded","VanillaExpanded.VGeneticsE","Vanilla Genetics Expanded","D:\Steam\steamapps\workshop\content\294100\2801160906","Textures\UI\Precepts\GR_HumanoidHybrids.png","VanillaExpanded\VanillaExpanded.VGeneticsE\Textures\UI\Precepts\GR_HumanoidHybrids.png","4821","60BA331833E05960AABD28F2F298056C24464EA5735946D051BEE30985F7C2D0"
"VanillaExpanded","VanillaExpanded.VGeneticsE","Vanilla Genetics Expanded","D:\Steam\steamapps\workshop\content\294100\2801160906","Textures\UI\Precepts\GR_WorktableSpeeds.png","VanillaExpanded\VanillaExpanded.VGeneticsE\Textures\UI\Precepts\GR_WorktableSpeeds.png","4667","5ABF50138A1AD9D08BD6D71D0D056CD060852F5176AF0BED514AB9F65D9586EA"
"VanillaExpanded","VanillaExpanded.VHE","Vanilla Hair Expanded","D:\Steam\steamapps\workshop\content\294100\1888705256","Textures\UI\Misc\BlankUICol.png","VanillaExpanded\VanillaExpanded.VHE\Textures\UI\Misc\BlankUICol.png","770","56B6984E4695B0B9E295EF2D75545241CDF6CACF2E96F92494806FBC8FBD6CF7"
"VanillaExpanded","VanillaExpanded.VHE","Vanilla Hair Expanded","D:\Steam\steamapps\workshop\content\294100\1888705256","Textures\UI\VELogo.png","VanillaExpanded\VanillaExpanded.VHE\Textures\UI\VELogo.png","3986","1DE032A3CDB58DAABA3654C9188680D41C3E69992BF6F50250BE2CD31B155ED6"
"VanillaExpanded","VanillaExpanded.VMemesE","Vanilla Ideology Expanded - Memes and Structures","D:\Steam\steamapps\workshop\content\294100\2636329500","Textures\Things\Building\BuildingStyles\Serketist\WallLamp\VME_SerketistWallLamp_Icon.png","VanillaExpanded\VanillaExpanded.VMemesE\Textures\Things\Building\BuildingStyles\Serketist\WallLamp\VME_SerketistWallLamp_Icon.png","2744","DFA52FC01EC2DCD9D58E204505B1C248F0758B6033A665E0E41DD75CD18ADD60"
"VanillaExpanded","VanillaExpanded.VMemesE","Vanilla Ideology Expanded - Memes and Structures","D:\Steam\steamapps\workshop\content\294100\2636329500","Textures\UI\Abilities\CancelUninstallAncientJunk.png","VanillaExpanded\VanillaExpanded.VMemesE\Textures\UI\Abilities\CancelUninstallAncientJunk.png","15753","8B286D285EAAB50A5A1ECEBF50BCA660C5733B97C5A76C7A099FD7333946B472"
"VanillaExpanded","VanillaExpanded.VMemesE","Vanilla Ideology Expanded - Memes and Structures","D:\Steam\steamapps\workshop\content\294100\2636329500","Textures\UI\Abilities\ConstructNest.png","VanillaExpanded\VanillaExpanded.VMemesE\Textures\UI\Abilities\ConstructNest.png","9964","256648A8C7A92EA75DC6319A9FF589F03BDE61C43062EB8F6210D33F299C6CA3"
"VanillaExpanded","VanillaExpanded.VMemesE","Vanilla Ideology Expanded - Memes and Structures","D:\Steam\steamapps\workshop\content\294100\2636329500","Textures\UI\Abilities\EnableSelfDestruct.png","VanillaExpanded\VanillaExpanded.VMemesE\Textures\UI\Abilities\EnableSelfDestruct.png","6366","26CDB3EC7777FC219FC2A4F00902F3D0B08ABE83380767BB2BB1E1B6FAF96672"
"VanillaExpanded","VanillaExpanded.VMemesE","Vanilla Ideology Expanded - Memes and Structures","D:\Steam\steamapps\workshop\content\294100\2636329500","Textures\UI\Abilities\EnforceCompliance.png","VanillaExpanded\VanillaExpanded.VMemesE\Textures\UI\Abilities\EnforceCompliance.png","8922","041E1381061987808F55EE2A3C2EEE366A7B9F973DE19E851E0A037E8A28F51C"
"VanillaExpanded","VanillaExpanded.VMemesE","Vanilla Ideology Expanded - Memes and Structures","D:\Steam\steamapps\workshop\content\294100\2636329500","Textures\UI\Abilities\ExtractBodyPart.png","VanillaExpanded\VanillaExpanded.VMemesE\Textures\UI\Abilities\ExtractBodyPart.png","9381","89D3F8E62359F2F7BE362E77D8E61ED20B6889E1F683DDA7D02A6D13B2E92195"
"VanillaExpanded","VanillaExpanded.VMemesE","Vanilla Ideology Expanded - Memes and Structures","D:\Steam\steamapps\workshop\content\294100\2636329500","Textures\UI\Abilities\MakeADessert.png","VanillaExpanded\VanillaExpanded.VMemesE\Textures\UI\Abilities\MakeADessert.png","10607","C7BBD4F7A5185500FFD1C12AA21552658C774830A316B686F73FDB0B4044E55E"
"VanillaExpanded","VanillaExpanded.VMemesE","Vanilla Ideology Expanded - Memes and Structures","D:\Steam\steamapps\workshop\content\294100\2636329500","Textures\UI\Abilities\MedicalEmergency.png","VanillaExpanded\VanillaExpanded.VMemesE\Textures\UI\Abilities\MedicalEmergency.png","2735","B0653AFB4605A51DC56C56FF2D5F32F13555E17715E8E45907AD4929D78EB3EF"
"VanillaExpanded","VanillaExpanded.VMemesE","Vanilla Ideology Expanded - Memes and Structures","D:\Steam\steamapps\workshop\content\294100\2636329500","Textures\UI\Abilities\StrengthenFlame.png","VanillaExpanded\VanillaExpanded.VMemesE\Textures\UI\Abilities\StrengthenFlame.png","9711","B9C19A8CBE55A36257F2875F81F31375E4DF860664D5C01354C37C96EFC89691"
"VanillaExpanded","VanillaExpanded.VMemesE","Vanilla Ideology Expanded - Memes and Structures","D:\Steam\steamapps\workshop\content\294100\2636329500","Textures\UI\Abilities\SummonTrader.png","VanillaExpanded\VanillaExpanded.VMemesE\Textures\UI\Abilities\SummonTrader.png","7770","89C05A13DF80AD2BAE17E79346B3C24C92B84B6DC13338457BAB28EDFBCAD1ED"
"VanillaExpanded","VanillaExpanded.VMemesE","Vanilla Ideology Expanded - Memes and Structures","D:\Steam\steamapps\workshop\content\294100\2636329500","Textures\UI\Abilities\TameInsectoid.png","VanillaExpanded\VanillaExpanded.VMemesE\Textures\UI\Abilities\TameInsectoid.png","10983","F4A8FE78542D0EE800D6C2303398782A553EE9F083CB19802DFF4EB2D85FEC02"
"VanillaExpanded","VanillaExpanded.VMemesE","Vanilla Ideology Expanded - Memes and Structures","D:\Steam\steamapps\workshop\content\294100\2636329500","Textures\UI\Abilities\ThrowAParty.png","VanillaExpanded\VanillaExpanded.VMemesE\Textures\UI\Abilities\ThrowAParty.png","8525","513D3B9DC6C206829CE3A8789D218961C901771A1FE4710C37966C11AB2CBB3A"
"VanillaExpanded","VanillaExpanded.VMemesE","Vanilla Ideology Expanded - Memes and Structures","D:\Steam\steamapps\workshop\content\294100\2636329500","Textures\UI\Abilities\UninstallAncientJunk.png","VanillaExpanded\VanillaExpanded.VMemesE\Textures\UI\Abilities\UninstallAncientJunk.png","2503","E0E4B8B50324D4F2CD953C8DDF7E293D60BB4FC606FEA6326EE8FC942261CF4D"
"VanillaExpanded","VanillaExpanded.VMemesE","Vanilla Ideology Expanded - Memes and Structures","D:\Steam\steamapps\workshop\content\294100\2636329500","Textures\UI\Abilities\WorkCommand.png","VanillaExpanded\VanillaExpanded.VMemesE\Textures\UI\Abilities\WorkCommand.png","18015","2ECB0CFFFBD320CAABBF2CEC0194E7C8D1A47BC0B1910A2457C7B8EE471EA7CF"
"VanillaExpanded","VanillaExpanded.VMemesE","Vanilla Ideology Expanded - Memes and Structures","D:\Steam\steamapps\workshop\content\294100\2636329500","Textures\UI\Issues\AnonymityPrecept.png","VanillaExpanded\VanillaExpanded.VMemesE\Textures\UI\Issues\AnonymityPrecept.png","2293","25EF8C32A4B07EA152A80984A123099FC904B0D977BD16D56EC596444E3F3FD6"
"VanillaExpanded","VanillaExpanded.VMemesE","Vanilla Ideology Expanded - Memes and Structures","D:\Steam\steamapps\workshop\content\294100\2636329500","Textures\UI\Issues\Aurora.png","VanillaExpanded\VanillaExpanded.VMemesE\Textures\UI\Issues\Aurora.png","3334","C0B54ED3EFA7119F9757E4CC22BBAF6E610D3F7A28EEB97C6D978C2D8F9DEE1B"
"VanillaExpanded","VanillaExpanded.VMemesE","Vanilla Ideology Expanded - Memes and Structures","D:\Steam\steamapps\workshop\content\294100\2636329500","Textures\UI\Issues\AutomationEfficiency.png","VanillaExpanded\VanillaExpanded.VMemesE\Textures\UI\Issues\AutomationEfficiency.png","2844","AB748089B9DAED05D9B9B2018BD45C6C59278ECEEF06132D49E5A223FBF989C5"
"VanillaExpanded","VanillaExpanded.VMemesE","Vanilla Ideology Expanded - Memes and Structures","D:\Steam\steamapps\workshop\content\294100\2636329500","Textures\UI\Issues\BeingRecruited.png","VanillaExpanded\VanillaExpanded.VMemesE\Textures\UI\Issues\BeingRecruited.png","2622","9C3CA5A29BA0D6B4EC58571119B9283BB92C4BAA9CC2DEB7201EF40A8D65ABED"
"VanillaExpanded","VanillaExpanded.VMemesE","Vanilla Ideology Expanded - Memes and Structures","D:\Steam\steamapps\workshop\content\294100\2636329500","Textures\UI\Issues\BookReading.png","VanillaExpanded\VanillaExpanded.VMemesE\Textures\UI\Issues\BookReading.png","2284","D4BAF9CF6AEA5A3220F4326831098C91C186B742764DCCB23758E2F42B195D38"
"VanillaExpanded","VanillaExpanded.VMemesE","Vanilla Ideology Expanded - Memes and Structures","D:\Steam\steamapps\workshop\content\294100\2636329500","Textures\UI\Issues\BookWriting.png","VanillaExpanded\VanillaExpanded.VMemesE\Textures\UI\Issues\BookWriting.png","2415","29E88E9D13C255177DC19488AA411E18401B9DB15E4AFDD97EE9036E647F2EEC"
"VanillaExpanded","VanillaExpanded.VMemesE","Vanilla Ideology Expanded - Memes and Structures","D:\Steam\steamapps\workshop\content\294100\2636329500","Textures\UI\Issues\BuyingPrice.png","VanillaExpanded\VanillaExpanded.VMemesE\Textures\UI\Issues\BuyingPrice.png","2680","6B30BBDB34ECE1033AEE46240AD7115C9962B55E1043A368EFE3D1CB9CDE3576"
"VanillaExpanded","VanillaExpanded.VMemesE","Vanilla Ideology Expanded - Memes and Structures","D:\Steam\steamapps\workshop\content\294100\2636329500","Textures\UI\Issues\Corruption.png","VanillaExpanded\VanillaExpanded.VMemesE\Textures\UI\Issues\Corruption.png","3755","AF6FC2B31688241269A9292F1FD58ABAA619DB69CE72C95157C56944265C4466"
"VanillaExpanded","VanillaExpanded.VMemesE","Vanilla Ideology Expanded - Memes and Structures","D:\Steam\steamapps\workshop\content\294100\2636329500","Textures\UI\Issues\CraftingQuality.png","VanillaExpanded\VanillaExpanded.VMemesE\Textures\UI\Issues\CraftingQuality.png","2123","6DFA8E0C43E6198775A07554712DBEA3A87E76FF9CA15E73CEDF6EFC441CB40C"
"VanillaExpanded","VanillaExpanded.VMemesE","Vanilla Ideology Expanded - Memes and Structures","D:\Steam\steamapps\workshop\content\294100\2636329500","Textures\UI\Issues\CraftingSpeed.png","VanillaExpanded\VanillaExpanded.VMemesE\Textures\UI\Issues\CraftingSpeed.png","3110","2327FAF54B9035E04B15198D6C57742821A0F1DDAB05055A03C3D192F8778EBF"
"VanillaExpanded","VanillaExpanded.VMemesE","Vanilla Ideology Expanded - Memes and Structures","D:\Steam\steamapps\workshop\content\294100\2636329500","Textures\UI\Issues\Death.png","VanillaExpanded\VanillaExpanded.VMemesE\Textures\UI\Issues\Death.png","2191","44FDA8509E005423E986943A8D1205105A546F27B85E8928E258FDD3CF50A753"
"VanillaExpanded","VanillaExpanded.VMemesE","Vanilla Ideology Expanded - Memes and Structures","D:\Steam\steamapps\workshop\content\294100\2636329500","Textures\UI\Issues\DeconstructionYield.png","VanillaExpanded\VanillaExpanded.VMemesE\Textures\UI\Issues\DeconstructionYield.png","2784","682BC8F2B010F03A6870EABD4A1BD8B8BE7E61B9060CB3D0A1D3731BF496FEA5"
"VanillaExpanded","VanillaExpanded.VMemesE","Vanilla Ideology Expanded - Memes and Structures","D:\Steam\steamapps\workshop\content\294100\2636329500","Textures\UI\Issues\Defeat.png","VanillaExpanded\VanillaExpanded.VMemesE\Textures\UI\Issues\Defeat.png","2744","E52068DDD61D614C97DDC339BE4232E997EEB8B25193DBB44865EAD3937559D0"
"VanillaExpanded","VanillaExpanded.VMemesE","Vanilla Ideology Expanded - Memes and Structures","D:\Steam\steamapps\workshop\content\294100\2636329500","Textures\UI\Issues\DumbLabor.png","VanillaExpanded\VanillaExpanded.VMemesE\Textures\UI\Issues\DumbLabor.png","2604","E0BDD1890D546D8FB3A57CC2FAC041C421CE5C42EC8670F294D3DEA6CEAFE61E"
"VanillaExpanded","VanillaExpanded.VMemesE","Vanilla Ideology Expanded - Memes and Structures","D:\Steam\steamapps\workshop\content\294100\2636329500","Textures\UI\Issues\Elders.png","VanillaExpanded\VanillaExpanded.VMemesE\Textures\UI\Issues\Elders.png","2101","73CE943B2CDDF4DF72D60C4E247FA9B53410661BE5E35369FEF857B05B8B435A"
"VanillaExpanded","VanillaExpanded.VMemesE","Vanilla Ideology Expanded - Memes and Structures","D:\Steam\steamapps\workshop\content\294100\2636329500","Textures\UI\Issues\Expectations.png","VanillaExpanded\VanillaExpanded.VMemesE\Textures\UI\Issues\Expectations.png","2979","1B88ED2671D4FC10B25F26EB3E1FFB982BFCDCCBE9A8844446D34F1FBE61EDBC"
"VanillaExpanded","VanillaExpanded.VMemesE","Vanilla Ideology Expanded - Memes and Structures","D:\Steam\steamapps\workshop\content\294100\2636329500","Textures\UI\Issues\FarmingYield.png","VanillaExpanded\VanillaExpanded.VMemesE\Textures\UI\Issues\FarmingYield.png","2865","1E21637205F5EB2C2BCFEFA7C941FEC6A96D1DE74816AC1BBF14CA9DE9CE881B"
"VanillaExpanded","VanillaExpanded.VMemesE","Vanilla Ideology Expanded - Memes and Structures","D:\Steam\steamapps\workshop\content\294100\2636329500","Textures\UI\Issues\Fire.png","VanillaExpanded\VanillaExpanded.VMemesE\Textures\UI\Issues\Fire.png","2821","477B120D34A576790FA425ED2FD01B5B4549B205EDC6E17EA2F2884EC81EBFAC"
"VanillaExpanded","VanillaExpanded.VMemesE","Vanilla Ideology Expanded - Memes and Structures","D:\Steam\steamapps\workshop\content\294100\2636329500","Textures\UI\Issues\Firefighting.png","VanillaExpanded\VanillaExpanded.VMemesE\Textures\UI\Issues\Firefighting.png","3315","CB03AD3C22E87EA2843937F6D66D237DD8EF965DAC44F056CF0026EA29FEA581"
"VanillaExpanded","VanillaExpanded.VMemesE","Vanilla Ideology Expanded - Memes and Structures","D:\Steam\steamapps\workshop\content\294100\2636329500","Textures\UI\Issues\FishingYield.png","VanillaExpanded\VanillaExpanded.VMemesE\Textures\UI\Issues\FishingYield.png","3383","836CB423A47DEA8E16E86DBEEABDE69EDE8FA97FA8583B780647513A845EA9B5"
"VanillaExpanded","VanillaExpanded.VMemesE","Vanilla Ideology Expanded - Memes and Structures","D:\Steam\steamapps\workshop\content\294100\2636329500","Textures\UI\Issues\HelixienSlugs.png","VanillaExpanded\VanillaExpanded.VMemesE\Textures\UI\Issues\HelixienSlugs.png","2838","DEECA0410548B1E25D9F3E68E1D4B76532439CDC1C549FE65D68C442FE933258"
"VanillaExpanded","VanillaExpanded.VMemesE","Vanilla Ideology Expanded - Memes and Structures","D:\Steam\steamapps\workshop\content\294100\2636329500","Textures\UI\Issues\Hospital.png","VanillaExpanded\VanillaExpanded.VMemesE\Textures\UI\Issues\Hospital.png","1223","132C88783B151422CFCE51F67068D1C6635AF93C670D477B500C746F2FDA30E3"
"VanillaExpanded","VanillaExpanded.VMemesE","Vanilla Ideology Expanded - Memes and Structures","D:\Steam\steamapps\workshop\content\294100\2636329500","Textures\UI\Issues\Illness.png","VanillaExpanded\VanillaExpanded.VMemesE\Textures\UI\Issues\Illness.png","3976","AD36507880F69682DED67130DC19D79B8FAD5631B0A8AD7C5FE2E717CF009F3C"
"VanillaExpanded","VanillaExpanded.VMemesE","Vanilla Ideology Expanded - Memes and Structures","D:\Steam\steamapps\workshop\content\294100\2636329500","Textures\UI\Issues\Immunity.png","VanillaExpanded\VanillaExpanded.VMemesE\Textures\UI\Issues\Immunity.png","3019","F4B96753B8DACE056C22F6649197A14C4BB55F2A3D4EA92CE6C50F105275DBC6"
"VanillaExpanded","VanillaExpanded.VMemesE","Vanilla Ideology Expanded - Memes and Structures","D:\Steam\steamapps\workshop\content\294100\2636329500","Textures\UI\Issues\InsectJellyEating.png","VanillaExpanded\VanillaExpanded.VMemesE\Textures\UI\Issues\InsectJellyEating.png","3458","ABF38995BE84CC554039208A19B2A416B7FCE35A3E3226DFE5EB1AC9836DCF40"
"VanillaExpanded","VanillaExpanded.VMemesE","Vanilla Ideology Expanded - Memes and Structures","D:\Steam\steamapps\workshop\content\294100\2636329500","Textures\UI\Issues\Insectoids.png","VanillaExpanded\VanillaExpanded.VMemesE\Textures\UI\Issues\Insectoids.png","3796","F4002D1D57561D392E031B586AD8776E1C19555279B3DDB65483A481D11CE4CD"
"VanillaExpanded","VanillaExpanded.VMemesE","Vanilla Ideology Expanded - Memes and Structures","D:\Steam\steamapps\workshop\content\294100\2636329500","Textures\UI\Issues\Junk.png","VanillaExpanded\VanillaExpanded.VMemesE\Textures\UI\Issues\Junk.png","2406","6026572FB53F759518BD4923C95D4F478551CC43F25E8572652A0D4F7D60416A"
"VanillaExpanded","VanillaExpanded.VMemesE","Vanilla Ideology Expanded - Memes and Structures","D:\Steam\steamapps\workshop\content\294100\2636329500","Textures\UI\Issues\KillingWithFire.png","VanillaExpanded\VanillaExpanded.VMemesE\Textures\UI\Issues\KillingWithFire.png","2519","C91E450125E3B0066E6B62FEED6FF7BB0CC37C992D0A2C1AE3C7F10E86ED66B7"
"VanillaExpanded","VanillaExpanded.VMemesE","Vanilla Ideology Expanded - Memes and Structures","D:\Steam\steamapps\workshop\content\294100\2636329500","Textures\UI\Issues\Leader.png","VanillaExpanded\VanillaExpanded.VMemesE\Textures\UI\Issues\Leader.png","2936","A7DE037CD09DF37750BE0DF5587EDB92639A4B0C9E542C39A38140D35FEABB1A"
"VanillaExpanded","VanillaExpanded.VMemesE","Vanilla Ideology Expanded - Memes and Structures","D:\Steam\steamapps\workshop\content\294100\2636329500","Textures\UI\Issues\LeatherApparel.png","VanillaExpanded\VanillaExpanded.VMemesE\Textures\UI\Issues\LeatherApparel.png","2445","EDBED25FA4C29BCC94451F2EC3EBA4EC775BE3F457B83F0B8C8F7077C17113E9"
"VanillaExpanded","VanillaExpanded.VMemesE","Vanilla Ideology Expanded - Memes and Structures","D:\Steam\steamapps\workshop\content\294100\2636329500","Textures\UI\Issues\Mechanoids.png","VanillaExpanded\VanillaExpanded.VMemesE\Textures\UI\Issues\Mechanoids.png","2801","47BAA1FE30C1D41738308FCFAA946F75B02BFDB6DC01A02390E48A755B97700A"
"VanillaExpanded","VanillaExpanded.VMemesE","Vanilla Ideology Expanded - Memes and Structures","D:\Steam\steamapps\workshop\content\294100\2636329500","Textures\UI\Issues\Meditation.png","VanillaExpanded\VanillaExpanded.VMemesE\Textures\UI\Issues\Meditation.png","2351","0AEA3A3252114CD8518F15E762996A054199C99FF6369662437F133F23958DD9"
"VanillaExpanded","VanillaExpanded.VMemesE","Vanilla Ideology Expanded - Memes and Structures","D:\Steam\steamapps\workshop\content\294100\2636329500","Textures\UI\Issues\Mood.png","VanillaExpanded\VanillaExpanded.VMemesE\Textures\UI\Issues\Mood.png","2913","BC9E300031771E12C86984960C35CAD537A163D203C8F2FEB11AEC731BA09473"
"VanillaExpanded","VanillaExpanded.VMemesE","Vanilla Ideology Expanded - Memes and Structures","D:\Steam\steamapps\workshop\content\294100\2636329500","Textures\UI\Issues\PermanentBases.png","VanillaExpanded\VanillaExpanded.VMemesE\Textures\UI\Issues\PermanentBases.png","1020","3C17032EED7B1AB4ABCBA55F8022CB5C5769035753DE6314C887AC46545CE2F5"
"VanillaExpanded","VanillaExpanded.VMemesE","Vanilla Ideology Expanded - Memes and Structures","D:\Steam\steamapps\workshop\content\294100\2636329500","Textures\UI\Issues\PermitCooldown.png","VanillaExpanded\VanillaExpanded.VMemesE\Textures\UI\Issues\PermitCooldown.png","7940","1033CA137BF2A6F85A3A0B9867F5A0BB96F031079552AA344C4955D8CA180D0B"
"VanillaExpanded","VanillaExpanded.VMemesE","Vanilla Ideology Expanded - Memes and Structures","D:\Steam\steamapps\workshop\content\294100\2636329500","Textures\UI\Issues\PermitCost.png","VanillaExpanded\VanillaExpanded.VMemesE\Textures\UI\Issues\PermitCost.png","7192","01F5DF20D394958F7B8D4025FE2349FA8ADF46B9015BCB75D63EAA9152B63D1C"
"VanillaExpanded","VanillaExpanded.VMemesE","Vanilla Ideology Expanded - Memes and Structures","D:\Steam\steamapps\workshop\content\294100\2636329500","Textures\UI\Issues\Power.png","VanillaExpanded\VanillaExpanded.VMemesE\Textures\UI\Issues\Power.png","3003","4FEEEF43D207C4BE6AB95A677DAF15A27EFBC10FBCCC4D823B23004C0047999F"
"VanillaExpanded","VanillaExpanded.VMemesE","Vanilla Ideology Expanded - Memes and Structures","D:\Steam\steamapps\workshop\content\294100\2636329500","Textures\UI\Issues\PsychicSensitivity.png","VanillaExpanded\VanillaExpanded.VMemesE\Textures\UI\Issues\PsychicSensitivity.png","2745","DA7C6959429959B8055224C8F0D310385AB476D8954F3F8543151FCF52DA6050"
"VanillaExpanded","VanillaExpanded.VMemesE","Vanilla Ideology Expanded - Memes and Structures","D:\Steam\steamapps\workshop\content\294100\2636329500","Textures\UI\Issues\PsyfocusGain.png","VanillaExpanded\VanillaExpanded.VMemesE\Textures\UI\Issues\PsyfocusGain.png","2732","BD5C1C169700E64A4CD86832A5E7A2C6CDD347F3187053587C0BB8B9BE01CDC2"
"VanillaExpanded","VanillaExpanded.VMemesE","Vanilla Ideology Expanded - Memes and Structures","D:\Steam\steamapps\workshop\content\294100\2636329500","Textures\UI\Issues\Recreation.png","VanillaExpanded\VanillaExpanded.VMemesE\Textures\UI\Issues\Recreation.png","2986","FA28E89967F7952F506260A8C5AF7020656A84F846F8CD690409C096ED97D742"
"VanillaExpanded","VanillaExpanded.VMemesE","Vanilla Ideology Expanded - Memes and Structures","D:\Steam\steamapps\workshop\content\294100\2636329500","Textures\UI\Issues\Recruit.png","VanillaExpanded\VanillaExpanded.VMemesE\Textures\UI\Issues\Recruit.png","2170","CFD2E66366701A9C85896D473517827393FC4F7B529542EC54C5BF0EE926C7B8"
"VanillaExpanded","VanillaExpanded.VMemesE","Vanilla Ideology Expanded - Memes and Structures","D:\Steam\steamapps\workshop\content\294100\2636329500","Textures\UI\Issues\RoyaltyPrecept.png","VanillaExpanded\VanillaExpanded.VMemesE\Textures\UI\Issues\RoyaltyPrecept.png","5313","08E25E94ABC6D284AFE3EE9CCD9D861F475DE4923740BD4600ED1DACA0B5FCE3"
"VanillaExpanded","VanillaExpanded.VMemesE","Vanilla Ideology Expanded - Memes and Structures","D:\Steam\steamapps\workshop\content\294100\2636329500","Textures\UI\Issues\Scars.png","VanillaExpanded\VanillaExpanded.VMemesE\Textures\UI\Issues\Scars.png","3076","40E298D11D94DA5977310A9B5C447A1D08CDB3036102DEECB91A71130E7F54E2"
"VanillaExpanded","VanillaExpanded.VMemesE","Vanilla Ideology Expanded - Memes and Structures","D:\Steam\steamapps\workshop\content\294100\2636329500","Textures\UI\Issues\SellingPrice.png","VanillaExpanded\VanillaExpanded.VMemesE\Textures\UI\Issues\SellingPrice.png","2704","AC9536B7DC41869B3A824267F5FC03E68E7302C042E2DD5557C813A6A3F91D52"
"VanillaExpanded","VanillaExpanded.VMemesE","Vanilla Ideology Expanded - Memes and Structures","D:\Steam\steamapps\workshop\content\294100\2636329500","Textures\UI\Issues\SkilledLabor.png","VanillaExpanded\VanillaExpanded.VMemesE\Textures\UI\Issues\SkilledLabor.png","3130","B02A69F7881CC6BBCC95FE5A852CB21580F4A7D7B842958B8ADA3F3C82A85F7B"
"VanillaExpanded","VanillaExpanded.VMemesE","Vanilla Ideology Expanded - Memes and Structures","D:\Steam\steamapps\workshop\content\294100\2636329500","Textures\UI\Issues\SocialInteractions.png","VanillaExpanded\VanillaExpanded.VMemesE\Textures\UI\Issues\SocialInteractions.png","2451","D787DBE3C26520EFA83240B8866F0118EF813946C0586C1C113AB24FE47F9C33"
"VanillaExpanded","VanillaExpanded.VMemesE","Vanilla Ideology Expanded - Memes and Structures","D:\Steam\steamapps\workshop\content\294100\2636329500","Textures\UI\Issues\Sweets.png","VanillaExpanded\VanillaExpanded.VMemesE\Textures\UI\Issues\Sweets.png","3651","906AC293D4E2ED9126AA3F297B2BCC6344FD103FA453B8DC2865B0AFAAF7873F"
"VanillaExpanded","VanillaExpanded.VMemesE","Vanilla Ideology Expanded - Memes and Structures","D:\Steam\steamapps\workshop\content\294100\2636329500","Textures\UI\Issues\TaintedApparel.png","VanillaExpanded\VanillaExpanded.VMemesE\Textures\UI\Issues\TaintedApparel.png","3614","B770D610DE9FE5B72ECAF10775988556D0D8503D6236F4C6B2058AA82790F119"
"VanillaExpanded","VanillaExpanded.VMemesE","Vanilla Ideology Expanded - Memes and Structures","D:\Steam\steamapps\workshop\content\294100\2636329500","Textures\UI\Issues\TatteredApparel.png","VanillaExpanded\VanillaExpanded.VMemesE\Textures\UI\Issues\TatteredApparel.png","3740","169C63DE732979FB673467D38147076FEEC51EA117C64668A3A46206106DE9A1"
"VanillaExpanded","VanillaExpanded.VMemesE","Vanilla Ideology Expanded - Memes and Structures","D:\Steam\steamapps\workshop\content\294100\2636329500","Textures\UI\Issues\TendQuality.png","VanillaExpanded\VanillaExpanded.VMemesE\Textures\UI\Issues\TendQuality.png","3428","2D7588CD71E40C73EEEF7A8CFD6367AC8DC392D2990A3AEA9BC91B6D1C77F675"
"VanillaExpanded","VanillaExpanded.VMemesE","Vanilla Ideology Expanded - Memes and Structures","D:\Steam\steamapps\workshop\content\294100\2636329500","Textures\UI\Issues\TitlesPrecept.png","VanillaExpanded\VanillaExpanded.VMemesE\Textures\UI\Issues\TitlesPrecept.png","5391","3AFABE4047F53033F3C0484E9DC21E0348CD77E0429B9D4A14C2439029CC9850"
"VanillaExpanded","VanillaExpanded.VMemesE","Vanilla Ideology Expanded - Memes and Structures","D:\Steam\steamapps\workshop\content\294100\2636329500","Textures\UI\Issues\Trading.png","VanillaExpanded\VanillaExpanded.VMemesE\Textures\UI\Issues\Trading.png","3632","D330A73FC6B786A0C43EB6C196099DA273B40F3D80C3D6E397434DAB60786F7A"
"VanillaExpanded","VanillaExpanded.VMemesE","Vanilla Ideology Expanded - Memes and Structures","D:\Steam\steamapps\workshop\content\294100\2636329500","Textures\UI\Issues\Travel.png","VanillaExpanded\VanillaExpanded.VMemesE\Textures\UI\Issues\Travel.png","1510","76F6596C5BA4DEBB7BD6C84298DC31B575AB43DF8D4EB6270FDFCB8C001B7EBF"
"VanillaExpanded","VanillaExpanded.VMemesE","Vanilla Ideology Expanded - Memes and Structures","D:\Steam\steamapps\workshop\content\294100\2636329500","Textures\UI\Issues\ViolentConversion.png","VanillaExpanded\VanillaExpanded.VMemesE\Textures\UI\Issues\ViolentConversion.png","2934","73B1F3A64EAEE55637B9A9B7669895A9BFF80B399F2A4CAD14003C2D9E33262F"
"VanillaExpanded","VanillaExpanded.VMemesE","Vanilla Ideology Expanded - Memes and Structures","D:\Steam\steamapps\workshop\content\294100\2636329500","Textures\UI\Issues\VME_Alcohol.png","VanillaExpanded\VanillaExpanded.VMemesE\Textures\UI\Issues\VME_Alcohol.png","2398","45D74377130FAB3E2AD5275B3A6A6148E599C9840E1DF7543F601FCD72BB5D94"
"VanillaExpanded","VanillaExpanded.VMemesE","Vanilla Ideology Expanded - Memes and Structures","D:\Steam\steamapps\workshop\content\294100\2636329500","Textures\UI\Issues\VME_BookQuality.png","VanillaExpanded\VanillaExpanded.VMemesE\Textures\UI\Issues\VME_BookQuality.png","3712","427BBEE28BC9AB6FE5CB4804D3E073A71ED6B91909AF76D3D90A41A853B7E887"
"VanillaExpanded","VanillaExpanded.VMemesE","Vanilla Ideology Expanded - Memes and Structures","D:\Steam\steamapps\workshop\content\294100\2636329500","Textures\UI\Issues\VME_LeaderAbilities.png","VanillaExpanded\VanillaExpanded.VMemesE\Textures\UI\Issues\VME_LeaderAbilities.png","3185","CBB3DD44DB63A0F194CC607FA266AC7B7F34FB11E1937E11A410FD53B6EA3423"
"VanillaExpanded","VanillaExpanded.VMemesE","Vanilla Ideology Expanded - Memes and Structures","D:\Steam\steamapps\workshop\content\294100\2636329500","Textures\UI\Issues\VME_LeaderDivinity.png","VanillaExpanded\VanillaExpanded.VMemesE\Textures\UI\Issues\VME_LeaderDivinity.png","4513","568C7E22D62B5AE955BBD2D644964E3F593ED213C344C94205FCE9F0B1FA7F42"
"VanillaExpanded","VanillaExpanded.VMemesE","Vanilla Ideology Expanded - Memes and Structures","D:\Steam\steamapps\workshop\content\294100\2636329500","Textures\UI\Issues\VME_Libraries.png","VanillaExpanded\VanillaExpanded.VMemesE\Textures\UI\Issues\VME_Libraries.png","1786","B9BEC741D58A8A611D1D435704D2D6823BA7F0F16EAB89D482145D83BFCAC4B9"
"VanillaExpanded","VanillaExpanded.VMemesE","Vanilla Ideology Expanded - Memes and Structures","D:\Steam\steamapps\workshop\content\294100\2636329500","Textures\UI\Issues\VME_ReadingSpeed.png","VanillaExpanded\VanillaExpanded.VMemesE\Textures\UI\Issues\VME_ReadingSpeed.png","3959","F0701EACD47FF75784589500740C53276F1912E73D31F1C5916E7C18A627E968"
"VanillaExpanded","VanillaExpanded.VMemesE","Vanilla Ideology Expanded - Memes and Structures","D:\Steam\steamapps\workshop\content\294100\2636329500","Textures\UI\Issues\VME_Violence.png","VanillaExpanded\VanillaExpanded.VMemesE\Textures\UI\Issues\VME_Violence.png","2482","AA21E88A46DF47DA33F2D37E62C6A39F957EE6EA6FD5D77473F9A2069D4CBEA8"
"VanillaExpanded","VanillaExpanded.VMemesE","Vanilla Ideology Expanded - Memes and Structures","D:\Steam\steamapps\workshop\content\294100\2636329500","Textures\UI\Issues\VME_WritingSpeed.png","VanillaExpanded\VanillaExpanded.VMemesE\Textures\UI\Issues\VME_WritingSpeed.png","4190","E5C526ACB59F8412BC374E4CC9BEF53FF60F935444011664F2B5FEF6739984A1"
"VanillaExpanded","VanillaExpanded.VMemesE","Vanilla Ideology Expanded - Memes and Structures","D:\Steam\steamapps\workshop\content\294100\2636329500","Textures\UI\Issues\WoocuttingYield.png","VanillaExpanded\VanillaExpanded.VMemesE\Textures\UI\Issues\WoocuttingYield.png","2502","499D42C78CDE841B302197EC513985FAC59B05A5736986F82FE35FD87E0E4671"
"VanillaExpanded","VanillaExpanded.VMemesE","Vanilla Ideology Expanded - Memes and Structures","D:\Steam\steamapps\workshop\content\294100\2636329500","Textures\UI\Memes\Anonymity.png","VanillaExpanded\VanillaExpanded.VMemesE\Textures\UI\Memes\Anonymity.png","7380","A4090BCA4864C029CF1D29F0A43EFF09AAE4463EEAA62355BA3A54F5F8AD6DC4"
"VanillaExpanded","VanillaExpanded.VMemesE","Vanilla Ideology Expanded - Memes and Structures","D:\Steam\steamapps\workshop\content\294100\2636329500","Textures\UI\Memes\Aristocratic.png","VanillaExpanded\VanillaExpanded.VMemesE\Textures\UI\Memes\Aristocratic.png","5665","E4C621D8882CE03BA2FA4BA6A85D59292EA2604992206ECA5CCFCA083F59E56E"
"VanillaExpanded","VanillaExpanded.VMemesE","Vanilla Ideology Expanded - Memes and Structures","D:\Steam\steamapps\workshop\content\294100\2636329500","Textures\UI\Memes\Astrology.png","VanillaExpanded\VanillaExpanded.VMemesE\Textures\UI\Memes\Astrology.png","6393","A68FA99E50AB98B06CE5AAEA9F95BC061CA236D5E1D94EFC5CB9EEC304BF6520"
"VanillaExpanded","VanillaExpanded.VMemesE","Vanilla Ideology Expanded - Memes and Structures","D:\Steam\steamapps\workshop\content\294100\2636329500","Textures\UI\Memes\BloodCourt.png","VanillaExpanded\VanillaExpanded.VMemesE\Textures\UI\Memes\BloodCourt.png","6970","4574020B1826C88EE848314A2FE3DBDE951ABF61C68BE974D696E137916B1FB6"
"VanillaExpanded","VanillaExpanded.VMemesE","Vanilla Ideology Expanded - Memes and Structures","D:\Steam\steamapps\workshop\content\294100\2636329500","Textures\UI\Memes\Bushido.png","VanillaExpanded\VanillaExpanded.VMemesE\Textures\UI\Memes\Bushido.png","8649","C1C806D8F8738AAD292ED3A62B34AE121646A629EC7A9DADF042FBBC3AAD24C0"
"VanillaExpanded","VanillaExpanded.VMemesE","Vanilla Ideology Expanded - Memes and Structures","D:\Steam\steamapps\workshop\content\294100\2636329500","Textures\UI\Memes\CarefulGeneticist.png","VanillaExpanded\VanillaExpanded.VMemesE\Textures\UI\Memes\CarefulGeneticist.png","4454","858A15888DD2C114CBE9A959764FFD7277160DC5EE55AFD82EA013B8BE0CAB5C"
"VanillaExpanded","VanillaExpanded.VMemesE","Vanilla Ideology Expanded - Memes and Structures","D:\Steam\steamapps\workshop\content\294100\2636329500","Textures\UI\Memes\CityBuilders.png","VanillaExpanded\VanillaExpanded.VMemesE\Textures\UI\Memes\CityBuilders.png","5502","9CB93B4D315891F64006CB64F8DBD60F826C854A75873EB44EF367CA0ED99961"
"VanillaExpanded","VanillaExpanded.VMemesE","Vanilla Ideology Expanded - Memes and Structures","D:\Steam\steamapps\workshop\content\294100\2636329500","Textures\UI\Memes\CraftCulture.png","VanillaExpanded\VanillaExpanded.VMemesE\Textures\UI\Memes\CraftCulture.png","6829","7EA748CBB7DEE14FD5FB00AC0462B2B56C3A51AE4E58A01A94D03C2AE03CE9D2"
"VanillaExpanded","VanillaExpanded.VMemesE","Vanilla Ideology Expanded - Memes and Structures","D:\Steam\steamapps\workshop\content\294100\2636329500","Textures\UI\Memes\Cultured.png","VanillaExpanded\VanillaExpanded.VMemesE\Textures\UI\Memes\Cultured.png","5325","F93D791B209E4B8FCD46B535EFE7CD4E50D6FEA4FED518991D103B132EE6225B"
"VanillaExpanded","VanillaExpanded.VMemesE","Vanilla Ideology Expanded - Memes and Structures","D:\Steam\steamapps\workshop\content\294100\2636329500","Textures\UI\Memes\Egalitarian.png","VanillaExpanded\VanillaExpanded.VMemesE\Textures\UI\Memes\Egalitarian.png","10268","88CE1D4B00DDBFEBEA8A5BC48F3CB38723ED907C7E4238000A6EE273C6D86C52"
"VanillaExpanded","VanillaExpanded.VMemesE","Vanilla Ideology Expanded - Memes and Structures","D:\Steam\steamapps\workshop\content\294100\2636329500","Textures\UI\Memes\Elders.png","VanillaExpanded\VanillaExpanded.VMemesE\Textures\UI\Memes\Elders.png","8566","5F747670850493E5760B47A42DA12025A6326007149BB724FB7F95C4CF75E6AB"
"VanillaExpanded","VanillaExpanded.VMemesE","Vanilla Ideology Expanded - Memes and Structures","D:\Steam\steamapps\workshop\content\294100\2636329500","Textures\UI\Memes\ExaltedPriesthood.png","VanillaExpanded\VanillaExpanded.VMemesE\Textures\UI\Memes\ExaltedPriesthood.png","5951","18856F4CDC6E3E83326802B7955A7EFDBD69914FCEB966A0235612EF9B244E7F"
"VanillaExpanded","VanillaExpanded.VMemesE","Vanilla Ideology Expanded - Memes and Structures","D:\Steam\steamapps\workshop\content\294100\2636329500","Textures\UI\Memes\FireWorship.png","VanillaExpanded\VanillaExpanded.VMemesE\Textures\UI\Memes\FireWorship.png","4906","1ED646B3DBD88E6E59DA78A226C249799072C5A254C52689B179E07AEE4DF497"
"VanillaExpanded","VanillaExpanded.VMemesE","Vanilla Ideology Expanded - Memes and Structures","D:\Steam\steamapps\workshop\content\294100\2636329500","Textures\UI\Memes\FishCulture.png","VanillaExpanded\VanillaExpanded.VMemesE\Textures\UI\Memes\FishCulture.png","7065","81D348E5D6CD77AED3C1E8CBD9496658A3223444903618971FE5B5C7081E838E"
"VanillaExpanded","VanillaExpanded.VMemesE","Vanilla Ideology Expanded - Memes and Structures","D:\Steam\steamapps\workshop\content\294100\2636329500","Textures\UI\Memes\Fleshcrafting.png","VanillaExpanded\VanillaExpanded.VMemesE\Textures\UI\Memes\Fleshcrafting.png","6303","2EB7AF35BBA4B4919925AA69C0EF5CF2454857EDEA839959ED7A89CF058EA591"
"VanillaExpanded","VanillaExpanded.VMemesE","Vanilla Ideology Expanded - Memes and Structures","D:\Steam\steamapps\workshop\content\294100\2636329500","Textures\UI\Memes\Gestalt.png","VanillaExpanded\VanillaExpanded.VMemesE\Textures\UI\Memes\Gestalt.png","2483","33E31C728743BF543E3C949CC6248C5A2FDC8E80DEEFD579CB288286CEB77D62"
"VanillaExpanded","VanillaExpanded.VMemesE","Vanilla Ideology Expanded - Memes and Structures","D:\Steam\steamapps\workshop\content\294100\2636329500","Textures\UI\Memes\GodEmperor.png","VanillaExpanded\VanillaExpanded.VMemesE\Textures\UI\Memes\GodEmperor.png","4820","3DFDC86436EA897B167336A59D6ACDDF1D9549D8421B2C73CEDF41F6C42D7041"
"VanillaExpanded","VanillaExpanded.VMemesE","Vanilla Ideology Expanded - Memes and Structures","D:\Steam\steamapps\workshop\content\294100\2636329500","Textures\UI\Memes\HardcoreIndustrialism.png","VanillaExpanded\VanillaExpanded.VMemesE\Textures\UI\Memes\HardcoreIndustrialism.png","6138","08688000A4561A388D76E9E32C8986EC2E4AE135CE241229734D0530707597D3"
"VanillaExpanded","VanillaExpanded.VMemesE","Vanilla Ideology Expanded - Memes and Structures","D:\Steam\steamapps\workshop\content\294100\2636329500","Textures\UI\Memes\Healthcare.png","VanillaExpanded\VanillaExpanded.VMemesE\Textures\UI\Memes\Healthcare.png","5814","18A5AB655CC72EFDF3D4777F6108CA822D9895E106B276BA281F5292FA251AB8"
"VanillaExpanded","VanillaExpanded.VMemesE","Vanilla Ideology Expanded - Memes and Structures","D:\Steam\steamapps\workshop\content\294100\2636329500","Textures\UI\Memes\HolyDiseases.png","VanillaExpanded\VanillaExpanded.VMemesE\Textures\UI\Memes\HolyDiseases.png","7589","46137998D53C31520521E832CA0E6EE2F61F0298403A8D6670D2CAD3BF8E3292"
"VanillaExpanded","VanillaExpanded.VMemesE","Vanilla Ideology Expanded - Memes and Structures","D:\Steam\steamapps\workshop\content\294100\2636329500","Textures\UI\Memes\InsectoidSupremacy.png","VanillaExpanded\VanillaExpanded.VMemesE\Textures\UI\Memes\InsectoidSupremacy.png","5859","4134D92EF045FC1B0A0DE6E3D618141F5BC02C07E0268979F8D66CE2834D7A82"
"VanillaExpanded","VanillaExpanded.VMemesE","Vanilla Ideology Expanded - Memes and Structures","D:\Steam\steamapps\workshop\content\294100\2636329500","Textures\UI\Memes\InwardPerfection.png","VanillaExpanded\VanillaExpanded.VMemesE\Textures\UI\Memes\InwardPerfection.png","9029","1644E3CAD82473EFF92A4EA52CBC6F214829E616146432B55482D13AEAAE5142"
"VanillaExpanded","VanillaExpanded.VMemesE","Vanilla Ideology Expanded - Memes and Structures","D:\Steam\steamapps\workshop\content\294100\2636329500","Textures\UI\Memes\Isolationist.png","VanillaExpanded\VanillaExpanded.VMemesE\Textures\UI\Memes\Isolationist.png","8063","1FC6EE56BBB03FA7547AECAD5EDE12087EEAAE0D7977725A0D4AFAED46F9A6C6"
"VanillaExpanded","VanillaExpanded.VMemesE","Vanilla Ideology Expanded - Memes and Structures","D:\Steam\steamapps\workshop\content\294100\2636329500","Textures\UI\Memes\Light.png","VanillaExpanded\VanillaExpanded.VMemesE\Textures\UI\Memes\Light.png","7354","52AB655AA4F08D5FD5CB79D08ECA437F23F00B2B46D017D4F56DF15C01C3E524"
"VanillaExpanded","VanillaExpanded.VMemesE","Vanilla Ideology Expanded - Memes and Structures","D:\Steam\steamapps\workshop\content\294100\2636329500","Textures\UI\Memes\MadScientist.png","VanillaExpanded\VanillaExpanded.VMemesE\Textures\UI\Memes\MadScientist.png","7870","D230F58E61EC88A37B71AFEC05A0B3B4F7B18CFB3C48FA0221712493BC75116A"
"VanillaExpanded","VanillaExpanded.VMemesE","Vanilla Ideology Expanded - Memes and Structures","D:\Steam\steamapps\workshop\content\294100\2636329500","Textures\UI\Memes\MechanoidSupremacy.png","VanillaExpanded\VanillaExpanded.VMemesE\Textures\UI\Memes\MechanoidSupremacy.png","6008","CA9F5630D0EAE6913727D7108C544F9B1C395ADEE2A6559ECE0C7A2595AF632A"
"VanillaExpanded","VanillaExpanded.VMemesE","Vanilla Ideology Expanded - Memes and Structures","D:\Steam\steamapps\workshop\content\294100\2636329500","Textures\UI\Memes\Nationalist.png","VanillaExpanded\VanillaExpanded.VMemesE\Textures\UI\Memes\Nationalist.png","8875","EA12A2564C2FD12A85A8148E41019835B2D5B58D73AED62B7C68E98205B4C5E2"
"VanillaExpanded","VanillaExpanded.VMemesE","Vanilla Ideology Expanded - Memes and Structures","D:\Steam\steamapps\workshop\content\294100\2636329500","Textures\UI\Memes\Nomad.png","VanillaExpanded\VanillaExpanded.VMemesE\Textures\UI\Memes\Nomad.png","9443","B2B7E13B01A5B93B7A43019825F0C69163BCEBA57B12061C171796E36AD78FC7"
"VanillaExpanded","VanillaExpanded.VMemesE","Vanilla Ideology Expanded - Memes and Structures","D:\Steam\steamapps\workshop\content\294100\2636329500","Textures\UI\Memes\Pacifist.png","VanillaExpanded\VanillaExpanded.VMemesE\Textures\UI\Memes\Pacifist.png","6755","364544A1C7860BBD60A7BEF3B4932641BD99E1E1E6B5813D45038BF0D1B7814C"
"VanillaExpanded","VanillaExpanded.VMemesE","Vanilla Ideology Expanded - Memes and Structures","D:\Steam\steamapps\workshop\content\294100\2636329500","Textures\UI\Memes\PartyLife.png","VanillaExpanded\VanillaExpanded.VMemesE\Textures\UI\Memes\PartyLife.png","9245","2DE3BC56BE0C0D891D544BC4CD03B23F91082C176452BF8449AAE5C3B2EACB78"
"VanillaExpanded","VanillaExpanded.VMemesE","Vanilla Ideology Expanded - Memes and Structures","D:\Steam\steamapps\workshop\content\294100\2636329500","Textures\UI\Memes\Progressive.png","VanillaExpanded\VanillaExpanded.VMemesE\Textures\UI\Memes\Progressive.png","8550","1215BF1CAB0482465CFE3DFA5FE53E20E20CCA40EBBDFD2C11B99C01AB89BBE3"
"VanillaExpanded","VanillaExpanded.VMemesE","Vanilla Ideology Expanded - Memes and Structures","D:\Steam\steamapps\workshop\content\294100\2636329500","Textures\UI\Memes\PsychicFocus.png","VanillaExpanded\VanillaExpanded.VMemesE\Textures\UI\Memes\PsychicFocus.png","7493","D68134C7741AD509516831B3CF4E9EDFB3186000525D093E50581BE310FD94EA"
"VanillaExpanded","VanillaExpanded.VMemesE","Vanilla Ideology Expanded - Memes and Structures","D:\Steam\steamapps\workshop\content\294100\2636329500","Textures\UI\Memes\Republic.png","VanillaExpanded\VanillaExpanded.VMemesE\Textures\UI\Memes\Republic.png","4650","C352428F1BA6C4BBF5C278703AA67F6FCBF59621DEB80C6F6196828C7FDF7E59"
"VanillaExpanded","VanillaExpanded.VMemesE","Vanilla Ideology Expanded - Memes and Structures","D:\Steam\steamapps\workshop\content\294100\2636329500","Textures\UI\Memes\Royal.png","VanillaExpanded\VanillaExpanded.VMemesE\Textures\UI\Memes\Royal.png","13347","CA5FC3C864B41528700EF2FFAF51F214C6ECC1EE91DAD9554F2C1FE58820945B"
"VanillaExpanded","VanillaExpanded.VMemesE","Vanilla Ideology Expanded - Memes and Structures","D:\Steam\steamapps\workshop\content\294100\2636329500","Textures\UI\Memes\Scrapper.png","VanillaExpanded\VanillaExpanded.VMemesE\Textures\UI\Memes\Scrapper.png","5857","E3A194F9F3FEDD29E4372109B9B7E72B4DA586FEC59B0FDE5314CA57D1DEF657"
"VanillaExpanded","VanillaExpanded.VMemesE","Vanilla Ideology Expanded - Memes and Structures","D:\Steam\steamapps\workshop\content\294100\2636329500","Textures\UI\Memes\SweetTeeth.png","VanillaExpanded\VanillaExpanded.VMemesE\Textures\UI\Memes\SweetTeeth.png","5728","DC40AAAF78EE8554FD3A8F4898610AEDFD387E6A25100631C75D03150D02F1D7"
"VanillaExpanded","VanillaExpanded.VMemesE","Vanilla Ideology Expanded - Memes and Structures","D:\Steam\steamapps\workshop\content\294100\2636329500","Textures\UI\Memes\Trader.png","VanillaExpanded\VanillaExpanded.VMemesE\Textures\UI\Memes\Trader.png","9207","41DD40CA24669DC26F002C781498772A4B7605DFC972BFEC391199BCF8D9D4A2"
"VanillaExpanded","VanillaExpanded.VMemesE","Vanilla Ideology Expanded - Memes and Structures","D:\Steam\steamapps\workshop\content\294100\2636329500","Textures\UI\Memes\Vegan.png","VanillaExpanded\VanillaExpanded.VMemesE\Textures\UI\Memes\Vegan.png","5901","31044AE17500CEBB6CB3022265EB3C0ABF8F8614215F4B681C97A0F91DE28427"
"VanillaExpanded","VanillaExpanded.VMemesE","Vanilla Ideology Expanded - Memes and Structures","D:\Steam\steamapps\workshop\content\294100\2636329500","Textures\UI\Memes\ViolentConversion.png","VanillaExpanded\VanillaExpanded.VMemesE\Textures\UI\Memes\ViolentConversion.png","7782","2BB72B1FE5A59E89BC0E8F3AB54DC7EA671E0D83DE662A619B642A23F9B6AC17"
"VanillaExpanded","VanillaExpanded.VMemesE","Vanilla Ideology Expanded - Memes and Structures","D:\Steam\steamapps\workshop\content\294100\2636329500","Textures\UI\Memes\VME_InsectoidMastery.png","VanillaExpanded\VanillaExpanded.VMemesE\Textures\UI\Memes\VME_InsectoidMastery.png","6185","0EC572C5066F8EAC468E1079E90AD735E728466E43FC576B788A58A82E6ED4F2"
"VanillaExpanded","VanillaExpanded.VMemesE","Vanilla Ideology Expanded - Memes and Structures","D:\Steam\steamapps\workshop\content\294100\2636329500","Textures\UI\Rituals\CelebrationBonfireBurning.png","VanillaExpanded\VanillaExpanded.VMemesE\Textures\UI\Rituals\CelebrationBonfireBurning.png","3510","D43CB7031382841EF65709A862BD5FEB6F5776BC95A674C6F82BE2258AD1F736"
"VanillaExpanded","VanillaExpanded.VMemesE","Vanilla Ideology Expanded - Memes and Structures","D:\Steam\steamapps\workshop\content\294100\2636329500","Textures\UI\Rituals\CelebrationCeremonialSuicide.png","VanillaExpanded\VanillaExpanded.VMemesE\Textures\UI\Rituals\CelebrationCeremonialSuicide.png","2283","E654CA542508CB3AC0F506BA5F60E04C1CAD8E4769E00616ECB89A0C8E5ACDD9"
"VanillaExpanded","VanillaExpanded.VMemesE","Vanilla Ideology Expanded - Memes and Structures","D:\Steam\steamapps\workshop\content\294100\2636329500","Textures\UI\Rituals\CelebrationIncantation.png","VanillaExpanded\VanillaExpanded.VMemesE\Textures\UI\Rituals\CelebrationIncantation.png","3706","DE38479046C0A512DA8283A6C1013C9F4BA03B8CEAE1F8750FE3EE47C4E61348"
"VanillaExpanded","VanillaExpanded.VMemesE","Vanilla Ideology Expanded - Memes and Structures","D:\Steam\steamapps\workshop\content\294100\2636329500","Textures\UI\Rituals\CelebrationInsectoidHymn.png","VanillaExpanded\VanillaExpanded.VMemesE\Textures\UI\Rituals\CelebrationInsectoidHymn.png","3553","9B3A0500F92C51A328A90E15CEE22DF27DEDBAFFA46099284C37101BBDFCC299"
"VanillaExpanded","VanillaExpanded.VMemesE","Vanilla Ideology Expanded - Memes and Structures","D:\Steam\steamapps\workshop\content\294100\2636329500","Textures\UI\Rituals\CelebrationLeadershipChallenge.png","VanillaExpanded\VanillaExpanded.VMemesE\Textures\UI\Rituals\CelebrationLeadershipChallenge.png","4117","C2151310BF3C1D8026A8CB3DB02AFEB6E6404320DA9C216D0CB1F0DD4CE676DB"
"VanillaExpanded","VanillaExpanded.VMemesE","Vanilla Ideology Expanded - Memes and Structures","D:\Steam\steamapps\workshop\content\294100\2636329500","Textures\UI\Rituals\CelebrationOrgy.png","VanillaExpanded\VanillaExpanded.VMemesE\Textures\UI\Rituals\CelebrationOrgy.png","4378","174123C24075844424E1BC1DAD999C13478CFB8D6FF159E1E66292C2455905E5"
"VanillaExpanded","VanillaExpanded.VMemesE","Vanilla Ideology Expanded - Memes and Structures","D:\Steam\steamapps\workshop\content\294100\2636329500","Textures\UI\Rituals\CelebrationPlagueFestival.png","VanillaExpanded\VanillaExpanded.VMemesE\Textures\UI\Rituals\CelebrationPlagueFestival.png","4096","DA040654E7D117985AEC17C1762605E76750DA17F6731FD2B08AF9C76666D55E"
"VanillaExpanded","VanillaExpanded.VMemesE","Vanilla Ideology Expanded - Memes and Structures","D:\Steam\steamapps\workshop\content\294100\2636329500","Textures\UI\Rituals\CelebrationStarDivination.png","VanillaExpanded\VanillaExpanded.VMemesE\Textures\UI\Rituals\CelebrationStarDivination.png","4318","0FA18546DD20C653345D7D86753D9DA49E89DE58B9839571758355F5877AC0E8"
"VanillaExpanded","VanillaExpanded.VMemesE","Vanilla Ideology Expanded - Memes and Structures","D:\Steam\steamapps\workshop\content\294100\2636329500","Textures\UI\Rituals\CelebrationTradingFair.png","VanillaExpanded\VanillaExpanded.VMemesE\Textures\UI\Rituals\CelebrationTradingFair.png","3977","81021E0818F3B2B41C392C148A78B181875EEC9A50C33C371E5679F61E244CDB"
"VanillaExpanded","VanillaExpanded.VMemesE","Vanilla Ideology Expanded - Memes and Structures","D:\Steam\steamapps\workshop\content\294100\2636329500","Textures\UI\Rituals\CelebrationWickermanBurning.png","VanillaExpanded\VanillaExpanded.VMemesE\Textures\UI\Rituals\CelebrationWickermanBurning.png","1505","4AFDCBD352DE1813468B386FC39289F0B0B6681B755EEB4FAC72761E59F05923"
"VanillaExpanded","VanillaExpanded.VMemesE","Vanilla Ideology Expanded - Memes and Structures","D:\Steam\steamapps\workshop\content\294100\2636329500","Textures\UI\Rituals\VME_AlphaMeme.png","VanillaExpanded\VanillaExpanded.VMemesE\Textures\UI\Rituals\VME_AlphaMeme.png","14518","4B17C2402A7432F32D82801AFADCE044598F9EFAA1667EC80B0740D105ED108C"
"VanillaExpanded","VanillaExpanded.VMemesE","Vanilla Ideology Expanded - Memes and Structures","D:\Steam\steamapps\workshop\content\294100\2636329500","Textures\UI\Rituals\VME_SlaveEmancipation.png","VanillaExpanded\VanillaExpanded.VMemesE\Textures\UI\Rituals\VME_SlaveEmancipation.png","5402","E52AC860FEAEC7FE400D41FE381083BFF8A9A45D968456BCA225B5540C3AA58A"
"VanillaExpanded","VanillaExpanded.VMemesE","Vanilla Ideology Expanded - Memes and Structures","D:\Steam\steamapps\workshop\content\294100\2636329500","Textures\UI\Roles\Commissar.png","VanillaExpanded\VanillaExpanded.VMemesE\Textures\UI\Roles\Commissar.png","4910","0D1601588733740C8CD152DDE5AA3743CE5FABCB6BEF3E54BE03A538D747AB2D"
"VanillaExpanded","VanillaExpanded.VMemesE","Vanilla Ideology Expanded - Memes and Structures","D:\Steam\steamapps\workshop\content\294100\2636329500","Textures\UI\Roles\FireKeeper.png","VanillaExpanded\VanillaExpanded.VMemesE\Textures\UI\Roles\FireKeeper.png","4427","3891BE10761F0CB69C6E297141AACA6BBAC1918C9A669BA5C7E82C2C0E9259E3"
"VanillaExpanded","VanillaExpanded.VMemesE","Vanilla Ideology Expanded - Memes and Structures","D:\Steam\steamapps\workshop\content\294100\2636329500","Textures\UI\Roles\Fleshcrafter.png","VanillaExpanded\VanillaExpanded.VMemesE\Textures\UI\Roles\Fleshcrafter.png","4133","F7C890EF2A45007460474C6884D2594E482A3C27C571D412B9B768FEB64CB715"
"VanillaExpanded","VanillaExpanded.VMemesE","Vanilla Ideology Expanded - Memes and Structures","D:\Steam\steamapps\workshop\content\294100\2636329500","Textures\UI\Roles\InsectoidHerder.png","VanillaExpanded\VanillaExpanded.VMemesE\Textures\UI\Roles\InsectoidHerder.png","4792","B8A119A9AE84FD94B7C0D3F2D1F11473CC5C5F64B9F33A9E9AA66C799EBAEBCD"
"VanillaExpanded","VanillaExpanded.VMemesE","Vanilla Ideology Expanded - Memes and Structures","D:\Steam\steamapps\workshop\content\294100\2636329500","Textures\UI\Roles\Majordomo.png","VanillaExpanded\VanillaExpanded.VMemesE\Textures\UI\Roles\Majordomo.png","8336","7D2081C42E1FD4CED70F7E65E0E59FCD5A3A2C98CD7A6B8A21E09A3021C86DAE"
"VanillaExpanded","VanillaExpanded.VMemesE","Vanilla Ideology Expanded - Memes and Structures","D:\Steam\steamapps\workshop\content\294100\2636329500","Textures\UI\Roles\Mechacker.png","VanillaExpanded\VanillaExpanded.VMemesE\Textures\UI\Roles\Mechacker.png","4064","69AD5FF028BCF402B50CB61FBEEFA3CD128734D9EE9D70C252EDB7BC100F4C9A"
"VanillaExpanded","VanillaExpanded.VMemesE","Vanilla Ideology Expanded - Memes and Structures","D:\Steam\steamapps\workshop\content\294100\2636329500","Textures\UI\Roles\Merchant.png","VanillaExpanded\VanillaExpanded.VMemesE\Textures\UI\Roles\Merchant.png","3459","50DECC67CE8063BFA8ADE21CAAC0847CB27C08C6EB9576EE47006DBADD5C5180"
"VanillaExpanded","VanillaExpanded.VMemesE","Vanilla Ideology Expanded - Memes and Structures","D:\Steam\steamapps\workshop\content\294100\2636329500","Textures\UI\Roles\Nurse.png","VanillaExpanded\VanillaExpanded.VMemesE\Textures\UI\Roles\Nurse.png","3441","C831F2EECF1A41FF68506CFE2541D55D13019DBD9BCD569A95AB58186DDD2574"
"VanillaExpanded","VanillaExpanded.VMemesE","Vanilla Ideology Expanded - Memes and Structures","D:\Steam\steamapps\workshop\content\294100\2636329500","Textures\UI\Roles\PartyHost.png","VanillaExpanded\VanillaExpanded.VMemesE\Textures\UI\Roles\PartyHost.png","4214","B090ECCB31A54C78A6820EABEEDAB9D014373AA27B127E58D0640F289E92C15F"
"VanillaExpanded","VanillaExpanded.VMemesE","Vanilla Ideology Expanded - Memes and Structures","D:\Steam\steamapps\workshop\content\294100\2636329500","Textures\UI\Roles\Patissier.png","VanillaExpanded\VanillaExpanded.VMemesE\Textures\UI\Roles\Patissier.png","4314","37CA7A76CDD7099C40E7CF22A61E0A6C68915700F263EA5C0163235244A93B31"
"VanillaExpanded","VanillaExpanded.VMemesE","Vanilla Ideology Expanded - Memes and Structures","D:\Steam\steamapps\workshop\content\294100\2636329500","Textures\UI\SocialInteractions\Interrogation.png","VanillaExpanded\VanillaExpanded.VMemesE\Textures\UI\SocialInteractions\Interrogation.png","18104","7BB6BFDD2ED997AC67BC7323C956580182C57E44F8115465997F06F9618F44E2"
"VanillaExpanded","VanillaExpanded.VMemesE","Vanilla Ideology Expanded - Memes and Structures","D:\Steam\steamapps\workshop\content\294100\2636329500","Textures\UI\SocialInteractions\Intimidation.png","VanillaExpanded\VanillaExpanded.VMemesE\Textures\UI\SocialInteractions\Intimidation.png","16030","AEC709EAF443B193BC5B42472CEB7C9D3C0C0DAEB18ED0CEAAAB97ED8936ECD5"
"VanillaExpanded","VanillaExpanded.VMemesE","Vanilla Ideology Expanded - Memes and Structures","D:\Steam\steamapps\workshop\content\294100\2636329500","Textures\UI\Structures\Structure_Agnosticism.png","VanillaExpanded\VanillaExpanded.VMemesE\Textures\UI\Structures\Structure_Agnosticism.png","7611","05844F9C2AFE97F0FD294581C3DE7E20702E32D525FB854D959F251E6B41930C"
"VanillaExpanded","VanillaExpanded.VMemesE","Vanilla Ideology Expanded - Memes and Structures","D:\Steam\steamapps\workshop\content\294100\2636329500","Textures\UI\Structures\Structure_Authoritarianism.png","VanillaExpanded\VanillaExpanded.VMemesE\Textures\UI\Structures\Structure_Authoritarianism.png","4107","397B359B42A9291BC7D063FBA34DA42B9CF02CB103CCA8A25293CBB916AF0CA5"
"VanillaExpanded","VanillaExpanded.VMemesE","Vanilla Ideology Expanded - Memes and Structures","D:\Steam\steamapps\workshop\content\294100\2636329500","Textures\UI\Structures\Structure_Bacchanalianism.png","VanillaExpanded\VanillaExpanded.VMemesE\Textures\UI\Structures\Structure_Bacchanalianism.png","5279","65606BF89FB99EC2432336B373DCAF91B7CCD40153CAABAB7488C56DAEF772AC"
"VanillaExpanded","VanillaExpanded.VMemesE","Vanilla Ideology Expanded - Memes and Structures","D:\Steam\steamapps\workshop\content\294100\2636329500","Textures\UI\Structures\Structure_ChthonianCult.png","VanillaExpanded\VanillaExpanded.VMemesE\Textures\UI\Structures\Structure_ChthonianCult.png","8105","2F4C5D5323420B7FB16D3B044774D07ADD4D11665464B9ABD826D25BB69B50EC"
"VanillaExpanded","VanillaExpanded.VMemesE","Vanilla Ideology Expanded - Memes and Structures","D:\Steam\steamapps\workshop\content\294100\2636329500","Textures\UI\Structures\Structure_Corporate.png","VanillaExpanded\VanillaExpanded.VMemesE\Textures\UI\Structures\Structure_Corporate.png","5606","EEC376BA1EC7DC5173FD69FD69159E4BC39FAB179DB482846441B6DF4204CA2C"
"VanillaExpanded","VanillaExpanded.VMemesE","Vanilla Ideology Expanded - Memes and Structures","D:\Steam\steamapps\workshop\content\294100\2636329500","Textures\UI\Structures\Structure_CultofPersonality.png","VanillaExpanded\VanillaExpanded.VMemesE\Textures\UI\Structures\Structure_CultofPersonality.png","6133","21391B9DF118A58873BC284E55508568FD3D4C3D01E9C41EF4FC05D6BEAE776A"
"VanillaExpanded","VanillaExpanded.VMemesE","Vanilla Ideology Expanded - Memes and Structures","D:\Steam\steamapps\workshop\content\294100\2636329500","Textures\UI\Structures\Structure_Eschatologism.png","VanillaExpanded\VanillaExpanded.VMemesE\Textures\UI\Structures\Structure_Eschatologism.png","10637","9201DDC7CCA9DDE8FCB48EDA618139672A9437217EBBB160C961B364C1ED8F80"
"VanillaExpanded","VanillaExpanded.VMemesE","Vanilla Ideology Expanded - Memes and Structures","D:\Steam\steamapps\workshop\content\294100\2636329500","Textures\UI\Structures\Structure_Esotericism.png","VanillaExpanded\VanillaExpanded.VMemesE\Textures\UI\Structures\Structure_Esotericism.png","4211","163EB084749F0D1AFE2C31D9910B394FB6BC0DE86312D3938C4E85A0A89A2A84"
"VanillaExpanded","VanillaExpanded.VMemesE","Vanilla Ideology Expanded - Memes and Structures","D:\Steam\steamapps\workshop\content\294100\2636329500","Textures\UI\Structures\Structure_Omnism.png","VanillaExpanded\VanillaExpanded.VMemesE\Textures\UI\Structures\Structure_Omnism.png","6041","9D0EFA14DFD0E2F48206B69DEF900879F09DFBB91390053DA6CF487AE9308B0B"
"VanillaExpanded","VanillaExpanded.VMemesE","Vanilla Ideology Expanded - Memes and Structures","D:\Steam\steamapps\workshop\content\294100\2636329500","Textures\UI\Structures\Structure_Pantheism.png","VanillaExpanded\VanillaExpanded.VMemesE\Textures\UI\Structures\Structure_Pantheism.png","6110","B5F7F81795E08F8A2C52707D779F8B07F9D689E3EBB79E02197AC54238B00A5E"
"VanillaExpanded","VanillaExpanded.VMemesE","Vanilla Ideology Expanded - Memes and Structures","D:\Steam\steamapps\workshop\content\294100\2636329500","Textures\UI\Structures\Structure_SecularSpirituality.png","VanillaExpanded\VanillaExpanded.VMemesE\Textures\UI\Structures\Structure_SecularSpirituality.png","5627","44F41041F1829DED7B59A01E5309C314C870873FA69175948411608426448617"
"VanillaExpanded","VanillaExpanded.VMemesE","Vanilla Ideology Expanded - Memes and Structures","D:\Steam\steamapps\workshop\content\294100\2636329500","Textures\UI\Structures\Structure_Serketism.png","VanillaExpanded\VanillaExpanded.VMemesE\Textures\UI\Structures\Structure_Serketism.png","6984","21691B39F55A14BC8169BC77F79CE6A9230BC830600D882A710E60FAD79B71A4"
"VanillaExpanded","VanillaExpanded.VMemesE","Vanilla Ideology Expanded - Memes and Structures","D:\Steam\steamapps\workshop\content\294100\2636329500","Textures\UI\Structures\Structure_Taoism.png","VanillaExpanded\VanillaExpanded.VMemesE\Textures\UI\Structures\Structure_Taoism.png","5960","5CFC0F8F49F54E7FD1938BF61E494D1BC33B50C25B71FCD5C06872F43350CD00"
"VanillaExpanded","VanillaExpanded.VMemesE","Vanilla Ideology Expanded - Memes and Structures","D:\Steam\steamapps\workshop\content\294100\2636329500","Textures\UI\StyleCategories\VME_ThingStyle_Agnosticism.png","VanillaExpanded\VanillaExpanded.VMemesE\Textures\UI\StyleCategories\VME_ThingStyle_Agnosticism.png","3942","0B75CF0C5078419B0BB82AF2FDE27C60F1B0A74A05065FFB2449841DD8D6BA5F"
"VanillaExpanded","VanillaExpanded.VMemesE","Vanilla Ideology Expanded - Memes and Structures","D:\Steam\steamapps\workshop\content\294100\2636329500","Textures\UI\StyleCategories\VME_ThingStyle_Authoritarian.png","VanillaExpanded\VanillaExpanded.VMemesE\Textures\UI\StyleCategories\VME_ThingStyle_Authoritarian.png","1732","5C493188AB903E8CB5113DB4FCD6118EC7E6E501833C61D301C4FC3FCA37C98B"
"VanillaExpanded","VanillaExpanded.VMemesE","Vanilla Ideology Expanded - Memes and Structures","D:\Steam\steamapps\workshop\content\294100\2636329500","Textures\UI\StyleCategories\VME_ThingStyle_Corporate.png","VanillaExpanded\VanillaExpanded.VMemesE\Textures\UI\StyleCategories\VME_ThingStyle_Corporate.png","2311","5CCB65AFFE2012F95B8C3392F56E57C9796C0F4D975582D6753D7F47AEA21899"
"VanillaExpanded","VanillaExpanded.VMemesE","Vanilla Ideology Expanded - Memes and Structures","D:\Steam\steamapps\workshop\content\294100\2636329500","Textures\UI\StyleCategories\VME_ThingStyle_CultOfPersonality.png","VanillaExpanded\VanillaExpanded.VMemesE\Textures\UI\StyleCategories\VME_ThingStyle_CultOfPersonality.png","2285","C4F0E08572238AD769762CEAE3E935FF2423C7057185828BA054AD9892F41E78"
"VanillaExpanded","VanillaExpanded.VMemesE","Vanilla Ideology Expanded - Memes and Structures","D:\Steam\steamapps\workshop\content\294100\2636329500","Textures\UI\StyleCategories\VME_ThingStyle_Eldritch.png","VanillaExpanded\VanillaExpanded.VMemesE\Textures\UI\StyleCategories\VME_ThingStyle_Eldritch.png","3941","0CE1CD41DDD86FFB989B131B5874404FA8897D5B5E2D0B143DB7A6505608DA86"
"VanillaExpanded","VanillaExpanded.VMemesE","Vanilla Ideology Expanded - Memes and Structures","D:\Steam\steamapps\workshop\content\294100\2636329500","Textures\UI\StyleCategories\VME_ThingStyle_Eschatology.png","VanillaExpanded\VanillaExpanded.VMemesE\Textures\UI\StyleCategories\VME_ThingStyle_Eschatology.png","2208","C0C1F8CADDC049F7671FFF0D45B0E7376CDE2E86EAA78508E50FC01137068540"
"VanillaExpanded","VanillaExpanded.VMemesE","Vanilla Ideology Expanded - Memes and Structures","D:\Steam\steamapps\workshop\content\294100\2636329500","Textures\UI\StyleCategories\VME_ThingStyle_Esotericism.png","VanillaExpanded\VanillaExpanded.VMemesE\Textures\UI\StyleCategories\VME_ThingStyle_Esotericism.png","2245","92CE5F02DCEABBC2F1F618580AA3C30818D80FD4E30BB5732D8182D18A47C79F"
"VanillaExpanded","VanillaExpanded.VMemesE","Vanilla Ideology Expanded - Memes and Structures","D:\Steam\steamapps\workshop\content\294100\2636329500","Textures\UI\StyleCategories\VME_ThingStyle_Hedonism.png","VanillaExpanded\VanillaExpanded.VMemesE\Textures\UI\StyleCategories\VME_ThingStyle_Hedonism.png","2693","2DB2E1121BC67980343E52566073C0D2361A845320849D2D1E28633FD59CBDF6"
"VanillaExpanded","VanillaExpanded.VMemesE","Vanilla Ideology Expanded - Memes and Structures","D:\Steam\steamapps\workshop\content\294100\2636329500","Textures\UI\StyleCategories\VME_ThingStyle_Insectoid.png","VanillaExpanded\VanillaExpanded.VMemesE\Textures\UI\StyleCategories\VME_ThingStyle_Insectoid.png","3081","5FAEEFF09E6FE88BE3D397E2C0B4FEC382296F9C4CF8EAFC755319675405B28A"
"VanillaExpanded","VanillaExpanded.VMemesE","Vanilla Ideology Expanded - Memes and Structures","D:\Steam\steamapps\workshop\content\294100\2636329500","Textures\UI\StyleCategories\VME_ThingStyle_Omnism.png","VanillaExpanded\VanillaExpanded.VMemesE\Textures\UI\StyleCategories\VME_ThingStyle_Omnism.png","2866","59133538118BACB25846DD0D8D554BD6C45460A2A89B77FF5B144D20A53DB0E0"
"VanillaExpanded","VanillaExpanded.VMemesE","Vanilla Ideology Expanded - Memes and Structures","D:\Steam\steamapps\workshop\content\294100\2636329500","Textures\UI\StyleCategories\VME_ThingStyle_Pantheism.png","VanillaExpanded\VanillaExpanded.VMemesE\Textures\UI\StyleCategories\VME_ThingStyle_Pantheism.png","2639","09CDE81A889C22681753F6C57762DBAE4C4AF36C3904B7ABCEB1653C2EB76632"
"VanillaExpanded","VanillaExpanded.VMemesE","Vanilla Ideology Expanded - Memes and Structures","D:\Steam\steamapps\workshop\content\294100\2636329500","Textures\UI\StyleCategories\VME_ThingStyle_SecularSpirituality.png","VanillaExpanded\VanillaExpanded.VMemesE\Textures\UI\StyleCategories\VME_ThingStyle_SecularSpirituality.png","1748","8D7FEFAD31A28A66F79A62D5246ADC0449FBF95F1483CD920C7B75729170D70E"
"VanillaExpanded","VanillaExpanded.VMemesE","Vanilla Ideology Expanded - Memes and Structures","D:\Steam\steamapps\workshop\content\294100\2636329500","Textures\UI\StyleCategories\VME_ThingStyle_Taoist.png","VanillaExpanded\VanillaExpanded.VMemesE\Textures\UI\StyleCategories\VME_ThingStyle_Taoist.png","3301","9DA5131C7D6C9F6A7821D423035E56429EF15F38386B2160DD42416472A57758"
"VanillaExpanded","VanillaExpanded.VNutrientE","Vanilla Nutrient Paste Expanded","D:\Steam\steamapps\workshop\content\294100\2920385763","Textures\UI\Extract10Meals.png","VanillaExpanded\VanillaExpanded.VNutrientE\Textures\UI\Extract10Meals.png","2421","6492465BEDCEC6B402B7AD6902C09BFA8BDE9470F5D0856B74006A5A9A02E0AF"
"VanillaExpanded","VanillaExpanded.VNutrientE","Vanilla Nutrient Paste Expanded","D:\Steam\steamapps\workshop\content\294100\2920385763","Textures\UI\Extract20Meals.png","VanillaExpanded\VanillaExpanded.VNutrientE\Textures\UI\Extract20Meals.png","2427","646842FC9FB1FDF922ED311B19745900FFA46D288A04B53F63824196A2B4E1E1"
"VanillaExpanded","VanillaExpanded.VNutrientE","Vanilla Nutrient Paste Expanded","D:\Steam\steamapps\workshop\content\294100\2920385763","Textures\UI\Extract5Meals.png","VanillaExpanded\VanillaExpanded.VNutrientE\Textures\UI\Extract5Meals.png","2428","60C11E65DE8B1A24FAECD41287FB9D2017C2A703BC24927E3841F635900696BE"
"VanillaExpanded","VanillaExpanded.VPE.Hemosage","Vanilla Psycasts Expanded - Hemosage","D:\Steam\steamapps\workshop\content\294100\2990596478","Textures\Abilities\Hemosage\BloodFocus.png","VanillaExpanded\VanillaExpanded.VPE.Hemosage\Textures\Abilities\Hemosage\BloodFocus.png","4554","52BE218B46CCDFB27D780265545F9D2858CE19714360E424AAEA136A9D2415E4"
"VanillaExpanded","VanillaExpanded.VPE.Hemosage","Vanilla Psycasts Expanded - Hemosage","D:\Steam\steamapps\workshop\content\294100\2990596478","Textures\Abilities\Hemosage\BloodRite.png","VanillaExpanded\VanillaExpanded.VPE.Hemosage\Textures\Abilities\Hemosage\BloodRite.png","4989","B4703EEE78D3640556914AC680BE340DE79409B1C20321224BC3B6D467738C40"
"VanillaExpanded","VanillaExpanded.VPE.Hemosage","Vanilla Psycasts Expanded - Hemosage","D:\Steam\steamapps\workshop\content\294100\2990596478","Textures\Abilities\Hemosage\BloodShard.png","VanillaExpanded\VanillaExpanded.VPE.Hemosage\Textures\Abilities\Hemosage\BloodShard.png","3511","9E79D6A2F4B025A95019DD24E96089E313D8F6CDEBD29B7E3427FCFB4375A664"
"VanillaExpanded","VanillaExpanded.VPE.Hemosage","Vanilla Psycasts Expanded - Hemosage","D:\Steam\steamapps\workshop\content\294100\2990596478","Textures\Abilities\Hemosage\BloodSpew.png","VanillaExpanded\VanillaExpanded.VPE.Hemosage\Textures\Abilities\Hemosage\BloodSpew.png","4777","7C8A8B75AF1ABB888A4FB7CDF7C9B83DAF4F980A109448DD45B688AF3FBB432B"
"VanillaExpanded","VanillaExpanded.VPE.Hemosage","Vanilla Psycasts Expanded - Hemosage","D:\Steam\steamapps\workshop\content\294100\2990596478","Textures\Abilities\Hemosage\Bloodstorm.png","VanillaExpanded\VanillaExpanded.VPE.Hemosage\Textures\Abilities\Hemosage\Bloodstorm.png","3719","4C867591FCD26DC0D99EB97A0C0E5DE5EE650B246DC5D3E18B72AB0449BF53E0"
"VanillaExpanded","VanillaExpanded.VPE.Hemosage","Vanilla Psycasts Expanded - Hemosage","D:\Steam\steamapps\workshop\content\294100\2990596478","Textures\Abilities\Hemosage\CloseWounds.png","VanillaExpanded\VanillaExpanded.VPE.Hemosage\Textures\Abilities\Hemosage\CloseWounds.png","3083","8D660399286928DC6A8451E26AD8768108F62AF3F6BBAA6276035EC3F2A829B3"
"VanillaExpanded","VanillaExpanded.VPE.Hemosage","Vanilla Psycasts Expanded - Hemosage","D:\Steam\steamapps\workshop\content\294100\2990596478","Textures\Abilities\Hemosage\CorpseExplosion.png","VanillaExpanded\VanillaExpanded.VPE.Hemosage\Textures\Abilities\Hemosage\CorpseExplosion.png","6364","305B95D731F7182F01740CE5964267B72F75B7E1B281443220E93837B4266D38"
"VanillaExpanded","VanillaExpanded.VPE.Hemosage","Vanilla Psycasts Expanded - Hemosage","D:\Steam\steamapps\workshop\content\294100\2990596478","Textures\Abilities\Hemosage\Hemodrain.png","VanillaExpanded\VanillaExpanded.VPE.Hemosage\Textures\Abilities\Hemosage\Hemodrain.png","3327","0F5287F8963C8214ABD98CB5DBD7B8D55A42263AF70426CDCD29DDD1C973EDC0"
"VanillaExpanded","VanillaExpanded.VPE.Hemosage","Vanilla Psycasts Expanded - Hemosage","D:\Steam\steamapps\workshop\content\294100\2990596478","Textures\Abilities\Hemosage\SanguineSpear.png","VanillaExpanded\VanillaExpanded.VPE.Hemosage\Textures\Abilities\Hemosage\SanguineSpear.png","3374","3571FD091C1CA55A3F3802123114E806A82A12AE9231346A42D5B6DEBD6A19BE"
"VanillaExpanded","VanillaExpanded.VPE.Hemosage","Vanilla Psycasts Expanded - Hemosage","D:\Steam\steamapps\workshop\content\294100\2990596478","Textures\Abilities\Hemosage\WordOfOffering.png","VanillaExpanded\VanillaExpanded.VPE.Hemosage\Textures\Abilities\Hemosage\WordOfOffering.png","6373","635A5265B0296D1755550BD97110235B8C22AC9D4647A5A07609C3411780C1D7"
"VanillaExpanded","VanillaExpanded.VPE.Hemosage","Vanilla Psycasts Expanded - Hemosage","D:\Steam\steamapps\workshop\content\294100\2990596478","Textures\UI\AlternativeBackgrounds\PathBG_Sanguophage.png","VanillaExpanded\VanillaExpanded.VPE.Hemosage\Textures\UI\AlternativeBackgrounds\PathBG_Sanguophage.png","407831","D6851509399E744D1983D2AD6E4833FE4CCCD0EBC7A5E07ED14C75839E19E7BC"
"VanillaExpanded","VanillaExpanded.VPE.Hemosage","Vanilla Psycasts Expanded - Hemosage","D:\Steam\steamapps\workshop\content\294100\2990596478","Textures\UI\Backgrounds\HemosagePath.png","VanillaExpanded\VanillaExpanded.VPE.Hemosage\Textures\UI\Backgrounds\HemosagePath.png","1149558","52C517D5DB150A44D69A8291656207AFDD6FECBE960827DA104BD0285EBBCAA5"
"VanillaExpanded","VanillaExpanded.VPE.Hemosage","Vanilla Psycasts Expanded - Hemosage","D:\Steam\steamapps\workshop\content\294100\2990596478","Textures\UI\PsyfocusIcons\PsyfocusDeathrest.png","VanillaExpanded\VanillaExpanded.VPE.Hemosage\Textures\UI\PsyfocusIcons\PsyfocusDeathrest.png","1083","85784F06D0555C1016181AAF0AF35FF11D3C8C9D1587527E7CD01667EE41BC1C"
"VanillaExpanded","VanillaExpanded.VPE.Puppeteer","Vanilla Psycasts Expanded - Puppeteer","D:\Steam\steamapps\workshop\content\294100\3033779606","Textures\Abilities\Puppeteer\Ascension.png","VanillaExpanded\VanillaExpanded.VPE.Puppeteer\Textures\Abilities\Puppeteer\Ascension.png","6594","7B83E49A6AB47351142269FE79D66B147270F335B8DC2F9A7D8694E84622C1EF"
"VanillaExpanded","VanillaExpanded.VPE.Puppeteer","Vanilla Psycasts Expanded - Puppeteer","D:\Steam\steamapps\workshop\content\294100\3033779606","Textures\Abilities\Puppeteer\BrainCut.png","VanillaExpanded\VanillaExpanded.VPE.Puppeteer\Textures\Abilities\Puppeteer\BrainCut.png","5148","7F0CAB24CD5441875864BBC51B4FF82B795CD9C6C1D969CD9643F3C7D835B1BD"
"VanillaExpanded","VanillaExpanded.VPE.Puppeteer","Vanilla Psycasts Expanded - Puppeteer","D:\Steam\steamapps\workshop\content\294100\3033779606","Textures\Abilities\Puppeteer\BrainLeech.png","VanillaExpanded\VanillaExpanded.VPE.Puppeteer\Textures\Abilities\Puppeteer\BrainLeech.png","4887","F0A00D6E3E68447C9AE5174184B65024F2A13B71D0687AB6D825856A8EDACC12"
"VanillaExpanded","VanillaExpanded.VPE.Puppeteer","Vanilla Psycasts Expanded - Puppeteer","D:\Steam\steamapps\workshop\content\294100\3033779606","Textures\Abilities\Puppeteer\Degrade.png","VanillaExpanded\VanillaExpanded.VPE.Puppeteer\Textures\Abilities\Puppeteer\Degrade.png","4636","99FC560A80230F6F21DA33BAA4FD8ADCF7A3BC64DEF19FDD5B25D39043DD0AAF"
"VanillaExpanded","VanillaExpanded.VPE.Puppeteer","Vanilla Psycasts Expanded - Puppeteer","D:\Steam\steamapps\workshop\content\294100\3033779606","Textures\Abilities\Puppeteer\MindJump.png","VanillaExpanded\VanillaExpanded.VPE.Puppeteer\Textures\Abilities\Puppeteer\MindJump.png","4101","92064FB0D20A52A0D3BA70FFA85D2AD485456983F9E920AA9986D34E242A4AF6"
"VanillaExpanded","VanillaExpanded.VPE.Puppeteer","Vanilla Psycasts Expanded - Puppeteer","D:\Steam\steamapps\workshop\content\294100\3033779606","Textures\Abilities\Puppeteer\MindSplit.png","VanillaExpanded\VanillaExpanded.VPE.Puppeteer\Textures\Abilities\Puppeteer\MindSplit.png","3793","3604007946228D22C4FC13EAF1DE6DA1ED809EECE89FD844251C6B134F632AD9"
"VanillaExpanded","VanillaExpanded.VPE.Puppeteer","Vanilla Psycasts Expanded - Puppeteer","D:\Steam\steamapps\workshop\content\294100\3033779606","Textures\Abilities\Puppeteer\Puppet.png","VanillaExpanded\VanillaExpanded.VPE.Puppeteer\Textures\Abilities\Puppeteer\Puppet.png","4120","9AE7DC43D74B70F6B4290E55C9D510A25B135C701A3F31CD8A96E8717E11819B"
"VanillaExpanded","VanillaExpanded.VPE.Puppeteer","Vanilla Psycasts Expanded - Puppeteer","D:\Steam\steamapps\workshop\content\294100\3033779606","Textures\Abilities\Puppeteer\PuppetSwarm.png","VanillaExpanded\VanillaExpanded.VPE.Puppeteer\Textures\Abilities\Puppeteer\PuppetSwarm.png","4925","05180EB91BF2CA5710579A901CE3E5C8D57A1AE5C0E65B77B19F7F33621BD384"
"VanillaExpanded","VanillaExpanded.VPE.Puppeteer","Vanilla Psycasts Expanded - Puppeteer","D:\Steam\steamapps\workshop\content\294100\3033779606","Textures\Abilities\Puppeteer\Subjugation.png","VanillaExpanded\VanillaExpanded.VPE.Puppeteer\Textures\Abilities\Puppeteer\Subjugation.png","5432","5ED93CCE7D52CFF81F61394C348B574987D60A41418D75C05DDAD936DFDB91DC"
"VanillaExpanded","VanillaExpanded.VPE.Puppeteer","Vanilla Psycasts Expanded - Puppeteer","D:\Steam\steamapps\workshop\content\294100\3033779606","Textures\Abilities\Puppeteer\SummonPuppet.png","VanillaExpanded\VanillaExpanded.VPE.Puppeteer\Textures\Abilities\Puppeteer\SummonPuppet.png","4504","604E2F537EF006A52487CB36597974AD994BDCACF358ABC8219209D3FBF34ADD"
"VanillaExpanded","VanillaExpanded.VPE.Puppeteer","Vanilla Psycasts Expanded - Puppeteer","D:\Steam\steamapps\workshop\content\294100\3033779606","Textures\UI\AlternativeBackgrounds\PathBG_Puppeteer.png","VanillaExpanded\VanillaExpanded.VPE.Puppeteer\Textures\UI\AlternativeBackgrounds\PathBG_Puppeteer.png","439445","BCBCA3CF24C3D37CC44C26F2BFF9BBAFF2BD6DEFA4AAF532B63A6671CF1234CB"
"VanillaExpanded","VanillaExpanded.VPE.Puppeteer","Vanilla Psycasts Expanded - Puppeteer","D:\Steam\steamapps\workshop\content\294100\3033779606","Textures\UI\Backgrounds\PuppeteerPath.png","VanillaExpanded\VanillaExpanded.VPE.Puppeteer\Textures\UI\Backgrounds\PuppeteerPath.png","1515679","0517C4F62602E7B84A2282C843980079AA687302C7709C9F4C77EA668D0A140F"
"VanillaExpanded","VanillaExpanded.VPlantsE","Vanilla Plants Expanded","D:\Steam\steamapps\workshop\content\294100\2134308522","Textures\UI\VCE_Plow.png","VanillaExpanded\VanillaExpanded.VPlantsE\Textures\UI\VCE_Plow.png","5577","751925043B90ADA2E507618D9E10A7EA3C41894997842165A214BA35789595D3"
"VanillaExpanded","VanillaExpanded.VPlantsEMore","Vanilla Plants Expanded - More Plants","D:\Steam\steamapps\workshop\content\294100\2748889667","Textures\UI\Designators\VCE_ZoneCreate_Aquatic.png","VanillaExpanded\VanillaExpanded.VPlantsEMore\Textures\UI\Designators\VCE_ZoneCreate_Aquatic.png","6216","5628918FE2B93EB8DC3621CCF4A71170F37E47F7D5DA0149D08ACD6B5CC3848C"
"VanillaExpanded","VanillaExpanded.VPlantsEMore","Vanilla Plants Expanded - More Plants","D:\Steam\steamapps\workshop\content\294100\2748889667","Textures\UI\Designators\VCE_ZoneCreate_FlowerGarden.png","VanillaExpanded\VanillaExpanded.VPlantsEMore\Textures\UI\Designators\VCE_ZoneCreate_FlowerGarden.png","3512","ED5FDED35786617842A61A9DFFA5F827E866D59C8474206FF4BD3B444A8731D7"
"VanillaExpanded","VanillaExpanded.VPlantsEMore","Vanilla Plants Expanded - More Plants","D:\Steam\steamapps\workshop\content\294100\2748889667","Textures\UI\Designators\VCE_ZoneCreate_Sandy.png","VanillaExpanded\VanillaExpanded.VPlantsEMore\Textures\UI\Designators\VCE_ZoneCreate_Sandy.png","4747","D98D4199B6226876732303F5C8E439A2BED470F97F5EA899E6434DC6B3EEEC2D"
"VanillaExpanded","VanillaExpanded.VPlantsEMushrooms","Vanilla Plants Expanded - Mushrooms","D:\Steam\steamapps\workshop\content\294100\3006389281","Textures\UI\Designators\ZoneCreate_Mushrooms.png","VanillaExpanded\VanillaExpanded.VPlantsEMushrooms\Textures\UI\Designators\ZoneCreate_Mushrooms.png","4750","59C8C2504A57FC2E3B353EBFF13AFB1D3ABBF763EE8FA59965397A3F94180054"
"VanillaExpanded","VanillaExpanded.VPsycastsE","Vanilla Psycasts Expanded","D:\Steam\steamapps\workshop\content\294100\2842502659","Textures\Abilities\Archon\BlindingPulse.png","VanillaExpanded\VanillaExpanded.VPsycastsE\Textures\Abilities\Archon\BlindingPulse.png","5405","63A8F53A98A404367F522F8638C9DF9C451E5854B9B350B5CAA25320D333093D"
"VanillaExpanded","VanillaExpanded.VPsycastsE","Vanilla Psycasts Expanded","D:\Steam\steamapps\workshop\content\294100\2842502659","Textures\Abilities\Archon\DrainPsyessence.png","VanillaExpanded\VanillaExpanded.VPsycastsE\Textures\Abilities\Archon\DrainPsyessence.png","4585","222529D61BFFACDC4688BECFAD9D1D5BE926CBD5142607A21F6DF9FB5337A908"
"VanillaExpanded","VanillaExpanded.VPsycastsE","Vanilla Psycasts Expanded","D:\Steam\steamapps\workshop\content\294100\2842502659","Textures\Abilities\Archon\GroupLink.png","VanillaExpanded\VanillaExpanded.VPsycastsE\Textures\Abilities\Archon\GroupLink.png","3947","73E4F7F1BF20A6F898C4387065F88A4CB0283D7B9AA09F6D8800D242D5CF2A2C"
"VanillaExpanded","VanillaExpanded.VPsycastsE","Vanilla Psycasts Expanded","D:\Steam\steamapps\workshop\content\294100\2842502659","Textures\Abilities\Archon\MassHallucination.png","VanillaExpanded\VanillaExpanded.VPsycastsE\Textures\Abilities\Archon\MassHallucination.png","4405","A6D88A67E76C03D0409DBA6703302EE25A192A21228E708C04B36021D420B5F2"
"VanillaExpanded","VanillaExpanded.VPsycastsE","Vanilla Psycasts Expanded","D:\Steam\steamapps\workshop\content\294100\2842502659","Textures\Abilities\Archon\MindBreak.png","VanillaExpanded\VanillaExpanded.VPsycastsE\Textures\Abilities\Archon\MindBreak.png","7502","1D016AAD2A26EF3320771908CC1440724533C8920B77889F56DC5A1622F49B57"
"VanillaExpanded","VanillaExpanded.VPsycastsE","Vanilla Psycasts Expanded","D:\Steam\steamapps\workshop\content\294100\2842502659","Textures\Abilities\Archon\WordofAlliance.png","VanillaExpanded\VanillaExpanded.VPsycastsE\Textures\Abilities\Archon\WordofAlliance.png","4515","99D0016803D3D9BEAA08869990F9604D121089F81E23E130E54441453FD1EB04"
"VanillaExpanded","VanillaExpanded.VPsycastsE","Vanilla Psycasts Expanded","D:\Steam\steamapps\workshop\content\294100\2842502659","Textures\Abilities\Archon\WordofPain.png","VanillaExpanded\VanillaExpanded.VPsycastsE\Textures\Abilities\Archon\WordofPain.png","6476","EB6102AB9AE9098CB9301805127CE86497CEB1E32B96FEA770E57FA3B9567B20"
"VanillaExpanded","VanillaExpanded.VPsycastsE","Vanilla Psycasts Expanded","D:\Steam\steamapps\workshop\content\294100\2842502659","Textures\Abilities\Archon\WordofProductivity.png","VanillaExpanded\VanillaExpanded.VPsycastsE\Textures\Abilities\Archon\WordofProductivity.png","5556","B81B57D1E9356C7E24D5C3356C687652E79B1E388E8C81809C833D5710A027B8"
"VanillaExpanded","VanillaExpanded.VPsycastsE","Vanilla Psycasts Expanded","D:\Steam\steamapps\workshop\content\294100\2842502659","Textures\Abilities\Archon\WordofProtection.png","VanillaExpanded\VanillaExpanded.VPsycastsE\Textures\Abilities\Archon\WordofProtection.png","5661","4634CF46559A4A42F8BD32780FF17A426A0C4E5C1272E142A269FDD2E53C3DC2"
"VanillaExpanded","VanillaExpanded.VPsycastsE","Vanilla Psycasts Expanded","D:\Steam\steamapps\workshop\content\294100\2842502659","Textures\Abilities\Archon\WordofTrust.png","VanillaExpanded\VanillaExpanded.VPsycastsE\Textures\Abilities\Archon\WordofTrust.png","4045","B691164ACE3F16BFC5778C7852BB26A96F023A223C3DD3860744FF0C58BC6500"
"VanillaExpanded","VanillaExpanded.VPsycastsE","Vanilla Psycasts Expanded","D:\Steam\steamapps\workshop\content\294100\2842502659","Textures\Abilities\Archotechist\AggressiveHeatDump.png","VanillaExpanded\VanillaExpanded.VPsycastsE\Textures\Abilities\Archotechist\AggressiveHeatDump.png","3967","4DE0E75FCF8AD9552382B9D406B914A3C832E23F879979A85A03FBD31DD2391D"
"VanillaExpanded","VanillaExpanded.VPsycastsE","Vanilla Psycasts Expanded","D:\Steam\steamapps\workshop\content\294100\2842502659","Textures\Abilities\Archotechist\Berserk.png","VanillaExpanded\VanillaExpanded.VPsycastsE\Textures\Abilities\Archotechist\Berserk.png","4791","A342DE4330ACDED6C72AA1C5140D4C6E47BD5AD27A4D8DC5887CE5F186ADB65F"
"VanillaExpanded","VanillaExpanded.VPsycastsE","Vanilla Psycasts Expanded","D:\Steam\steamapps\workshop\content\294100\2842502659","Textures\Abilities\Archotechist\BerserkPulse.png","VanillaExpanded\VanillaExpanded.VPsycastsE\Textures\Abilities\Archotechist\BerserkPulse.png","6119","AAB5C21C352E2E8A50E6320F274287379FF02B49948A7B805C45DA28BD976F13"
"VanillaExpanded","VanillaExpanded.VPsycastsE","Vanilla Psycasts Expanded","D:\Steam\steamapps\workshop\content\294100\2842502659","Textures\Abilities\Archotechist\BlindingPulse.png","VanillaExpanded\VanillaExpanded.VPsycastsE\Textures\Abilities\Archotechist\BlindingPulse.png","4118","C5EA279DDEAFEBEE29B249E722160CC93DD58B76E8C253B096D053AEAEFAC14C"
"VanillaExpanded","VanillaExpanded.VPsycastsE","Vanilla Psycasts Expanded","D:\Steam\steamapps\workshop\content\294100\2842502659","Textures\Abilities\Archotechist\Burden.png","VanillaExpanded\VanillaExpanded.VPsycastsE\Textures\Abilities\Archotechist\Burden.png","2546","5C663F0D718EEEC9FBEE998BB336EB05D3F02CBEEE64C89528C20DB1498D4DCE"
"VanillaExpanded","VanillaExpanded.VPsycastsE","Vanilla Psycasts Expanded","D:\Steam\steamapps\workshop\content\294100\2842502659","Textures\Abilities\Archotechist\NeuralHeatDetonation.png","VanillaExpanded\VanillaExpanded.VPsycastsE\Textures\Abilities\Archotechist\NeuralHeatDetonation.png","5496","320B6566F2D3EBD3ED402F2D0063589D6DC809BE67B68169A0EFD61130242C84"
"VanillaExpanded","VanillaExpanded.VPsycastsE","Vanilla Psycasts Expanded","D:\Steam\steamapps\workshop\content\294100\2842502659","Textures\Abilities\Archotechist\NeuralHeatDump.png","VanillaExpanded\VanillaExpanded.VPsycastsE\Textures\Abilities\Archotechist\NeuralHeatDump.png","2292","9702D5A9CA1B44F63EBB702D2F3F97FC0BAC8BB7F6716C18A773379800A3B715"
"VanillaExpanded","VanillaExpanded.VPsycastsE","Vanilla Psycasts Expanded","D:\Steam\steamapps\workshop\content\294100\2842502659","Textures\Abilities\Archotechist\Neuroquake.png","VanillaExpanded\VanillaExpanded.VPsycastsE\Textures\Abilities\Archotechist\Neuroquake.png","6687","2AEC7CC4060F254670909468986937FC00CC7CD7554D82AF5B01E879C465ACD1"
"VanillaExpanded","VanillaExpanded.VPsycastsE","Vanilla Psycasts Expanded","D:\Steam\steamapps\workshop\content\294100\2842502659","Textures\Abilities\Archotechist\PsychicDrone.png","VanillaExpanded\VanillaExpanded.VPsycastsE\Textures\Abilities\Archotechist\PsychicDrone.png","4612","7DBCF2FE5A0ACC2894CCC45C5F6B95627DF99C7C2140E67E5322EC44BCE538BD"
"VanillaExpanded","VanillaExpanded.VPsycastsE","Vanilla Psycasts Expanded","D:\Steam\steamapps\workshop\content\294100\2842502659","Textures\Abilities\Archotechist\PsychicShock.png","VanillaExpanded\VanillaExpanded.VPsycastsE\Textures\Abilities\Archotechist\PsychicShock.png","4118","C5EA279DDEAFEBEE29B249E722160CC93DD58B76E8C253B096D053AEAEFAC14C"
"VanillaExpanded","VanillaExpanded.VPsycastsE","Vanilla Psycasts Expanded","D:\Steam\steamapps\workshop\content\294100\2842502659","Textures\Abilities\Archotechist\Stun.png","VanillaExpanded\VanillaExpanded.VPsycastsE\Textures\Abilities\Archotechist\Stun.png","4778","8564C8B303C1B31709F9CC600EBED982714908010407ABAA5C24B3078E3D029B"
"VanillaExpanded","VanillaExpanded.VPsycastsE","Vanilla Psycasts Expanded","D:\Steam\steamapps\workshop\content\294100\2842502659","Textures\Abilities\Chronopath\Age.png","VanillaExpanded\VanillaExpanded.VPsycastsE\Textures\Abilities\Chronopath\Age.png","6351","937ECDEDB20CDCA93617F2FD3603EBE03AA51381EC8AFA304A1570A5A581DFEF"
"VanillaExpanded","VanillaExpanded.VPsycastsE","Vanilla Psycasts Expanded","D:\Steam\steamapps\workshop\content\294100\2842502659","Textures\Abilities\Chronopath\CraftTimeskip.png","VanillaExpanded\VanillaExpanded.VPsycastsE\Textures\Abilities\Chronopath\CraftTimeskip.png","5582","37D14E3896694743BCE2087882FBF18E9080F3E3DB3BB1EB60C8DBCA925B3246"
"VanillaExpanded","VanillaExpanded.VPsycastsE","Vanilla Psycasts Expanded","D:\Steam\steamapps\workshop\content\294100\2842502659","Textures\Abilities\Chronopath\PlantTimeskip.png","VanillaExpanded\VanillaExpanded.VPsycastsE\Textures\Abilities\Chronopath\PlantTimeskip.png","6151","48852EA7EC2B12BE8D300A5EAB17C6599754B045ECC2DEB18C5EC471499807C1"
"VanillaExpanded","VanillaExpanded.VPsycastsE","Vanilla Psycasts Expanded","D:\Steam\steamapps\workshop\content\294100\2842502659","Textures\Abilities\Chronopath\RaidPause.png","VanillaExpanded\VanillaExpanded.VPsycastsE\Textures\Abilities\Chronopath\RaidPause.png","4975","587ABB75A461D159DFFE3C687A9CB082A76E1D28D1D2771E106E0BEE0A86E300"
"VanillaExpanded","VanillaExpanded.VPsycastsE","Vanilla Psycasts Expanded","D:\Steam\steamapps\workshop\content\294100\2842502659","Textures\Abilities\Chronopath\SeasonTimeskip.png","VanillaExpanded\VanillaExpanded.VPsycastsE\Textures\Abilities\Chronopath\SeasonTimeskip.png","5569","581622A5CA614D325D323DF0B25573FDA291EAA04FC3A1EEE7706D4039817D6A"
"VanillaExpanded","VanillaExpanded.VPsycastsE","Vanilla Psycasts Expanded","D:\Steam\steamapps\workshop\content\294100\2842502659","Textures\Abilities\Chronopath\Timequake.png","VanillaExpanded\VanillaExpanded.VPsycastsE\Textures\Abilities\Chronopath\Timequake.png","7696","40546669C3126935A4EA31E52BA6B9E31B8FCF5E29DA615D1A028C5A36EF7D3F"
"VanillaExpanded","VanillaExpanded.VPsycastsE","Vanilla Psycasts Expanded","D:\Steam\steamapps\workshop\content\294100\2842502659","Textures\Abilities\Chronopath\TimeReversal.png","VanillaExpanded\VanillaExpanded.VPsycastsE\Textures\Abilities\Chronopath\TimeReversal.png","4885","83C49CCA75EA019119D2D59D02ED32B65F5205B7800568525D7CAA8C7C802FF1"
"VanillaExpanded","VanillaExpanded.VPsycastsE","Vanilla Psycasts Expanded","D:\Steam\steamapps\workshop\content\294100\2842502659","Textures\Abilities\Chronopath\TimeskipMeditation.png","VanillaExpanded\VanillaExpanded.VPsycastsE\Textures\Abilities\Chronopath\TimeskipMeditation.png","5790","5B4173FB41CBFC51608134916BEE82BD4C275D5EC14EE575FDFF042BB6EB1EB9"
"VanillaExpanded","VanillaExpanded.VPsycastsE","Vanilla Psycasts Expanded","D:\Steam\steamapps\workshop\content\294100\2842502659","Textures\Abilities\Chronopath\TimeSphere.png","VanillaExpanded\VanillaExpanded.VPsycastsE\Textures\Abilities\Chronopath\TimeSphere.png","5537","BDA592A4317858AB3319DA841C88493ECC073C59790ADB90E6AF058B44C7289F"
"VanillaExpanded","VanillaExpanded.VPsycastsE","Vanilla Psycasts Expanded","D:\Steam\steamapps\workshop\content\294100\2842502659","Textures\Abilities\Chronopath\WordofForetelling.png","VanillaExpanded\VanillaExpanded.VPsycastsE\Textures\Abilities\Chronopath\WordofForetelling.png","5255","BA20DB7D5351C5D86B4AB2D424C4EA619B76A416165F317DC131BCFD945BB3BF"
"VanillaExpanded","VanillaExpanded.VPsycastsE","Vanilla Psycasts Expanded","D:\Steam\steamapps\workshop\content\294100\2842502659","Textures\Abilities\Conflagrator\BreatheFlame.png","VanillaExpanded\VanillaExpanded.VPsycastsE\Textures\Abilities\Conflagrator\BreatheFlame.png","4957","6127F6EAB9C7D1A6E4B8E83BD4ACA3B22012B45E483905F7AC96EE0CB84D7305"
"VanillaExpanded","VanillaExpanded.VPsycastsE","Vanilla Psycasts Expanded","D:\Steam\steamapps\workshop\content\294100\2842502659","Textures\Abilities\Conflagrator\Explosion.png","VanillaExpanded\VanillaExpanded.VPsycastsE\Textures\Abilities\Conflagrator\Explosion.png","5316","FFAB854D3262A92BD6C8D0A403E83948FB7DF19E6B32FFA208113F7AD98476DE"
"VanillaExpanded","VanillaExpanded.VPsycastsE","Vanilla Psycasts Expanded","D:\Steam\steamapps\workshop\content\294100\2842502659","Textures\Abilities\Conflagrator\EyeBlast.png","VanillaExpanded\VanillaExpanded.VPsycastsE\Textures\Abilities\Conflagrator\EyeBlast.png","5939","91E14E20BE8FDB52A63D27F7ED8229435ED9847D946E4DBBB950943652B82567"
"VanillaExpanded","VanillaExpanded.VPsycastsE","Vanilla Psycasts Expanded","D:\Steam\steamapps\workshop\content\294100\2842502659","Textures\Abilities\Conflagrator\FireBeam.png","VanillaExpanded\VanillaExpanded.VPsycastsE\Textures\Abilities\Conflagrator\FireBeam.png","3263","C7647D5AC133A9D8BF7114368F7EE6B63C301869C9304416ACC1878268DAD543"
"VanillaExpanded","VanillaExpanded.VPsycastsE","Vanilla Psycasts Expanded","D:\Steam\steamapps\workshop\content\294100\2842502659","Textures\Abilities\Conflagrator\FireShield.png","VanillaExpanded\VanillaExpanded.VPsycastsE\Textures\Abilities\Conflagrator\FireShield.png","4913","1FDDA63EF1F34D2A6CD36BAB7A1F1C2FED5018B2055213A40F16A981B74E78F5"
"VanillaExpanded","VanillaExpanded.VPsycastsE","Vanilla Psycasts Expanded","D:\Steam\steamapps\workshop\content\294100\2842502659","Textures\Abilities\Conflagrator\Flameball.png","VanillaExpanded\VanillaExpanded.VPsycastsE\Textures\Abilities\Conflagrator\Flameball.png","3929","4353FC89BA2C17E604F7E19410934BFF9DABEA5758322B49EE166BF99E813D15"
"VanillaExpanded","VanillaExpanded.VPsycastsE","Vanilla Psycasts Expanded","D:\Steam\steamapps\workshop\content\294100\2842502659","Textures\Abilities\Conflagrator\FlameTornado.png","VanillaExpanded\VanillaExpanded.VPsycastsE\Textures\Abilities\Conflagrator\FlameTornado.png","4482","F314087B141A2D3650B5E1C70594B909AF331CFD9578F70B529F8778B9A9086E"
"VanillaExpanded","VanillaExpanded.VPsycastsE","Vanilla Psycasts Expanded","D:\Steam\steamapps\workshop\content\294100\2842502659","Textures\Abilities\Conflagrator\MeteorShower.png","VanillaExpanded\VanillaExpanded.VPsycastsE\Textures\Abilities\Conflagrator\MeteorShower.png","5302","D0F389FAB24EC321ABED70C7D222ABED722F1448DBAE4EFA34BDD541B576F071"
"VanillaExpanded","VanillaExpanded.VPsycastsE","Vanilla Psycasts Expanded","D:\Steam\steamapps\workshop\content\294100\2842502659","Textures\Abilities\Conflagrator\QuenchFlames.png","VanillaExpanded\VanillaExpanded.VPsycastsE\Textures\Abilities\Conflagrator\QuenchFlames.png","4085","34030ED1DB87A5880D7F42D2ACD72354B327B17D528965D2ED911805B25B20ED"
"VanillaExpanded","VanillaExpanded.VPsycastsE","Vanilla Psycasts Expanded","D:\Steam\steamapps\workshop\content\294100\2842502659","Textures\Abilities\Conflagrator\SelfExplosion.png","VanillaExpanded\VanillaExpanded.VPsycastsE\Textures\Abilities\Conflagrator\SelfExplosion.png","4597","894C9DF5578B559603E7AD39A183EE65413DAC4F138F2AD322470B970E27A2BA"
"VanillaExpanded","VanillaExpanded.VPsycastsE","Vanilla Psycasts Expanded","D:\Steam\steamapps\workshop\content\294100\2842502659","Textures\Abilities\Empath\Bliss.png","VanillaExpanded\VanillaExpanded.VPsycastsE\Textures\Abilities\Empath\Bliss.png","5953","66945F877AAE018F6B54F14914D6591C2B9658101EBB1E99441E57864F7A470E"
"VanillaExpanded","VanillaExpanded.VPsycastsE","Vanilla Psycasts Expanded","D:\Steam\steamapps\workshop\content\294100\2842502659","Textures\Abilities\Empath\EnergyDump.png","VanillaExpanded\VanillaExpanded.VPsycastsE\Textures\Abilities\Empath\EnergyDump.png","4040","108E62003715CCC1708A458CF063D16D2DB01205513AA01783F6D3D9A42DDD1B"
"VanillaExpanded","VanillaExpanded.VPsycastsE","Vanilla Psycasts Expanded","D:\Steam\steamapps\workshop\content\294100\2842502659","Textures\Abilities\Empath\MindWipe.png","VanillaExpanded\VanillaExpanded.VPsycastsE\Textures\Abilities\Empath\MindWipe.png","4194","FCA58732FA7F054A185D918E4BF017DFCE1A6C1F02B8D128FCF3BBC451E246AA"
"VanillaExpanded","VanillaExpanded.VPsycastsE","Vanilla Psycasts Expanded","D:\Steam\steamapps\workshop\content\294100\2842502659","Textures\Abilities\Empath\ReunionFarskip.png","VanillaExpanded\VanillaExpanded.VPsycastsE\Textures\Abilities\Empath\ReunionFarskip.png","4146","C6BFC2CE46A854B2F2F03EBE37093C85396171328F1C57B320CB957BCEDCE2F6"
"VanillaExpanded","VanillaExpanded.VPsycastsE","Vanilla Psycasts Expanded","D:\Steam\steamapps\workshop\content\294100\2842502659","Textures\Abilities\Empath\SootheFemale.png","VanillaExpanded\VanillaExpanded.VPsycastsE\Textures\Abilities\Empath\SootheFemale.png","5233","665933D19B4C41A8E774ABD7BF34C6DE1CEA7D0180D1867235920E022A11A489"
"VanillaExpanded","VanillaExpanded.VPsycastsE","Vanilla Psycasts Expanded","D:\Steam\steamapps\workshop\content\294100\2842502659","Textures\Abilities\Empath\SootheMale.png","VanillaExpanded\VanillaExpanded.VPsycastsE\Textures\Abilities\Empath\SootheMale.png","4896","3CD771CCB209277289C365A3DCD86AB65F4AEA4C9D3BB23B7425F5F359CF9C19"
"VanillaExpanded","VanillaExpanded.VPsycastsE","Vanilla Psycasts Expanded","D:\Steam\steamapps\workshop\content\294100\2842502659","Textures\Abilities\Empath\WordofInspiration.png","VanillaExpanded\VanillaExpanded.VPsycastsE\Textures\Abilities\Empath\WordofInspiration.png","4830","2FA8D97214BD0180DBD24F391D03C6D0DBC6BE4212464BEFD31B1DF21AF01232"
"VanillaExpanded","VanillaExpanded.VPsycastsE","Vanilla Psycasts Expanded","D:\Steam\steamapps\workshop\content\294100\2842502659","Textures\Abilities\Empath\WordofJoy.png","VanillaExpanded\VanillaExpanded.VPsycastsE\Textures\Abilities\Empath\WordofJoy.png","4993","822CF78ACC47A26C8C7B29BC8EFA8210905A535872303BE0D8999EDA768B804D"
"VanillaExpanded","VanillaExpanded.VPsycastsE","Vanilla Psycasts Expanded","D:\Steam\steamapps\workshop\content\294100\2842502659","Textures\Abilities\Empath\WordofLove.png","VanillaExpanded\VanillaExpanded.VPsycastsE\Textures\Abilities\Empath\WordofLove.png","5210","B1E2F24A5B1EF00E661BAA0BAF7787E4371867A173892BBCF4C32AD27B4EE641"
"VanillaExpanded","VanillaExpanded.VPsycastsE","Vanilla Psycasts Expanded","D:\Steam\steamapps\workshop\content\294100\2842502659","Textures\Abilities\Empath\WordofSerenity.png","VanillaExpanded\VanillaExpanded.VPsycastsE\Textures\Abilities\Empath\WordofSerenity.png","4777","F2396E2D4242DC8511A0D27534B74F30DAE5A7CEF3B74B5F00D009FD0D93C932"
"VanillaExpanded","VanillaExpanded.VPsycastsE","Vanilla Psycasts Expanded","D:\Steam\steamapps\workshop\content\294100\2842502659","Textures\Abilities\Frostshaper\Blizzard.png","VanillaExpanded\VanillaExpanded.VPsycastsE\Textures\Abilities\Frostshaper\Blizzard.png","7620","20C9B667ADDB0A7F903C7DCF34A404960F27DBCCBF7FF72D17B70D01260B8AF3"
"VanillaExpanded","VanillaExpanded.VPsycastsE","Vanilla Psycasts Expanded","D:\Steam\steamapps\workshop\content\294100\2842502659","Textures\Abilities\Frostshaper\ColdZone.png","VanillaExpanded\VanillaExpanded.VPsycastsE\Textures\Abilities\Frostshaper\ColdZone.png","5767","56741FD9DBB9FBCF48A2DFD4237FF4F7D8E04A7FC21044149C5FA7F80BDA55ED"
"VanillaExpanded","VanillaExpanded.VPsycastsE","Vanilla Psycasts Expanded","D:\Steam\steamapps\workshop\content\294100\2842502659","Textures\Abilities\Frostshaper\FrostRay.png","VanillaExpanded\VanillaExpanded.VPsycastsE\Textures\Abilities\Frostshaper\FrostRay.png","5708","DB1FD97E9FE5D537AC3ACA69DB1A436FD72CF7ED2D148C359739B256E635BBC2"
"VanillaExpanded","VanillaExpanded.VPsycastsE","Vanilla Psycasts Expanded","D:\Steam\steamapps\workshop\content\294100\2842502659","Textures\Abilities\Frostshaper\IceBlock.png","VanillaExpanded\VanillaExpanded.VPsycastsE\Textures\Abilities\Frostshaper\IceBlock.png","4234","C613ABB9D7124B412331AF3956BE7F1E49D2AA480A36AD2D8DBA739D0E6E0403"
"VanillaExpanded","VanillaExpanded.VPsycastsE","Vanilla Psycasts Expanded","D:\Steam\steamapps\workshop\content\294100\2842502659","Textures\Abilities\Frostshaper\IceBreath.png","VanillaExpanded\VanillaExpanded.VPsycastsE\Textures\Abilities\Frostshaper\IceBreath.png","5385","16667AA0FA85E065E99413C4478442B5FF51DC993451D1DDA7E76E500FD13204"
"VanillaExpanded","VanillaExpanded.VPsycastsE","Vanilla Psycasts Expanded","D:\Steam\steamapps\workshop\content\294100\2842502659","Textures\Abilities\Frostshaper\IceCrystal.png","VanillaExpanded\VanillaExpanded.VPsycastsE\Textures\Abilities\Frostshaper\IceCrystal.png","4826","B6DD2B52F87000C3C05805140C3F5DE53CC9EA126867E659FCA5AF6F14D75959"
"VanillaExpanded","VanillaExpanded.VPsycastsE","Vanilla Psycasts Expanded","D:\Steam\steamapps\workshop\content\294100\2842502659","Textures\Abilities\Frostshaper\IceShield.png","VanillaExpanded\VanillaExpanded.VPsycastsE\Textures\Abilities\Frostshaper\IceShield.png","5497","B3BC64127654A02AC69FE94C260F9E6F5FCF299872B62AECB8B32EBD4CD727D6"
"VanillaExpanded","VanillaExpanded.VPsycastsE","Vanilla Psycasts Expanded","D:\Steam\steamapps\workshop\content\294100\2842502659","Textures\Abilities\Frostshaper\IceSpike.png","VanillaExpanded\VanillaExpanded.VPsycastsE\Textures\Abilities\Frostshaper\IceSpike.png","3326","CEA6DDFB71D86E6316404FD7B816911FD7E12B0F05837F75CD18C51305F78EB2"
"VanillaExpanded","VanillaExpanded.VPsycastsE","Vanilla Psycasts Expanded","D:\Steam\steamapps\workshop\content\294100\2842502659","Textures\Abilities\Frostshaper\IceWall.png","VanillaExpanded\VanillaExpanded.VPsycastsE\Textures\Abilities\Frostshaper\IceWall.png","4649","4D8A244F26713EB6D5C5439DDD780B0203526F90F2DDED631F27358DE0ED79A9"
"VanillaExpanded","VanillaExpanded.VPsycastsE","Vanilla Psycasts Expanded","D:\Steam\steamapps\workshop\content\294100\2842502659","Textures\Abilities\Frostshaper\SnapFreeze.png","VanillaExpanded\VanillaExpanded.VPsycastsE\Textures\Abilities\Frostshaper\SnapFreeze.png","5529","D143A591848462D7BD36987714ECC9057F1FAFAA4607321C5D72B2739E37256F"
"VanillaExpanded","VanillaExpanded.VPsycastsE","Vanilla Psycasts Expanded","D:\Steam\steamapps\workshop\content\294100\2842502659","Textures\Abilities\Harmonist\BendProbability.png","VanillaExpanded\VanillaExpanded.VPsycastsE\Textures\Abilities\Harmonist\BendProbability.png","4764","67BE49CC5C43595188251E567D53FD1A823EF580BEEB52456160390465E969F2"
"VanillaExpanded","VanillaExpanded.VPsycastsE","Vanilla Psycasts Expanded","D:\Steam\steamapps\workshop\content\294100\2842502659","Textures\Abilities\Harmonist\HealthSwap.png","VanillaExpanded\VanillaExpanded.VPsycastsE\Textures\Abilities\Harmonist\HealthSwap.png","2991","8B7021BC9E615F1B24F7B09EDB4EC712984BDD7BCD5977754E5D46FFEEE62DF7"
"VanillaExpanded","VanillaExpanded.VPsycastsE","Vanilla Psycasts Expanded","D:\Steam\steamapps\workshop\content\294100\2842502659","Textures\Abilities\Harmonist\HeatFocus.png","VanillaExpanded\VanillaExpanded.VPsycastsE\Textures\Abilities\Harmonist\HeatFocus.png","3557","485F62EE4A9E15897F4387786EF07F02C6F37068D322B54FF3EEA7CC9B6925E3"
"VanillaExpanded","VanillaExpanded.VPsycastsE","Vanilla Psycasts Expanded","D:\Steam\steamapps\workshop\content\294100\2842502659","Textures\Abilities\Harmonist\LocationSwap.png","VanillaExpanded\VanillaExpanded.VPsycastsE\Textures\Abilities\Harmonist\LocationSwap.png","4462","8CE85736BA21A5FF715A0535885D605FB5E1A223EE88B36547C79B33C145D836"
"VanillaExpanded","VanillaExpanded.VPsycastsE","Vanilla Psycasts Expanded","D:\Steam\steamapps\workshop\content\294100\2842502659","Textures\Abilities\Harmonist\LuckTransfer.png","VanillaExpanded\VanillaExpanded.VPsycastsE\Textures\Abilities\Harmonist\LuckTransfer.png","5995","7A834513E361E7E3A3FDEC42BFEB1AE85610A8F59E20F30BE27A141213E39201"
"VanillaExpanded","VanillaExpanded.VPsycastsE","Vanilla Psycasts Expanded","D:\Steam\steamapps\workshop\content\294100\2842502659","Textures\Abilities\Harmonist\Mindcontrol.png","VanillaExpanded\VanillaExpanded.VPsycastsE\Textures\Abilities\Harmonist\Mindcontrol.png","2693","98C33C51013B4B463D80372F297B1887A00259B3B83A4AC7CA402BACF86EEFEA"
"VanillaExpanded","VanillaExpanded.VPsycastsE","Vanilla Psycasts Expanded","D:\Steam\steamapps\workshop\content\294100\2842502659","Textures\Abilities\Harmonist\PsychicGuidance.png","VanillaExpanded\VanillaExpanded.VPsycastsE\Textures\Abilities\Harmonist\PsychicGuidance.png","2194","5A711D106B92A3F0F72CCA9B1A1F7C95693B3D1A6B85E904933E9E157D0F3399"
"VanillaExpanded","VanillaExpanded.VPsycastsE","Vanilla Psycasts Expanded","D:\Steam\steamapps\workshop\content\294100\2842502659","Textures\Abilities\Harmonist\SkillRoll.png","VanillaExpanded\VanillaExpanded.VPsycastsE\Textures\Abilities\Harmonist\SkillRoll.png","4533","9DBB51FFBE3DB24944374626AE040D2CE5865F232CAEFEB8FCEDC9AF6DFBB706"
"VanillaExpanded","VanillaExpanded.VPsycastsE","Vanilla Psycasts Expanded","D:\Steam\steamapps\workshop\content\294100\2842502659","Textures\Abilities\Harmonist\Transmutation.png","VanillaExpanded\VanillaExpanded.VPsycastsE\Textures\Abilities\Harmonist\Transmutation.png","6305","244A74833882A36CC3D8E98CA6E0562EBDAF240E5022AAB82EFE26EF5C369BFF"
"VanillaExpanded","VanillaExpanded.VPsycastsE","Vanilla Psycasts Expanded","D:\Steam\steamapps\workshop\content\294100\2842502659","Textures\Abilities\Harmonist\TransmuteStone.png","VanillaExpanded\VanillaExpanded.VPsycastsE\Textures\Abilities\Harmonist\TransmuteStone.png","5807","ABB1EB4174565E39A491CFB0A3976A4F13D11D58C63D2342C4C60AA19A67B69A"
"VanillaExpanded","VanillaExpanded.VPsycastsE","Vanilla Psycasts Expanded","D:\Steam\steamapps\workshop\content\294100\2842502659","Textures\Abilities\Necropath\ConsumeBodies.png","VanillaExpanded\VanillaExpanded.VPsycastsE\Textures\Abilities\Necropath\ConsumeBodies.png","5685","8554524A682B17AF0744549456F58240A46FAAC2DC56BAEEB8D37015555F7B3A"
"VanillaExpanded","VanillaExpanded.VPsycastsE","Vanilla Psycasts Expanded","D:\Steam\steamapps\workshop\content\294100\2842502659","Textures\Abilities\Necropath\Corpsetalk.png","VanillaExpanded\VanillaExpanded.VPsycastsE\Textures\Abilities\Necropath\Corpsetalk.png","4182","4DEC67BEDB2DFE400457BFB2C1B2045C8388F67BC5E0BAE9770229B40AF325CC"
"VanillaExpanded","VanillaExpanded.VPsycastsE","Vanilla Psycasts Expanded","D:\Steam\steamapps\workshop\content\294100\2842502659","Textures\Abilities\Necropath\Deathshield.png","VanillaExpanded\VanillaExpanded.VPsycastsE\Textures\Abilities\Necropath\Deathshield.png","3458","F7C02C4573075DAD38728783D450DCBF9DF2C3EA1D5251F92E39CDFFD7D64E34"
"VanillaExpanded","VanillaExpanded.VPsycastsE","Vanilla Psycasts Expanded","D:\Steam\steamapps\workshop\content\294100\2842502659","Textures\Abilities\Necropath\Enthrall.png","VanillaExpanded\VanillaExpanded.VPsycastsE\Textures\Abilities\Necropath\Enthrall.png","3625","0613707D29CE5C8981618B509BAF1F610CA0CDD10043719A3860668CA893A04F"
"VanillaExpanded","VanillaExpanded.VPsycastsE","Vanilla Psycasts Expanded","D:\Steam\steamapps\workshop\content\294100\2842502659","Textures\Abilities\Necropath\Ghostwalk.png","VanillaExpanded\VanillaExpanded.VPsycastsE\Textures\Abilities\Necropath\Ghostwalk.png","2908","8F579839FE6961976068A4A876C53262150C7675B7F042F653E6B25B051CFE23"
"VanillaExpanded","VanillaExpanded.VPsycastsE","Vanilla Psycasts Expanded","D:\Steam\steamapps\workshop\content\294100\2842502659","Textures\Abilities\Necropath\Liferot.png","VanillaExpanded\VanillaExpanded.VPsycastsE\Textures\Abilities\Necropath\Liferot.png","5047","D25D1FD90314BA537070AA65C9D17294029E71563E1A04CA349006037B716DE4"
"VanillaExpanded","VanillaExpanded.VPsycastsE","Vanilla Psycasts Expanded","D:\Steam\steamapps\workshop\content\294100\2842502659","Textures\Abilities\Necropath\ParalysisPulse.png","VanillaExpanded\VanillaExpanded.VPsycastsE\Textures\Abilities\Necropath\ParalysisPulse.png","5128","8E322FF95FD822C5F1ADAAA81AC853843CF5965594E021CC2DBCA18F7F1EB0A7"
"VanillaExpanded","VanillaExpanded.VPsycastsE","Vanilla Psycasts Expanded","D:\Steam\steamapps\workshop\content\294100\2842502659","Textures\Abilities\Necropath\Resurrect.png","VanillaExpanded\VanillaExpanded.VPsycastsE\Textures\Abilities\Necropath\Resurrect.png","3114","1F94AA7785282C649C0090DDE0DEC360A543B00924EBEDFEAF2F8D09BBD40449"
"VanillaExpanded","VanillaExpanded.VPsycastsE","Vanilla Psycasts Expanded","D:\Steam\steamapps\workshop\content\294100\2842502659","Textures\Abilities\Necropath\StealVitality.png","VanillaExpanded\VanillaExpanded.VPsycastsE\Textures\Abilities\Necropath\StealVitality.png","2655","19983B96B10750CB6510F9925E4F3AE466DB6C7424EFD07FE9500626D975ED13"
"VanillaExpanded","VanillaExpanded.VPsycastsE","Vanilla Psycasts Expanded","D:\Steam\steamapps\workshop\content\294100\2842502659","Textures\Abilities\Necropath\WordofFear.png","VanillaExpanded\VanillaExpanded.VPsycastsE\Textures\Abilities\Necropath\WordofFear.png","5247","8F125F9DD1CD01499A10F007BF47D7F309B79ACC6082496FCBB462CC036B4DB2"
"VanillaExpanded","VanillaExpanded.VPsycastsE","Vanilla Psycasts Expanded","D:\Steam\steamapps\workshop\content\294100\2842502659","Textures\Abilities\Nightstalker\Assassinate.png","VanillaExpanded\VanillaExpanded.VPsycastsE\Textures\Abilities\Nightstalker\Assassinate.png","7335","D276A7D2AD4405239B97C9A339670FDA945ACB38707DCA1A6734DB84ACB178BF"
"VanillaExpanded","VanillaExpanded.VPsycastsE","Vanilla Psycasts Expanded","D:\Steam\steamapps\workshop\content\294100\2842502659","Textures\Abilities\Nightstalker\Darkness.png","VanillaExpanded\VanillaExpanded.VPsycastsE\Textures\Abilities\Nightstalker\Darkness.png","5771","9487D4CC9CAA577321D2BF1ECD500C9A86324BA43A6E1398A33FED3978AAA5BE"
"VanillaExpanded","VanillaExpanded.VPsycastsE","Vanilla Psycasts Expanded","D:\Steam\steamapps\workshop\content\294100\2842502659","Textures\Abilities\Nightstalker\Darkvision.png","VanillaExpanded\VanillaExpanded.VPsycastsE\Textures\Abilities\Nightstalker\Darkvision.png","4950","6C2FF039CD282D048FAC544BC7C9CD629F253A9D2FFB5A7ED91A39B222D94C73"
"VanillaExpanded","VanillaExpanded.VPsycastsE","Vanilla Psycasts Expanded","D:\Steam\steamapps\workshop\content\294100\2842502659","Textures\Abilities\Nightstalker\Decoy.png","VanillaExpanded\VanillaExpanded.VPsycastsE\Textures\Abilities\Nightstalker\Decoy.png","2987","25122D82800B524F36E107270DA888B177DA26D3B34432095626EFBCF818997F"
"VanillaExpanded","VanillaExpanded.VPsycastsE","Vanilla Psycasts Expanded","D:\Steam\steamapps\workshop\content\294100\2842502659","Textures\Abilities\Nightstalker\Eclipse.png","VanillaExpanded\VanillaExpanded.VPsycastsE\Textures\Abilities\Nightstalker\Eclipse.png","4688","1802EC539001591531FB667C789098E99240CB13BCB65680CA736F8F860244B4"
"VanillaExpanded","VanillaExpanded.VPsycastsE","Vanilla Psycasts Expanded","D:\Steam\steamapps\workshop\content\294100\2842502659","Textures\Abilities\Nightstalker\IntensifyShadows.png","VanillaExpanded\VanillaExpanded.VPsycastsE\Textures\Abilities\Nightstalker\IntensifyShadows.png","2289","21F3681CD16B7B9EF0EBE3283CEE41ED3777355FD3A9AAD84402013670B45717"
"VanillaExpanded","VanillaExpanded.VPsycastsE","Vanilla Psycasts Expanded","D:\Steam\steamapps\workshop\content\294100\2842502659","Textures\Abilities\Nightstalker\Nightstep.png","VanillaExpanded\VanillaExpanded.VPsycastsE\Textures\Abilities\Nightstalker\Nightstep.png","4537","B56F176EE5D7E116AF433C5A6EA359348670F4A7CD8807D18DAF8368A68F522C"
"VanillaExpanded","VanillaExpanded.VPsycastsE","Vanilla Psycasts Expanded","D:\Steam\steamapps\workshop\content\294100\2842502659","Textures\Abilities\Nightstalker\Obscure.png","VanillaExpanded\VanillaExpanded.VPsycastsE\Textures\Abilities\Nightstalker\Obscure.png","4786","878E3C613736B5D497728BE7D30EF12823B260F8FB345B67D2B8511358CE3359"
"VanillaExpanded","VanillaExpanded.VPsycastsE","Vanilla Psycasts Expanded","D:\Steam\steamapps\workshop\content\294100\2842502659","Textures\Abilities\Nightstalker\ShadowFocus.png","VanillaExpanded\VanillaExpanded.VPsycastsE\Textures\Abilities\Nightstalker\ShadowFocus.png","4649","DA02D6D8AB38115840DC1C22EB39B50FF8F78919A2AE25C3238B9B8DA099871B"
"VanillaExpanded","VanillaExpanded.VPsycastsE","Vanilla Psycasts Expanded","D:\Steam\steamapps\workshop\content\294100\2842502659","Textures\Abilities\Nightstalker\Shadowskip.png","VanillaExpanded\VanillaExpanded.VPsycastsE\Textures\Abilities\Nightstalker\Shadowskip.png","4074","90F18A40AE00A2EB9E02A0482682894CE01514AA0347043091E9A5F2C0BE6A56"
"VanillaExpanded","VanillaExpanded.VPsycastsE","Vanilla Psycasts Expanded","D:\Steam\steamapps\workshop\content\294100\2842502659","Textures\Abilities\Protector\Focus.png","VanillaExpanded\VanillaExpanded.VPsycastsE\Textures\Abilities\Protector\Focus.png","3929","CA5BABBE651CABFB4D41D07B507FDFA7EC9A228E3683E10107DF151974EC2B6A"
"VanillaExpanded","VanillaExpanded.VPsycastsE","Vanilla Psycasts Expanded","D:\Steam\steamapps\workshop\content\294100\2842502659","Textures\Abilities\Protector\GuardianSkipbarrier.png","VanillaExpanded\VanillaExpanded.VPsycastsE\Textures\Abilities\Protector\GuardianSkipbarrier.png","4810","F259A2467DD2F075AC4CB789DE23EAA4A62A99295348E8AE6E565E3BD2DB68E3"
"VanillaExpanded","VanillaExpanded.VPsycastsE","Vanilla Psycasts Expanded","D:\Steam\steamapps\workshop\content\294100\2842502659","Textures\Abilities\Protector\Invisibility.png","VanillaExpanded\VanillaExpanded.VPsycastsE\Textures\Abilities\Protector\Invisibility.png","2977","1B85F047F3BD35A4BF7047FA1F33181192550983776782369B84AEA602591188"
"VanillaExpanded","VanillaExpanded.VPsycastsE","Vanilla Psycasts Expanded","D:\Steam\steamapps\workshop\content\294100\2842502659","Textures\Abilities\Protector\Overshield.png","VanillaExpanded\VanillaExpanded.VPsycastsE\Textures\Abilities\Protector\Overshield.png","4676","1D8120FE496D79B273FA10D8C347C09DCAB20FA0FD06BC96B42262B132662825"
"VanillaExpanded","VanillaExpanded.VPsycastsE","Vanilla Psycasts Expanded","D:\Steam\steamapps\workshop\content\294100\2842502659","Textures\Abilities\Protector\Painblock.png","VanillaExpanded\VanillaExpanded.VPsycastsE\Textures\Abilities\Protector\Painblock.png","3972","9EAFAEFB62D667382BC50EB25D87F97F62E54B68F19FDEBBAAA890678BDEEC89"
"VanillaExpanded","VanillaExpanded.VPsycastsE","Vanilla Psycasts Expanded","D:\Steam\steamapps\workshop\content\294100\2842502659","Textures\Abilities\Protector\RegrowLimbs.png","VanillaExpanded\VanillaExpanded.VPsycastsE\Textures\Abilities\Protector\RegrowLimbs.png","4910","C80D33ADACBDD35F279B872D246006DAAEA4F6FF6899AA0635F84ECE0886C35A"
"VanillaExpanded","VanillaExpanded.VPsycastsE","Vanilla Psycasts Expanded","D:\Steam\steamapps\workshop\content\294100\2842502659","Textures\Abilities\Protector\Skipshield.png","VanillaExpanded\VanillaExpanded.VPsycastsE\Textures\Abilities\Protector\Skipshield.png","2772","E9C8A3036780CE43F6994FEEAE887426BEB39A17C901FFCA8D3E29CE5E89F9FC"
"VanillaExpanded","VanillaExpanded.VPsycastsE","Vanilla Psycasts Expanded","D:\Steam\steamapps\workshop\content\294100\2842502659","Textures\Abilities\Protector\Stabilize.png","VanillaExpanded\VanillaExpanded.VPsycastsE\Textures\Abilities\Protector\Stabilize.png","3626","22887E0C7E628170A8916EA5F1A6F0B192B1BD24BB52060F0D1207E65934000C"
"VanillaExpanded","VanillaExpanded.VPsycastsE","Vanilla Psycasts Expanded","D:\Steam\steamapps\workshop\content\294100\2842502659","Textures\Abilities\Protector\WordofFortitude.png","VanillaExpanded\VanillaExpanded.VPsycastsE\Textures\Abilities\Protector\WordofFortitude.png","3886","E62173EB65CF5585AAAFC4C490C486F71B11086E25DC85ADC4B06209C3BBA332"
"VanillaExpanded","VanillaExpanded.VPsycastsE","Vanilla Psycasts Expanded","D:\Steam\steamapps\workshop\content\294100\2842502659","Textures\Abilities\Protector\WordofImmunity.png","VanillaExpanded\VanillaExpanded.VPsycastsE\Textures\Abilities\Protector\WordofImmunity.png","4950","F52A09810E1283A744E7244438EEE450C012E38A2CD205468B22622B6AD9EFC7"
"VanillaExpanded","VanillaExpanded.VPsycastsE","Vanilla Psycasts Expanded","D:\Steam\steamapps\workshop\content\294100\2842502659","Textures\Abilities\Puppeteer\Ascension.png","VanillaExpanded\VanillaExpanded.VPsycastsE\Textures\Abilities\Puppeteer\Ascension.png","6594","7B83E49A6AB47351142269FE79D66B147270F335B8DC2F9A7D8694E84622C1EF"
"VanillaExpanded","VanillaExpanded.VPsycastsE","Vanilla Psycasts Expanded","D:\Steam\steamapps\workshop\content\294100\2842502659","Textures\Abilities\Puppeteer\BrainCut.png","VanillaExpanded\VanillaExpanded.VPsycastsE\Textures\Abilities\Puppeteer\BrainCut.png","5148","7F0CAB24CD5441875864BBC51B4FF82B795CD9C6C1D969CD9643F3C7D835B1BD"
"VanillaExpanded","VanillaExpanded.VPsycastsE","Vanilla Psycasts Expanded","D:\Steam\steamapps\workshop\content\294100\2842502659","Textures\Abilities\Puppeteer\BrainLeech.png","VanillaExpanded\VanillaExpanded.VPsycastsE\Textures\Abilities\Puppeteer\BrainLeech.png","4887","F0A00D6E3E68447C9AE5174184B65024F2A13B71D0687AB6D825856A8EDACC12"
"VanillaExpanded","VanillaExpanded.VPsycastsE","Vanilla Psycasts Expanded","D:\Steam\steamapps\workshop\content\294100\2842502659","Textures\Abilities\Puppeteer\Degrade.png","VanillaExpanded\VanillaExpanded.VPsycastsE\Textures\Abilities\Puppeteer\Degrade.png","4636","99FC560A80230F6F21DA33BAA4FD8ADCF7A3BC64DEF19FDD5B25D39043DD0AAF"
"VanillaExpanded","VanillaExpanded.VPsycastsE","Vanilla Psycasts Expanded","D:\Steam\steamapps\workshop\content\294100\2842502659","Textures\Abilities\Puppeteer\MindJump.png","VanillaExpanded\VanillaExpanded.VPsycastsE\Textures\Abilities\Puppeteer\MindJump.png","4101","92064FB0D20A52A0D3BA70FFA85D2AD485456983F9E920AA9986D34E242A4AF6"
"VanillaExpanded","VanillaExpanded.VPsycastsE","Vanilla Psycasts Expanded","D:\Steam\steamapps\workshop\content\294100\2842502659","Textures\Abilities\Puppeteer\MindSplit.png","VanillaExpanded\VanillaExpanded.VPsycastsE\Textures\Abilities\Puppeteer\MindSplit.png","3793","3604007946228D22C4FC13EAF1DE6DA1ED809EECE89FD844251C6B134F632AD9"
"VanillaExpanded","VanillaExpanded.VPsycastsE","Vanilla Psycasts Expanded","D:\Steam\steamapps\workshop\content\294100\2842502659","Textures\Abilities\Puppeteer\Puppet.png","VanillaExpanded\VanillaExpanded.VPsycastsE\Textures\Abilities\Puppeteer\Puppet.png","4120","9AE7DC43D74B70F6B4290E55C9D510A25B135C701A3F31CD8A96E8717E11819B"
"VanillaExpanded","VanillaExpanded.VPsycastsE","Vanilla Psycasts Expanded","D:\Steam\steamapps\workshop\content\294100\2842502659","Textures\Abilities\Puppeteer\PuppetSwarm.png","VanillaExpanded\VanillaExpanded.VPsycastsE\Textures\Abilities\Puppeteer\PuppetSwarm.png","4925","05180EB91BF2CA5710579A901CE3E5C8D57A1AE5C0E65B77B19F7F33621BD384"
"VanillaExpanded","VanillaExpanded.VPsycastsE","Vanilla Psycasts Expanded","D:\Steam\steamapps\workshop\content\294100\2842502659","Textures\Abilities\Puppeteer\Subjugation.png","VanillaExpanded\VanillaExpanded.VPsycastsE\Textures\Abilities\Puppeteer\Subjugation.png","5432","5ED93CCE7D52CFF81F61394C348B574987D60A41418D75C05DDAD936DFDB91DC"
"VanillaExpanded","VanillaExpanded.VPsycastsE","Vanilla Psycasts Expanded","D:\Steam\steamapps\workshop\content\294100\2842502659","Textures\Abilities\Puppeteer\SummonPuppet.png","VanillaExpanded\VanillaExpanded.VPsycastsE\Textures\Abilities\Puppeteer\SummonPuppet.png","4504","604E2F537EF006A52487CB36597974AD994BDCACF358ABC8219209D3FBF34ADD"
"VanillaExpanded","VanillaExpanded.VPsycastsE","Vanilla Psycasts Expanded","D:\Steam\steamapps\workshop\content\294100\2842502659","Textures\Abilities\Skipmaster\ChaosSkip.png","VanillaExpanded\VanillaExpanded.VPsycastsE\Textures\Abilities\Skipmaster\ChaosSkip.png","3769","029D161190DD21E19FD1D0DCAE18974EB95F3A0DD14B759EDDAA767BC00AE83C"
"VanillaExpanded","VanillaExpanded.VPsycastsE","Vanilla Psycasts Expanded","D:\Steam\steamapps\workshop\content\294100\2842502659","Textures\Abilities\Skipmaster\Chunkskip.png","VanillaExpanded\VanillaExpanded.VPsycastsE\Textures\Abilities\Skipmaster\Chunkskip.png","3230","B60BFF70E32BBDBA2B810242AD21CE47530F382870F3671E99481EB587D54537"
"VanillaExpanded","VanillaExpanded.VPsycastsE","Vanilla Psycasts Expanded","D:\Steam\steamapps\workshop\content\294100\2842502659","Textures\Abilities\Skipmaster\Farskip.png","VanillaExpanded\VanillaExpanded.VPsycastsE\Textures\Abilities\Skipmaster\Farskip.png","3856","91D9F857190D7E7B2C7948A24A6B2D8D65BBDB4059E673E702975FFF7DE9F7C0"
"VanillaExpanded","VanillaExpanded.VPsycastsE","Vanilla Psycasts Expanded","D:\Steam\steamapps\workshop\content\294100\2842502659","Textures\Abilities\Skipmaster\MassChaosSkip.png","VanillaExpanded\VanillaExpanded.VPsycastsE\Textures\Abilities\Skipmaster\MassChaosSkip.png","3787","7CF63C234A6500C0EA5209A531DE9AEFD6134DA097D877F65530F81C99E94C2F"
"VanillaExpanded","VanillaExpanded.VPsycastsE","Vanilla Psycasts Expanded","D:\Steam\steamapps\workshop\content\294100\2842502659","Textures\Abilities\Skipmaster\ResourceSkip.png","VanillaExpanded\VanillaExpanded.VPsycastsE\Textures\Abilities\Skipmaster\ResourceSkip.png","4190","DEA1C8FF0B78970A4B3FFA2771F0852298EBC52DA73F8E21029CE1239139E29E"
"VanillaExpanded","VanillaExpanded.VPsycastsE","Vanilla Psycasts Expanded","D:\Steam\steamapps\workshop\content\294100\2842502659","Textures\Abilities\Skipmaster\Skip.png","VanillaExpanded\VanillaExpanded.VPsycastsE\Textures\Abilities\Skipmaster\Skip.png","2156","D5A04C9F3FEEF382FADD7B2BB4253788B56761E9A759B269C0CBE466501D8EBE"
"VanillaExpanded","VanillaExpanded.VPsycastsE","Vanilla Psycasts Expanded","D:\Steam\steamapps\workshop\content\294100\2842502659","Textures\Abilities\Skipmaster\Skipdoor.png","VanillaExpanded\VanillaExpanded.VPsycastsE\Textures\Abilities\Skipmaster\Skipdoor.png","5768","3501A2333A43D4351F45B4353E6BD4016EB979092DE97E68A97A7B0A40AEFCB4"
"VanillaExpanded","VanillaExpanded.VPsycastsE","Vanilla Psycasts Expanded","D:\Steam\steamapps\workshop\content\294100\2842502659","Textures\Abilities\Skipmaster\Smokepop.png","VanillaExpanded\VanillaExpanded.VPsycastsE\Textures\Abilities\Skipmaster\Smokepop.png","3487","DED16AFBF71140CACEF81873030D86083A28E108AE832F077D329293C14731D0"
"VanillaExpanded","VanillaExpanded.VPsycastsE","Vanilla Psycasts Expanded","D:\Steam\steamapps\workshop\content\294100\2842502659","Textures\Abilities\Skipmaster\SolarPinhole.png","VanillaExpanded\VanillaExpanded.VPsycastsE\Textures\Abilities\Skipmaster\SolarPinhole.png","2597","3F0B8AEAEAAFF96585043A68F215C4D59C6F0187677D7410A83B5B3F82F63569"
"VanillaExpanded","VanillaExpanded.VPsycastsE","Vanilla Psycasts Expanded","D:\Steam\steamapps\workshop\content\294100\2842502659","Textures\Abilities\Skipmaster\Wallraise.png","VanillaExpanded\VanillaExpanded.VPsycastsE\Textures\Abilities\Skipmaster\Wallraise.png","2468","DB31640022F19E3E66CDA9AE627EADDD1D612CE055811B0FA9F6EFBBA6728485"
"VanillaExpanded","VanillaExpanded.VPsycastsE","Vanilla Psycasts Expanded","D:\Steam\steamapps\workshop\content\294100\2842502659","Textures\Abilities\Skipmaster\Waterskip.png","VanillaExpanded\VanillaExpanded.VPsycastsE\Textures\Abilities\Skipmaster\Waterskip.png","3840","9FCF22331E4578A8AB3D8DA3C262C82ABE5DAEAA7DBD25F857D943CA370464C1"
"VanillaExpanded","VanillaExpanded.VPsycastsE","Vanilla Psycasts Expanded","D:\Steam\steamapps\workshop\content\294100\2842502659","Textures\Abilities\Staticlord\BallLightning.png","VanillaExpanded\VanillaExpanded.VPsycastsE\Textures\Abilities\Staticlord\BallLightning.png","4223","BE94B58CCBED0E6F4885BD68F018F9CC9FBFDC58F3E0B34867C2FCCD41BBCF21"
"VanillaExpanded","VanillaExpanded.VPsycastsE","Vanilla Psycasts Expanded","D:\Steam\steamapps\workshop\content\294100\2842502659","Textures\Abilities\Staticlord\Bolt.png","VanillaExpanded\VanillaExpanded.VPsycastsE\Textures\Abilities\Staticlord\Bolt.png","2904","E151D4C8CC6CA012EF52E5D313AA1E5BC5916A6E475C3FB495E892DD4BE27489"
"VanillaExpanded","VanillaExpanded.VPsycastsE","Vanilla Psycasts Expanded","D:\Steam\steamapps\workshop\content\294100\2842502659","Textures\Abilities\Staticlord\ChainBolt.png","VanillaExpanded\VanillaExpanded.VPsycastsE\Textures\Abilities\Staticlord\ChainBolt.png","4812","69DCDB470FEBF063A0EE5D994753729E68371EC8C86D7CD650F3725A2B45B25C"
"VanillaExpanded","VanillaExpanded.VPsycastsE","Vanilla Psycasts Expanded","D:\Steam\steamapps\workshop\content\294100\2842502659","Textures\Abilities\Staticlord\Flashstorm.png","VanillaExpanded\VanillaExpanded.VPsycastsE\Textures\Abilities\Staticlord\Flashstorm.png","5596","3BF4D1AADDB52C022D37E75143C4780DE5DEBC10FBE1A7FD1E9F1D636E7DDC1A"
"VanillaExpanded","VanillaExpanded.VPsycastsE","Vanilla Psycasts Expanded","D:\Steam\steamapps\workshop\content\294100\2842502659","Textures\Abilities\Staticlord\Hurricane.png","VanillaExpanded\VanillaExpanded.VPsycastsE\Textures\Abilities\Staticlord\Hurricane.png","6829","00C87CF336440808114496E4B39CC253642FE21E795BAAA0A3E9EDFF4787FAA2"
"VanillaExpanded","VanillaExpanded.VPsycastsE","Vanilla Psycasts Expanded","D:\Steam\steamapps\workshop\content\294100\2842502659","Textures\Abilities\Staticlord\Recharge.png","VanillaExpanded\VanillaExpanded.VPsycastsE\Textures\Abilities\Staticlord\Recharge.png","2373","CF4AB85020C2AA60CF537F02755CFB304E3080D45CA6D8B37D75FC6D3832B325"
"VanillaExpanded","VanillaExpanded.VPsycastsE","Vanilla Psycasts Expanded","D:\Steam\steamapps\workshop\content\294100\2842502659","Textures\Abilities\Staticlord\StaticAura.png","VanillaExpanded\VanillaExpanded.VPsycastsE\Textures\Abilities\Staticlord\StaticAura.png","4660","AB19A920894954F38AEE909DD39991EFFD9C229DD0E48E2FDAE2CCBE44D28902"
"VanillaExpanded","VanillaExpanded.VPsycastsE","Vanilla Psycasts Expanded","D:\Steam\steamapps\workshop\content\294100\2842502659","Textures\Abilities\Staticlord\StaticPulse.png","VanillaExpanded\VanillaExpanded.VPsycastsE\Textures\Abilities\Staticlord\StaticPulse.png","4734","4880E5B554F93EC3769C200B27E73B89D849A40E1F32A8635E9F2E7608F263E6"
"VanillaExpanded","VanillaExpanded.VPsycastsE","Vanilla Psycasts Expanded","D:\Steam\steamapps\workshop\content\294100\2842502659","Textures\Abilities\Staticlord\Thunderbolt.png","VanillaExpanded\VanillaExpanded.VPsycastsE\Textures\Abilities\Staticlord\Thunderbolt.png","3731","D8512B689CE6B4D918A07D9B98B34560014B1899077DEEC48E760BCB926C7CFA"
"VanillaExpanded","VanillaExpanded.VPsycastsE","Vanilla Psycasts Expanded","D:\Steam\steamapps\workshop\content\294100\2842502659","Textures\Abilities\Staticlord\Vortex.png","VanillaExpanded\VanillaExpanded.VPsycastsE\Textures\Abilities\Staticlord\Vortex.png","5352","4E751162CBDA3798624C0791714C138D7DC17589A6F5E7212D4E538C47037A08"
"VanillaExpanded","VanillaExpanded.VPsycastsE","Vanilla Psycasts Expanded","D:\Steam\steamapps\workshop\content\294100\2842502659","Textures\Abilities\Technomancer\ConjureHeatPearls.png","VanillaExpanded\VanillaExpanded.VPsycastsE\Textures\Abilities\Technomancer\ConjureHeatPearls.png","4665","26E607BA01738A8FA68D198E8C7C315EB1607E4440395C877B98B5B5B69CC8F4"
"VanillaExpanded","VanillaExpanded.VPsycastsE","Vanilla Psycasts Expanded","D:\Steam\steamapps\workshop\content\294100\2842502659","Textures\Abilities\Technomancer\CraftPsyRing.png","VanillaExpanded\VanillaExpanded.VPsycastsE\Textures\Abilities\Technomancer\CraftPsyRing.png","4942","8DD3AC6910EED188B9920630E740BFAC2AC4CCBF7E07B27B71D0F1986508FA0D"
"VanillaExpanded","VanillaExpanded.VPsycastsE","Vanilla Psycasts Expanded","D:\Steam\steamapps\workshop\content\294100\2842502659","Textures\Abilities\Technomancer\EnchantQuality.png","VanillaExpanded\VanillaExpanded.VPsycastsE\Textures\Abilities\Technomancer\EnchantQuality.png","5703","2E6DA818D1B7F79A774388B39EA3397D100CEB36DA826DB41AFC8416FB4F8A2D"
"VanillaExpanded","VanillaExpanded.VPsycastsE","Vanilla Psycasts Expanded","D:\Steam\steamapps\workshop\content\294100\2842502659","Textures\Abilities\Technomancer\Haywire.png","VanillaExpanded\VanillaExpanded.VPsycastsE\Textures\Abilities\Technomancer\Haywire.png","4343","D96CDF6513025717B278231AFD0E2F4E03BA8B3DAEEE8F0282E7DF8DC1452BE6"
"VanillaExpanded","VanillaExpanded.VPsycastsE","Vanilla Psycasts Expanded","D:\Steam\steamapps\workshop\content\294100\2842502659","Textures\Abilities\Technomancer\Mend.png","VanillaExpanded\VanillaExpanded.VPsycastsE\Textures\Abilities\Technomancer\Mend.png","4151","48B84F2A666427D0E67986623C1E2DC3A1ACEAA0521826024D56DE8169F0330E"
"VanillaExpanded","VanillaExpanded.VPsycastsE","Vanilla Psycasts Expanded","D:\Steam\steamapps\workshop\content\294100\2842502659","Textures\Abilities\Technomancer\Power.png","VanillaExpanded\VanillaExpanded.VPsycastsE\Textures\Abilities\Technomancer\Power.png","3626","59A9EEA716D92E9AE028A6FBE43F2D901B6B3DB2755976CEBDF1A68A4C4F9B6D"
"VanillaExpanded","VanillaExpanded.VPsycastsE","Vanilla Psycasts Expanded","D:\Steam\steamapps\workshop\content\294100\2842502659","Textures\Abilities\Technomancer\ReverseEngineer.png","VanillaExpanded\VanillaExpanded.VPsycastsE\Textures\Abilities\Technomancer\ReverseEngineer.png","6087","5450A992C92B3BFE6C52E3C4A5676C0C50E97B8DC18C01251328BBC8E1BF7728"
"VanillaExpanded","VanillaExpanded.VPsycastsE","Vanilla Psycasts Expanded","D:\Steam\steamapps\workshop\content\294100\2842502659","Textures\Abilities\Technomancer\RockConstruct.png","VanillaExpanded\VanillaExpanded.VPsycastsE\Textures\Abilities\Technomancer\RockConstruct.png","4595","A1B8778AAA2AF8960CC9E27747EFCAB225FF496645C8C8A58AEDF6AA501AE6C9"
"VanillaExpanded","VanillaExpanded.VPsycastsE","Vanilla Psycasts Expanded","D:\Steam\steamapps\workshop\content\294100\2842502659","Textures\Abilities\Technomancer\SteelConstruct.png","VanillaExpanded\VanillaExpanded.VPsycastsE\Textures\Abilities\Technomancer\SteelConstruct.png","4383","E6704CA04C177D2120831F233DD6687029499E24081959BD398684FE3AE2C522"
"VanillaExpanded","VanillaExpanded.VPsycastsE","Vanilla Psycasts Expanded","D:\Steam\steamapps\workshop\content\294100\2842502659","Textures\Abilities\Technomancer\WordofProgress.png","VanillaExpanded\VanillaExpanded.VPsycastsE\Textures\Abilities\Technomancer\WordofProgress.png","4633","9AC59149416C9D6E99A86760995E7D1C6EDA6083BB12FB472FF532E7CB75BCBA"
"VanillaExpanded","VanillaExpanded.VPsycastsE","Vanilla Psycasts Expanded","D:\Steam\steamapps\workshop\content\294100\2842502659","Textures\Abilities\Warlord\AdrenalineRush.png","VanillaExpanded\VanillaExpanded.VPsycastsE\Textures\Abilities\Warlord\AdrenalineRush.png","4695","F5EBB701083B003CA412EE5E0EAF3F927F1764AC4A39096B9659672C4801A808"
"VanillaExpanded","VanillaExpanded.VPsycastsE","Vanilla Psycasts Expanded","D:\Steam\steamapps\workshop\content\294100\2842502659","Textures\Abilities\Warlord\Beckon.png","VanillaExpanded\VanillaExpanded.VPsycastsE\Textures\Abilities\Warlord\Beckon.png","2310","8B39BA03BFFCF9EEF025FAD53E71E3CF9F1FEAD648A173C83610544F1878A36A"
"VanillaExpanded","VanillaExpanded.VPsycastsE","Vanilla Psycasts Expanded","D:\Steam\steamapps\workshop\content\294100\2842502659","Textures\Abilities\Warlord\BladeFocus.png","VanillaExpanded\VanillaExpanded.VPsycastsE\Textures\Abilities\Warlord\BladeFocus.png","7638","EBE26D93315C2E82AC3A3D42325ED38A04BBFF05F016EC89EBE65E0982474BD3"
"VanillaExpanded","VanillaExpanded.VPsycastsE","Vanilla Psycasts Expanded","D:\Steam\steamapps\workshop\content\294100\2842502659","Textures\Abilities\Warlord\ControlledFrenzy.png","VanillaExpanded\VanillaExpanded.VPsycastsE\Textures\Abilities\Warlord\ControlledFrenzy.png","5245","C920C217E890BF3079541B9E0410329C756DAF19DFB9C73F18F01BC042585873"
"VanillaExpanded","VanillaExpanded.VPsycastsE","Vanilla Psycasts Expanded","D:\Steam\steamapps\workshop\content\294100\2842502659","Textures\Abilities\Warlord\FiringFocus.png","VanillaExpanded\VanillaExpanded.VPsycastsE\Textures\Abilities\Warlord\FiringFocus.png","6694","C0AF927F438D78BB4B06BF26AB5BCDDE3E371E4D45EA5B3786D72638400E1E89"
"VanillaExpanded","VanillaExpanded.VPsycastsE","Vanilla Psycasts Expanded","D:\Steam\steamapps\workshop\content\294100\2842502659","Textures\Abilities\Warlord\GuidedShot.png","VanillaExpanded\VanillaExpanded.VPsycastsE\Textures\Abilities\Warlord\GuidedShot.png","4432","C5943607EE7190F453CE7DC5A75B8394D4017A3A4FEB1955EC6DFB528351A28E"
"VanillaExpanded","VanillaExpanded.VPsycastsE","Vanilla Psycasts Expanded","D:\Steam\steamapps\workshop\content\294100\2842502659","Textures\Abilities\Warlord\Killskip.png","VanillaExpanded\VanillaExpanded.VPsycastsE\Textures\Abilities\Warlord\Killskip.png","5292","4EB13BCADA1D4FA0E28F358A31510E16FA87648203D5FC98880B859580A517F0"
"VanillaExpanded","VanillaExpanded.VPsycastsE","Vanilla Psycasts Expanded","D:\Steam\steamapps\workshop\content\294100\2842502659","Textures\Abilities\Warlord\MassBeckon.png","VanillaExpanded\VanillaExpanded.VPsycastsE\Textures\Abilities\Warlord\MassBeckon.png","4509","F50EDFAB94C0BFAEE339E72299F1746F5897A54F53A8CAB2357F10188DF0B89D"
"VanillaExpanded","VanillaExpanded.VPsycastsE","Vanilla Psycasts Expanded","D:\Steam\steamapps\workshop\content\294100\2842502659","Textures\Abilities\Warlord\PowerLeap.png","VanillaExpanded\VanillaExpanded.VPsycastsE\Textures\Abilities\Warlord\PowerLeap.png","5153","0C88F514A3FE035EFB384622FA0E7E3928632946B1A7D20994EE8CC9C5F26CAA"
"VanillaExpanded","VanillaExpanded.VPsycastsE","Vanilla Psycasts Expanded","D:\Steam\steamapps\workshop\content\294100\2842502659","Textures\Abilities\Warlord\SpeedBoost.png","VanillaExpanded\VanillaExpanded.VPsycastsE\Textures\Abilities\Warlord\SpeedBoost.png","4300","501B7A9D59D73776B0E1C5774D63D034BFDCBB6588AECE2936DB9806475D4237"
"VanillaExpanded","VanillaExpanded.VPsycastsE","Vanilla Psycasts Expanded","D:\Steam\steamapps\workshop\content\294100\2842502659","Textures\Abilities\Wildspeaker\AnimalAllies.png","VanillaExpanded\VanillaExpanded.VPsycastsE\Textures\Abilities\Wildspeaker\AnimalAllies.png","4114","2EBF816F966487ACCDE6CA8F4A39E1093D7695D2C899E15AD6B71A7F57D8E945"
"VanillaExpanded","VanillaExpanded.VPsycastsE","Vanilla Psycasts Expanded","D:\Steam\steamapps\workshop\content\294100\2842502659","Textures\Abilities\Wildspeaker\BrambleMaze.png","VanillaExpanded\VanillaExpanded.VPsycastsE\Textures\Abilities\Wildspeaker\BrambleMaze.png","4591","460AEE88A56536F3E0BE573015B9A6E4EEA75D0C7C7B6D47DEA3C0799A3B50FB"
"VanillaExpanded","VanillaExpanded.VPsycastsE","Vanilla Psycasts Expanded","D:\Steam\steamapps\workshop\content\294100\2842502659","Textures\Abilities\Wildspeaker\CropBurst.png","VanillaExpanded\VanillaExpanded.VPsycastsE\Textures\Abilities\Wildspeaker\CropBurst.png","5332","0B97D82268AAB6218EE65BF5F55EE4EEDD564D3A4B73C74DEC298054C01E2992"
"VanillaExpanded","VanillaExpanded.VPsycastsE","Vanilla Psycasts Expanded","D:\Steam\steamapps\workshop\content\294100\2842502659","Textures\Abilities\Wildspeaker\EssenceTransfer.png","VanillaExpanded\VanillaExpanded.VPsycastsE\Textures\Abilities\Wildspeaker\EssenceTransfer.png","4438","DD3F17000BE0625444E67769F15F487E82BC6CE2B4308B6EF216B1D986B14C40"
"VanillaExpanded","VanillaExpanded.VPsycastsE","Vanilla Psycasts Expanded","D:\Steam\steamapps\workshop\content\294100\2842502659","Textures\Abilities\Wildspeaker\ManhunterPulse.png","VanillaExpanded\VanillaExpanded.VPsycastsE\Textures\Abilities\Wildspeaker\ManhunterPulse.png","6613","BE79DD1487775801ABFC5FA8A673263560ADDAA442CE13B4783F5B02A8F7DF92"
"VanillaExpanded","VanillaExpanded.VPsycastsE","Vanilla Psycasts Expanded","D:\Steam\steamapps\workshop\content\294100\2842502659","Textures\Abilities\Wildspeaker\ShieldAnimals.png","VanillaExpanded\VanillaExpanded.VPsycastsE\Textures\Abilities\Wildspeaker\ShieldAnimals.png","5172","92DC6DF7C40C9E4BEA96D00AC20D9714B89911F3104D9DA92A4461BE46FF544B"
"VanillaExpanded","VanillaExpanded.VPsycastsE","Vanilla Psycasts Expanded","D:\Steam\steamapps\workshop\content\294100\2842502659","Textures\Abilities\Wildspeaker\Shrineshield.png","VanillaExpanded\VanillaExpanded.VPsycastsE\Textures\Abilities\Wildspeaker\Shrineshield.png","4427","9F543BABC6FF9B6D258FAD29688C51C7ABB0554AD87FE74669959BCB0C4CBD65"
"VanillaExpanded","VanillaExpanded.VPsycastsE","Vanilla Psycasts Expanded","D:\Steam\steamapps\workshop\content\294100\2842502659","Textures\Abilities\Wildspeaker\SummonPack.png","VanillaExpanded\VanillaExpanded.VPsycastsE\Textures\Abilities\Wildspeaker\SummonPack.png","5521","D236517BA9DD9F8FED7FAB0760FC249F9E393896FC3AB7D86EADC743BDFE85FA"
"VanillaExpanded","VanillaExpanded.VPsycastsE","Vanilla Psycasts Expanded","D:\Steam\steamapps\workshop\content\294100\2842502659","Textures\Abilities\Wildspeaker\TreeSprout.png","VanillaExpanded\VanillaExpanded.VPsycastsE\Textures\Abilities\Wildspeaker\TreeSprout.png","5280","8D08A99959D9A0096508DC5CF183B5376C2C5896BCCBB93D411B8F67CF14E4A2"
"VanillaExpanded","VanillaExpanded.VPsycastsE","Vanilla Psycasts Expanded","D:\Steam\steamapps\workshop\content\294100\2842502659","Textures\Abilities\Wildspeaker\WordofAnimals.png","VanillaExpanded\VanillaExpanded.VPsycastsE\Textures\Abilities\Wildspeaker\WordofAnimals.png","5727","79598047997B64CE3943AD40E8D6E635ECE0EB827BF3F19B30EA061AE3D0E42B"
"VanillaExpanded","VanillaExpanded.VPsycastsE","Vanilla Psycasts Expanded","D:\Steam\steamapps\workshop\content\294100\2842502659","Textures\MapIcons\EltexMeteorLocation.png","VanillaExpanded\VanillaExpanded.VPsycastsE\Textures\MapIcons\EltexMeteorLocation.png","3413","DDB7A9598C64B6F4C5199BF96A87206FCD5285E863B773F0D17A5EC2EE9BDA9D"
"VanillaExpanded","VanillaExpanded.VPsycastsE","Vanilla Psycasts Expanded","D:\Steam\steamapps\workshop\content\294100\2842502659","Textures\UI\AlternativeBackgrounds\PathBG_Archon.png","VanillaExpanded\VanillaExpanded.VPsycastsE\Textures\UI\AlternativeBackgrounds\PathBG_Archon.png","512795","415CA333A97F293F326879FDED4A5DFF617889C179B152771646CC1C09ECF167"
"VanillaExpanded","VanillaExpanded.VPsycastsE","Vanilla Psycasts Expanded","D:\Steam\steamapps\workshop\content\294100\2842502659","Textures\UI\AlternativeBackgrounds\PathBG_Archotechist.png","VanillaExpanded\VanillaExpanded.VPsycastsE\Textures\UI\AlternativeBackgrounds\PathBG_Archotechist.png","418208","B572FEA8B1C53FDB5F20007020516A76F9632F7FEE81C60BFF124B0EB41C5F17"
"VanillaExpanded","VanillaExpanded.VPsycastsE","Vanilla Psycasts Expanded","D:\Steam\steamapps\workshop\content\294100\2842502659","Textures\UI\AlternativeBackgrounds\PathBG_Chronopath.png","VanillaExpanded\VanillaExpanded.VPsycastsE\Textures\UI\AlternativeBackgrounds\PathBG_Chronopath.png","475488","32E389DB34F8622D0959EA24115349A882654C77104D1AD38A1D98D5210E0B76"
"VanillaExpanded","VanillaExpanded.VPsycastsE","Vanilla Psycasts Expanded","D:\Steam\steamapps\workshop\content\294100\2842502659","Textures\UI\AlternativeBackgrounds\PathBG_Conflagrator.png","VanillaExpanded\VanillaExpanded.VPsycastsE\Textures\UI\AlternativeBackgrounds\PathBG_Conflagrator.png","447452","98A2A78B711191B03649187D4CB6C20E839057A9231EB925A62A3C943B6004B5"
"VanillaExpanded","VanillaExpanded.VPsycastsE","Vanilla Psycasts Expanded","D:\Steam\steamapps\workshop\content\294100\2842502659","Textures\UI\AlternativeBackgrounds\PathBG_Empath.png","VanillaExpanded\VanillaExpanded.VPsycastsE\Textures\UI\AlternativeBackgrounds\PathBG_Empath.png","423581","661A4050BC61E8F4832823DCB64FDDBBC3FF1D61077739C2A04CB465841F4456"
"VanillaExpanded","VanillaExpanded.VPsycastsE","Vanilla Psycasts Expanded","D:\Steam\steamapps\workshop\content\294100\2842502659","Textures\UI\AlternativeBackgrounds\PathBG_Frostshaper.png","VanillaExpanded\VanillaExpanded.VPsycastsE\Textures\UI\AlternativeBackgrounds\PathBG_Frostshaper.png","579731","ADCDDFE5EB78EE7C81FA98A9690A72F21574B2EBB04FBD862A34763AFC60706D"
"VanillaExpanded","VanillaExpanded.VPsycastsE","Vanilla Psycasts Expanded","D:\Steam\steamapps\workshop\content\294100\2842502659","Textures\UI\AlternativeBackgrounds\PathBG_Harmonist.png","VanillaExpanded\VanillaExpanded.VPsycastsE\Textures\UI\AlternativeBackgrounds\PathBG_Harmonist.png","383869","F731FE435B2D4072C635A65E85E43EFC4E7372570CB5D285F35BE499245EA61E"
"VanillaExpanded","VanillaExpanded.VPsycastsE","Vanilla Psycasts Expanded","D:\Steam\steamapps\workshop\content\294100\2842502659","Textures\UI\AlternativeBackgrounds\PathBG_Necropath.png","VanillaExpanded\VanillaExpanded.VPsycastsE\Textures\UI\AlternativeBackgrounds\PathBG_Necropath.png","316979","E73C140C5C4CD4D1ECF77B7D578A6512550223863E13B8E41418F645A737FF31"
"VanillaExpanded","VanillaExpanded.VPsycastsE","Vanilla Psycasts Expanded","D:\Steam\steamapps\workshop\content\294100\2842502659","Textures\UI\AlternativeBackgrounds\PathBG_Nightstalker.png","VanillaExpanded\VanillaExpanded.VPsycastsE\Textures\UI\AlternativeBackgrounds\PathBG_Nightstalker.png","412321","3ECAEA7F0D1D39B99E88224D793D838A36FF80941A0003C06E3D8933DEE85A08"
"VanillaExpanded","VanillaExpanded.VPsycastsE","Vanilla Psycasts Expanded","D:\Steam\steamapps\workshop\content\294100\2842502659","Textures\UI\AlternativeBackgrounds\PathBG_Protector.png","VanillaExpanded\VanillaExpanded.VPsycastsE\Textures\UI\AlternativeBackgrounds\PathBG_Protector.png","395380","7FC26B9DB285ABE67270B692F278FBB19E782216D9FB771596EEDE9F56797F80"
"VanillaExpanded","VanillaExpanded.VPsycastsE","Vanilla Psycasts Expanded","D:\Steam\steamapps\workshop\content\294100\2842502659","Textures\UI\AlternativeBackgrounds\PathBG_Puppeteer.png","VanillaExpanded\VanillaExpanded.VPsycastsE\Textures\UI\AlternativeBackgrounds\PathBG_Puppeteer.png","439445","BCBCA3CF24C3D37CC44C26F2BFF9BBAFF2BD6DEFA4AAF532B63A6671CF1234CB"
"VanillaExpanded","VanillaExpanded.VPsycastsE","Vanilla Psycasts Expanded","D:\Steam\steamapps\workshop\content\294100\2842502659","Textures\UI\AlternativeBackgrounds\PathBG_Skipmaster.png","VanillaExpanded\VanillaExpanded.VPsycastsE\Textures\UI\AlternativeBackgrounds\PathBG_Skipmaster.png","449575","881C4189647FDE9DA2D90E5071E1F91A025CF00D0ABBEE370FEB2370436F585F"
"VanillaExpanded","VanillaExpanded.VPsycastsE","Vanilla Psycasts Expanded","D:\Steam\steamapps\workshop\content\294100\2842502659","Textures\UI\AlternativeBackgrounds\PathBG_Staticlord.png","VanillaExpanded\VanillaExpanded.VPsycastsE\Textures\UI\AlternativeBackgrounds\PathBG_Staticlord.png","488512","ED028BD4B41CE29F416A20578A8C8CB2C5A933557F6B95093B36C8D9570DE0EE"
"VanillaExpanded","VanillaExpanded.VPsycastsE","Vanilla Psycasts Expanded","D:\Steam\steamapps\workshop\content\294100\2842502659","Textures\UI\AlternativeBackgrounds\PathBG_Technomancer.png","VanillaExpanded\VanillaExpanded.VPsycastsE\Textures\UI\AlternativeBackgrounds\PathBG_Technomancer.png","446791","6D64F20946ED698F2C1FD4F03EA813B5CAFD2F9D49C98452C60FF1BB8C3C1234"
"VanillaExpanded","VanillaExpanded.VPsycastsE","Vanilla Psycasts Expanded","D:\Steam\steamapps\workshop\content\294100\2842502659","Textures\UI\AlternativeBackgrounds\PathBG_Warlord.png","VanillaExpanded\VanillaExpanded.VPsycastsE\Textures\UI\AlternativeBackgrounds\PathBG_Warlord.png","377288","1DB57BC79751878BF986A44F774709837E1FE5381CCEAB1C60FADA5C96CF3138"
"VanillaExpanded","VanillaExpanded.VPsycastsE","Vanilla Psycasts Expanded","D:\Steam\steamapps\workshop\content\294100\2842502659","Textures\UI\AlternativeBackgrounds\PathBG_Wildspeaker.png","VanillaExpanded\VanillaExpanded.VPsycastsE\Textures\UI\AlternativeBackgrounds\PathBG_Wildspeaker.png","448204","2AC81E2E5A3A59A560484FA31EDD51A9EAFD3C3CBA2CF92E4D68FF6F3D34EB5A"
"VanillaExpanded","VanillaExpanded.VPsycastsE","Vanilla Psycasts Expanded","D:\Steam\steamapps\workshop\content\294100\2842502659","Textures\UI\Backgrounds\AnimatPath.png","VanillaExpanded\VanillaExpanded.VPsycastsE\Textures\UI\Backgrounds\AnimatPath.png","2459461","F754E9DD8E7AA9723836775444E67FFBF6B2416D3D75B195A4475C33B0EA3B9C"
"VanillaExpanded","VanillaExpanded.VPsycastsE","Vanilla Psycasts Expanded","D:\Steam\steamapps\workshop\content\294100\2842502659","Textures\UI\Backgrounds\ArchonPath.png","VanillaExpanded\VanillaExpanded.VPsycastsE\Textures\UI\Backgrounds\ArchonPath.png","2325163","D85DB40FA621853BF5F584DB0584EBD4270864BCE20863750ACBFD5E95FF4BD1"
"VanillaExpanded","VanillaExpanded.VPsycastsE","Vanilla Psycasts Expanded","D:\Steam\steamapps\workshop\content\294100\2842502659","Textures\UI\Backgrounds\ArchotechistPath.png","VanillaExpanded\VanillaExpanded.VPsycastsE\Textures\UI\Backgrounds\ArchotechistPath.png","2313311","BF29BDBE38AFF5386D93A63BDAD9A2AB56585AAA89C8B7818B58021CA3130B7E"
"VanillaExpanded","VanillaExpanded.VPsycastsE","Vanilla Psycasts Expanded","D:\Steam\steamapps\workshop\content\294100\2842502659","Textures\UI\Backgrounds\ArtificerPath.png","VanillaExpanded\VanillaExpanded.VPsycastsE\Textures\UI\Backgrounds\ArtificerPath.png","2012708","D38E0874C4B7EC46AEB8E4C7E05612C540FA9DBC115B781EAF04C841D44FB093"
"VanillaExpanded","VanillaExpanded.VPsycastsE","Vanilla Psycasts Expanded","D:\Steam\steamapps\workshop\content\294100\2842502659","Textures\UI\Backgrounds\ChronopathPath.png","VanillaExpanded\VanillaExpanded.VPsycastsE\Textures\UI\Backgrounds\ChronopathPath.png","2265954","33F66737B50A62620638F86C4CCC92FB78D5D11AF9873B7458CF5F7403BD4EC7"
"VanillaExpanded","VanillaExpanded.VPsycastsE","Vanilla Psycasts Expanded","D:\Steam\steamapps\workshop\content\294100\2842502659","Textures\UI\Backgrounds\ConflagratorPath.png","VanillaExpanded\VanillaExpanded.VPsycastsE\Textures\UI\Backgrounds\ConflagratorPath.png","2259790","4E222F027C65DC6E1869996C517CE846BD552B996EE18CB4EF687C04C0CF587E"
"VanillaExpanded","VanillaExpanded.VPsycastsE","Vanilla Psycasts Expanded","D:\Steam\steamapps\workshop\content\294100\2842502659","Textures\UI\Backgrounds\EmpathPath.png","VanillaExpanded\VanillaExpanded.VPsycastsE\Textures\UI\Backgrounds\EmpathPath.png","2283081","5C3C6C40C6FF7301E5775DF1F57DD1EC56D18A896EB0BDBF328211FDD85E6359"
"VanillaExpanded","VanillaExpanded.VPsycastsE","Vanilla Psycasts Expanded","D:\Steam\steamapps\workshop\content\294100\2842502659","Textures\UI\Backgrounds\FrostshaperPath.png","VanillaExpanded\VanillaExpanded.VPsycastsE\Textures\UI\Backgrounds\FrostshaperPath.png","2193330","8F91E8643BB73BEEAF1D3C37FB9D75F4CE2F2E40206DEF53ED1484285DED3320"
"VanillaExpanded","VanillaExpanded.VPsycastsE","Vanilla Psycasts Expanded","D:\Steam\steamapps\workshop\content\294100\2842502659","Textures\UI\Backgrounds\GauwalkerPath.png","VanillaExpanded\VanillaExpanded.VPsycastsE\Textures\UI\Backgrounds\GauwalkerPath.png","2822638","F8B8D2240DAAC47083C0A51663E8009D55F5B5F1B3FB6C40CD27F4D67CD59D4E"
"VanillaExpanded","VanillaExpanded.VPsycastsE","Vanilla Psycasts Expanded","D:\Steam\steamapps\workshop\content\294100\2842502659","Textures\UI\Backgrounds\HarmonistPath.png","VanillaExpanded\VanillaExpanded.VPsycastsE\Textures\UI\Backgrounds\HarmonistPath.png","2334853","01A927E72FDA7DCCEFA6BCDBF93506B70BC15C1438C95725D0E538DA9189DF60"
"VanillaExpanded","VanillaExpanded.VPsycastsE","Vanilla Psycasts Expanded","D:\Steam\steamapps\workshop\content\294100\2842502659","Textures\UI\Backgrounds\InsectoratorPath.png","VanillaExpanded\VanillaExpanded.VPsycastsE\Textures\UI\Backgrounds\InsectoratorPath.png","2132477","A77C4376600C6B56B34C07FCBEAC5CD0A8AE38BE5CCA79BF9BF86493A77A8DAA"
"VanillaExpanded","VanillaExpanded.VPsycastsE","Vanilla Psycasts Expanded","D:\Steam\steamapps\workshop\content\294100\2842502659","Textures\UI\Backgrounds\NecropathPath.png","VanillaExpanded\VanillaExpanded.VPsycastsE\Textures\UI\Backgrounds\NecropathPath.png","2632291","7DDD11ABECB32FB7DCA7F549BC8980968D4A503F62755AEC210A636714F724DE"
"VanillaExpanded","VanillaExpanded.VPsycastsE","Vanilla Psycasts Expanded","D:\Steam\steamapps\workshop\content\294100\2842502659","Textures\UI\Backgrounds\NightstalkerPath.png","VanillaExpanded\VanillaExpanded.VPsycastsE\Textures\UI\Backgrounds\NightstalkerPath.png","1832096","B310ED004461A0CE877F37604F3C3C2CA57CF8F932431D5A4981642B01AACFDE"
"VanillaExpanded","VanillaExpanded.VPsycastsE","Vanilla Psycasts Expanded","D:\Steam\steamapps\workshop\content\294100\2842502659","Textures\UI\Backgrounds\ProtectorPath.png","VanillaExpanded\VanillaExpanded.VPsycastsE\Textures\UI\Backgrounds\ProtectorPath.png","2325326","495EE2335E37010D9EB51CDD8A78BEBADD07CA02960C5933830D7894E4AD77F7"
"VanillaExpanded","VanillaExpanded.VPsycastsE","Vanilla Psycasts Expanded","D:\Steam\steamapps\workshop\content\294100\2842502659","Textures\UI\Backgrounds\PuppeteerPath.png","VanillaExpanded\VanillaExpanded.VPsycastsE\Textures\UI\Backgrounds\PuppeteerPath.png","1515679","0517C4F62602E7B84A2282C843980079AA687302C7709C9F4C77EA668D0A140F"
"VanillaExpanded","VanillaExpanded.VPsycastsE","Vanilla Psycasts Expanded","D:\Steam\steamapps\workshop\content\294100\2842502659","Textures\UI\Backgrounds\SkipmasterPath.png","VanillaExpanded\VanillaExpanded.VPsycastsE\Textures\UI\Backgrounds\SkipmasterPath.png","2196621","C24DAD6BB45F47F4C855D1B8ECA14C2AC4AB9ADC61C6361252900F860E0A96DF"
"VanillaExpanded","VanillaExpanded.VPsycastsE","Vanilla Psycasts Expanded","D:\Steam\steamapps\workshop\content\294100\2842502659","Textures\UI\Backgrounds\StaticlordPath.png","VanillaExpanded\VanillaExpanded.VPsycastsE\Textures\UI\Backgrounds\StaticlordPath.png","2376285","7D1F5FA4D62FC82850CF55B2D6653729FE6777D4C4774A074FB279C2D6BB43CB"
"VanillaExpanded","VanillaExpanded.VPsycastsE","Vanilla Psycasts Expanded","D:\Steam\steamapps\workshop\content\294100\2842502659","Textures\UI\Backgrounds\TechnomancerPath.png","VanillaExpanded\VanillaExpanded.VPsycastsE\Textures\UI\Backgrounds\TechnomancerPath.png","2047873","2058BF31513172633306CB677C3F7526D18BC304C125A2A8572BA2AE5612DBD8"
"VanillaExpanded","VanillaExpanded.VPsycastsE","Vanilla Psycasts Expanded","D:\Steam\steamapps\workshop\content\294100\2842502659","Textures\UI\Backgrounds\WarlordPath.png","VanillaExpanded\VanillaExpanded.VPsycastsE\Textures\UI\Backgrounds\WarlordPath.png","2296321","1E84AC3EAFDCD2EF08C6035D6B0E892D831303BEBAF8FA2B432C712A3AF8C0A8"
"VanillaExpanded","VanillaExpanded.VPsycastsE","Vanilla Psycasts Expanded","D:\Steam\steamapps\workshop\content\294100\2842502659","Textures\UI\Backgrounds\WildspeakerPath.png","VanillaExpanded\VanillaExpanded.VPsycastsE\Textures\UI\Backgrounds\WildspeakerPath.png","2342066","AEC3A9FDBBF7A5B661FC756BE0C477B38ABF2D9AE241416D418B4635F9CA3FAC"
"VanillaExpanded","VanillaExpanded.VPsycastsE","Vanilla Psycasts Expanded","D:\Steam\steamapps\workshop\content\294100\2842502659","Textures\UI\CastBubble\Cast.png","VanillaExpanded\VanillaExpanded.VPsycastsE\Textures\UI\CastBubble\Cast.png","9864","AECEB5E80FF57BC0D27CD77D206738F2D1E42D34E534DDF2A03E5ACA9E2E138E"
"VanillaExpanded","VanillaExpanded.VPsycastsE","Vanilla Psycasts Expanded","D:\Steam\steamapps\workshop\content\294100\2842502659","Textures\UI\Gizmos\Psyset_Next.png","VanillaExpanded\VanillaExpanded.VPsycastsE\Textures\UI\Gizmos\Psyset_Next.png","8381","AB940C9F0F12A8784F04F035133903B56ECDC37D342F1289C7CB7351EEC533C0"
"VanillaExpanded","VanillaExpanded.VPsycastsE","Vanilla Psycasts Expanded","D:\Steam\steamapps\workshop\content\294100\2842502659","Textures\UI\Gizmos\Psyset_Previous.png","VanillaExpanded\VanillaExpanded.VPsycastsE\Textures\UI\Gizmos\Psyset_Previous.png","8601","5254570CF4C42925DC9D5D7AE0C433C349CE1EB62F2D2CA94DDE900B84D45059"
"VanillaExpanded","VanillaExpanded.VPsycastsE","Vanilla Psycasts Expanded","D:\Steam\steamapps\workshop\content\294100\2842502659","Textures\UI\HeroArt\Storytellers\BasilicusBestower.png","VanillaExpanded\VanillaExpanded.VPsycastsE\Textures\UI\HeroArt\Storytellers\BasilicusBestower.png","369660","74DDE2C57C0C31B508A1B13470ED4DFCAA9CDD9DA6F4055465BCC926128C34D8"
"VanillaExpanded","VanillaExpanded.VPsycastsE","Vanilla Psycasts Expanded","D:\Steam\steamapps\workshop\content\294100\2842502659","Textures\UI\HeroArt\Storytellers\BasilicusBestowerTiny.png","VanillaExpanded\VanillaExpanded.VPsycastsE\Textures\UI\HeroArt\Storytellers\BasilicusBestowerTiny.png","34997","788ED57645ABA85303FDB1DCE51E47D8EE12B4526BE2C491B48786444564B0D6"
"VanillaExpanded","VanillaExpanded.VPsycastsE","Vanilla Psycasts Expanded","D:\Steam\steamapps\workshop\content\294100\2842502659","Textures\UI\Icons\IconFocusTypes.png","VanillaExpanded\VanillaExpanded.VPsycastsE\Textures\UI\Icons\IconFocusTypes.png","1433","975B3F3BAE8F1AF04ECF71F51A031BD914A76AE1E0FB6C94B1A3E76BC249B735"
"VanillaExpanded","VanillaExpanded.VPsycastsE","Vanilla Psycasts Expanded","D:\Steam\steamapps\workshop\content\294100\2842502659","Textures\UI\Icons\IconNeuralHeatLimit.png","VanillaExpanded\VanillaExpanded.VPsycastsE\Textures\UI\Icons\IconNeuralHeatLimit.png","1253","4252DB4F7D1E17A377202273F25AD2F2628C61E233D32DC9DF5A3A829A0EF59F"
"VanillaExpanded","VanillaExpanded.VPsycastsE","Vanilla Psycasts Expanded","D:\Steam\steamapps\workshop\content\294100\2842502659","Textures\UI\Icons\IconNeuralHeatRegenRate.png","VanillaExpanded\VanillaExpanded.VPsycastsE\Textures\UI\Icons\IconNeuralHeatRegenRate.png","1635","003F1E8ACF30B130E44F416911E19DBCF6D078636922560C18F636760D14003A"
"VanillaExpanded","VanillaExpanded.VPsycastsE","Vanilla Psycasts Expanded","D:\Steam\steamapps\workshop\content\294100\2842502659","Textures\UI\Icons\IconPsychicSensitivity.png","VanillaExpanded\VanillaExpanded.VPsycastsE\Textures\UI\Icons\IconPsychicSensitivity.png","1240","0EAFFCC8F44095792EF0FCF2B95C7D92048ED6A6C890D0758231584BD0ADE743"
"VanillaExpanded","VanillaExpanded.VPsycastsE","Vanilla Psycasts Expanded","D:\Steam\steamapps\workshop\content\294100\2842502659","Textures\UI\Icons\IconPsyfocusCost.png","VanillaExpanded\VanillaExpanded.VPsycastsE\Textures\UI\Icons\IconPsyfocusCost.png","1258","C43519BB1F5328A813B3DF88E12D60DD12BC9EAA96E167DC7998927CD413862D"
"VanillaExpanded","VanillaExpanded.VPsycastsE","Vanilla Psycasts Expanded","D:\Steam\steamapps\workshop\content\294100\2842502659","Textures\UI\Icons\IconPsyfocusGain.png","VanillaExpanded\VanillaExpanded.VPsycastsE\Textures\UI\Icons\IconPsyfocusGain.png","1734","5531FA1F8F01E0932D6046E059D7AFB450B4CDB371A847DC58712DC715201B94"
"VanillaExpanded","VanillaExpanded.VPsycastsE","Vanilla Psycasts Expanded","D:\Steam\steamapps\workshop\content\294100\2842502659","Textures\UI\PsyfocusIcons\PsyfocusArchotechnology.png","VanillaExpanded\VanillaExpanded.VPsycastsE\Textures\UI\PsyfocusIcons\PsyfocusArchotechnology.png","1979","EE972A7D71CDB5228D26656CA9E1395B66B9E94F520D9EE2055E5292EF9BF6A7"
"VanillaExpanded","VanillaExpanded.VPsycastsE","Vanilla Psycasts Expanded","D:\Steam\steamapps\workshop\content\294100\2842502659","Textures\UI\PsyfocusIcons\PsyfocusArtistic.png","VanillaExpanded\VanillaExpanded.VPsycastsE\Textures\UI\PsyfocusIcons\PsyfocusArtistic.png","942","CD136BF96A9AD21D9A85C069A0286B45A00F78CA9F9C5E8B3B36D31023824235"
"VanillaExpanded","VanillaExpanded.VPsycastsE","Vanilla Psycasts Expanded","D:\Steam\steamapps\workshop\content\294100\2842502659","Textures\UI\PsyfocusIcons\PsyfocusDignified.png","VanillaExpanded\VanillaExpanded.VPsycastsE\Textures\UI\PsyfocusIcons\PsyfocusDignified.png","1034","CC478AF1F509CB63E129999FB4DF77EB49847A797E04726B635CAE9F2ED06F34"
"VanillaExpanded","VanillaExpanded.VPsycastsE","Vanilla Psycasts Expanded","D:\Steam\steamapps\workshop\content\294100\2842502659","Textures\UI\PsyfocusIcons\PsyfocusFlame.png","VanillaExpanded\VanillaExpanded.VPsycastsE\Textures\UI\PsyfocusIcons\PsyfocusFlame.png","1270","2742C26827967FF06B0EADF62F0E90608B17642991D954ED0A885B867C3EB425"
"VanillaExpanded","VanillaExpanded.VPsycastsE","Vanilla Psycasts Expanded","D:\Steam\steamapps\workshop\content\294100\2842502659","Textures\UI\PsyfocusIcons\PsyfocusGroup.png","VanillaExpanded\VanillaExpanded.VPsycastsE\Textures\UI\PsyfocusIcons\PsyfocusGroup.png","1279","EB813CB82885B5FF300B6E344C096CE14FE35FF0A70A44185AD7F13FD21A85AA"
"VanillaExpanded","VanillaExpanded.VPsycastsE","Vanilla Psycasts Expanded","D:\Steam\steamapps\workshop\content\294100\2842502659","Textures\UI\PsyfocusIcons\PsyfocusMinimal.png","VanillaExpanded\VanillaExpanded.VPsycastsE\Textures\UI\PsyfocusIcons\PsyfocusMinimal.png","743","FB851CDB148A721457DAFFD9A39D86BA8BAF31560E0E75693952B21FE7CBF6EF"
"VanillaExpanded","VanillaExpanded.VPsycastsE","Vanilla Psycasts Expanded","D:\Steam\steamapps\workshop\content\294100\2842502659","Textures\UI\PsyfocusIcons\PsyfocusMorbid.png","VanillaExpanded\VanillaExpanded.VPsycastsE\Textures\UI\PsyfocusIcons\PsyfocusMorbid.png","1165","FF13AAEF95094EACF64424796A9BFF540254E36BADD3F58BDF1E689BECE6B093"
"VanillaExpanded","VanillaExpanded.VPsycastsE","Vanilla Psycasts Expanded","D:\Steam\steamapps\workshop\content\294100\2842502659","Textures\UI\PsyfocusIcons\PsyfocusNatural.png","VanillaExpanded\VanillaExpanded.VPsycastsE\Textures\UI\PsyfocusIcons\PsyfocusNatural.png","1206","580921593EABF4E0C3D0C6D3320FA28BAF1A661FF8AAC0AE2893BAB17E585F78"
"VanillaExpanded","VanillaExpanded.VPsycastsE","Vanilla Psycasts Expanded","D:\Steam\steamapps\workshop\content\294100\2842502659","Textures\UI\PsyfocusIcons\PsyfocusScience.png","VanillaExpanded\VanillaExpanded.VPsycastsE\Textures\UI\PsyfocusIcons\PsyfocusScience.png","843","499DF71AB41E04BEC957A034629CB0B75648B31E4AB9D2BBCF641E96BBF630B6"
"VanillaExpanded","VanillaExpanded.VPsycastsE","Vanilla Psycasts Expanded","D:\Steam\steamapps\workshop\content\294100\2842502659","Textures\UI\PsyfocusIcons\PsyfocusVoid.png","VanillaExpanded\VanillaExpanded.VPsycastsE\Textures\UI\PsyfocusIcons\PsyfocusVoid.png","3153","E4F3280A7AA102B34C3F2F2154EE029440A1A3B4D689471B9E72D776EAD9A88F"
"VanillaExpanded","VanillaExpanded.VPsycastsE","Vanilla Psycasts Expanded","D:\Steam\steamapps\workshop\content\294100\2842502659","Textures\UI\PsyfocusIcons\PsyfocusWealth.png","VanillaExpanded\VanillaExpanded.VPsycastsE\Textures\UI\PsyfocusIcons\PsyfocusWealth.png","1238","035B87604D6F64BC33A6D88E855AC2DF3FC9DC090EE564D332064F67B11D5BC4"
"VanillaExpanded","VanillaExpanded.VTEXE","Vanilla Textures Expanded","D:\Steam\steamapps\workshop\content\294100\2016436324","Textures\UI\Buttons\MainButtons\IconAnimals.png","VanillaExpanded\VanillaExpanded.VTEXE\Textures\UI\Buttons\MainButtons\IconAnimals.png","737","DBC8B0817DDCA8FF6215A98DAE3CB7B729E5247E71B966ECB18EF93CAC939164"
"VanillaExpanded","VanillaExpanded.VTEXE","Vanilla Textures Expanded","D:\Steam\steamapps\workshop\content\294100\2016436324","Textures\UI\Buttons\MainButtons\IconArchitect.png","VanillaExpanded\VanillaExpanded.VTEXE\Textures\UI\Buttons\MainButtons\IconArchitect.png","596","A1FB01127F4A3A1A8133CA0341E55650BB0816E5BE773647B415F55DE43D7653"
"VanillaExpanded","VanillaExpanded.VTEXE","Vanilla Textures Expanded","D:\Steam\steamapps\workshop\content\294100\2016436324","Textures\UI\Buttons\MainButtons\IconAssign.png","VanillaExpanded\VanillaExpanded.VTEXE\Textures\UI\Buttons\MainButtons\IconAssign.png","580","4A9C0F864503333781037BD0D465934AEE159CCE21C6AADE11157E984E9FF12F"
"VanillaExpanded","VanillaExpanded.VTEXE","Vanilla Textures Expanded","D:\Steam\steamapps\workshop\content\294100\2016436324","Textures\UI\Buttons\MainButtons\IconFactions.png","VanillaExpanded\VanillaExpanded.VTEXE\Textures\UI\Buttons\MainButtons\IconFactions.png","367","0398B534E868F1C0B9326EDE69BC490677A6A0DCB64ABD33423A620ACE84884B"
"VanillaExpanded","VanillaExpanded.VTEXE","Vanilla Textures Expanded","D:\Steam\steamapps\workshop\content\294100\2016436324","Textures\UI\Buttons\MainButtons\IconHistory.png","VanillaExpanded\VanillaExpanded.VTEXE\Textures\UI\Buttons\MainButtons\IconHistory.png","835","5D8976865D9D29F260531505E02C310E10DC834B57DA27E484D66C92B36E8ED8"
"VanillaExpanded","VanillaExpanded.VTEXE","Vanilla Textures Expanded","D:\Steam\steamapps\workshop\content\294100\2016436324","Textures\UI\Buttons\MainButtons\IconMechanoids.png","VanillaExpanded\VanillaExpanded.VTEXE\Textures\UI\Buttons\MainButtons\IconMechanoids.png","1253","8622FFD4FE0177360AE0FE272E9CA23CABEAEFB41980494EB79F72CC837327AB"
"VanillaExpanded","VanillaExpanded.VTEXE","Vanilla Textures Expanded","D:\Steam\steamapps\workshop\content\294100\2016436324","Textures\UI\Buttons\MainButtons\IconMenu.png","VanillaExpanded\VanillaExpanded.VTEXE\Textures\UI\Buttons\MainButtons\IconMenu.png","276","A852FC3B95DBB01E391A07B30EBCDC1D872C113764A01D4A5FDE267C9A2185DF"
"VanillaExpanded","VanillaExpanded.VTEXE","Vanilla Textures Expanded","D:\Steam\steamapps\workshop\content\294100\2016436324","Textures\UI\Buttons\MainButtons\IconQuests.png","VanillaExpanded\VanillaExpanded.VTEXE\Textures\UI\Buttons\MainButtons\IconQuests.png","408","C877BE17455D9D2EB3295B9150281D565B0096A984B06870C0311DA5813B290F"
"VanillaExpanded","VanillaExpanded.VTEXE","Vanilla Textures Expanded","D:\Steam\steamapps\workshop\content\294100\2016436324","Textures\UI\Buttons\MainButtons\IconResearch.png","VanillaExpanded\VanillaExpanded.VTEXE\Textures\UI\Buttons\MainButtons\IconResearch.png","852","3C9FCCBEAE10B57E10CB626C8CEB59C6A70338274324513440D5FF9ED159DC41"
"VanillaExpanded","VanillaExpanded.VTEXE","Vanilla Textures Expanded","D:\Steam\steamapps\workshop\content\294100\2016436324","Textures\UI\Buttons\MainButtons\IconRestrict.png","VanillaExpanded\VanillaExpanded.VTEXE\Textures\UI\Buttons\MainButtons\IconRestrict.png","745","4D5D19272297490EA07C41534E3972E84F5E8D30D31C5D99F4C1611611E7A447"
"VanillaExpanded","VanillaExpanded.VTEXE","Vanilla Textures Expanded","D:\Steam\steamapps\workshop\content\294100\2016436324","Textures\UI\Buttons\MainButtons\IconSchedule.png","VanillaExpanded\VanillaExpanded.VTEXE\Textures\UI\Buttons\MainButtons\IconSchedule.png","745","4D5D19272297490EA07C41534E3972E84F5E8D30D31C5D99F4C1611611E7A447"
"VanillaExpanded","VanillaExpanded.VTEXE","Vanilla Textures Expanded","D:\Steam\steamapps\workshop\content\294100\2016436324","Textures\UI\Buttons\MainButtons\IconWildlife.png","VanillaExpanded\VanillaExpanded.VTEXE\Textures\UI\Buttons\MainButtons\IconWildlife.png","804","FEED3131D5C375B68CDAC5B2CB7345171D57ABC51AF65B7E5F12D01D30ECEEFE"
"VanillaExpanded","VanillaExpanded.VTEXE","Vanilla Textures Expanded","D:\Steam\steamapps\workshop\content\294100\2016436324","Textures\UI\Buttons\MainButtons\IconWork.png","VanillaExpanded\VanillaExpanded.VTEXE\Textures\UI\Buttons\MainButtons\IconWork.png","658","0070739D4A33BA2BBBD5B3AE201C7A83ECAB00E4D92B5040A8B3B8F9831F1E2A"
"VanillaExpanded","VanillaExpanded.VTEXE","Vanilla Textures Expanded","D:\Steam\steamapps\workshop\content\294100\2016436324","Textures\UI\Buttons\MainButtons\IconWorld.png","VanillaExpanded\VanillaExpanded.VTEXE\Textures\UI\Buttons\MainButtons\IconWorld.png","1090","86A30113E746A519ADE141D78F247A2AC21EE853C3F5F9CA879BB81E6506D521"
"VanillaExpanded","VanillaExpanded.VTEXE","Vanilla Textures Expanded","D:\Steam\steamapps\workshop\content\294100\2016436324","Textures\UI\Overlays\NeedsPower.png","VanillaExpanded\VanillaExpanded.VTEXE\Textures\UI\Overlays\NeedsPower.png","5284","62F1D29EC3EAE12B57C19C1537522A4DB6C55532AD215D41DE79EA079190E0FB"
"VanillaExpanded","VanillaExpanded.VTEXE","Vanilla Textures Expanded","D:\Steam\steamapps\workshop\content\294100\2016436324","Textures\UI\VELogo.png","VanillaExpanded\VanillaExpanded.VTEXE\Textures\UI\VELogo.png","3986","1DE032A3CDB58DAABA3654C9188680D41C3E69992BF6F50250BE2CD31B155ED6"
"VanillaExpanded","vanillaquestsexpanded.ancients","Vanilla Quests Expanded - Ancients","D:\Steam\steamapps\workshop\content\294100\3618306875","Textures\UI\Gizmo\Gizmo_InsertPawnIntoWonderdoc.png","VanillaExpanded\vanillaquestsexpanded.ancients\Textures\UI\Gizmo\Gizmo_InsertPawnIntoWonderdoc.png","10353","B311B25BC1BFCA1FB45916029B330461BA5BF4FE88015498920E711F4459CE9F"
"VanillaExpanded","vanillaquestsexpanded.ancients","Vanilla Quests Expanded - Ancients","D:\Steam\steamapps\workshop\content\294100\3618306875","Textures\UI\Gizmo\InterceptBroadcastGizmo.png","VanillaExpanded\vanillaquestsexpanded.ancients\Textures\UI\Gizmo\InterceptBroadcastGizmo.png","11903","60E2869BA2376959A8315B22F0B06801D9A704A189F97C0AB630FC2A7AB6A459"
"VanillaExpanded","vanillaquestsexpanded.ancients","Vanilla Quests Expanded - Ancients","D:\Steam\steamapps\workshop\content\294100\3618306875","Textures\UI\Gizmo\KickGizmo.png","VanillaExpanded\vanillaquestsexpanded.ancients\Textures\UI\Gizmo\KickGizmo.png","11459","DDAF700AABA98C37E0DB49DA0F39D8C21B2547379A3FCF6D60962FCA35FEB201"
"VanillaExpanded","vanillaquestsexpanded.ancients","Vanilla Quests Expanded - Ancients","D:\Steam\steamapps\workshop\content\294100\3618306875","Textures\UI\Gizmo\LaunchPneumaticTube.png","VanillaExpanded\vanillaquestsexpanded.ancients\Textures\UI\Gizmo\LaunchPneumaticTube.png","8867","A0F8ECB4EC7D77C49F9F92164A611CD97E8F64AB1D066EC0E0CA7199AB1A02EE"
"VanillaExpanded","vanillaquestsexpanded.ancients","Vanilla Quests Expanded - Ancients","D:\Steam\steamapps\workshop\content\294100\3618306875","Textures\UI\Gizmo\LoadPneumaticTube.png","VanillaExpanded\vanillaquestsexpanded.ancients\Textures\UI\Gizmo\LoadPneumaticTube.png","9935","A022444D183D3DE5D0BCF5D13EFD86CF568BA65855AE9D6BA84D7144CEFF8985"
"VanillaExpanded","vanillaquestsexpanded.ancients","Vanilla Quests Expanded - Ancients","D:\Steam\steamapps\workshop\content\294100\3618306875","Textures\UI\Gizmo\OverrideGizmo.png","VanillaExpanded\vanillaquestsexpanded.ancients\Textures\UI\Gizmo\OverrideGizmo.png","3717","04DE7ACA1877B736AA518845B25D975011487026D749E0FDCF341529ED58263A"
"VanillaExpanded","vanillaquestsexpanded.ancients","Vanilla Quests Expanded - Ancients","D:\Steam\steamapps\workshop\content\294100\3618306875","Textures\UI\Gizmo\RemoveArchiteCapsule.png","VanillaExpanded\vanillaquestsexpanded.ancients\Textures\UI\Gizmo\RemoveArchiteCapsule.png","6872","654E6A5C2C8E9AB63A9F78B11939955405ED6C7B20F6FE150AAAED0017BABC3E"
"VanillaExpanded","vanillaquestsexpanded.ancients","Vanilla Quests Expanded - Ancients","D:\Steam\steamapps\workshop\content\294100\3618306875","Textures\UI\Gizmo\UnsealVault.png","VanillaExpanded\vanillaquestsexpanded.ancients\Textures\UI\Gizmo\UnsealVault.png","6647","D4746B0400AFDCE001D9CF622FFBAB5C073CD81429AA049FE6595375E38A86AC"
"VanillaExpanded","vanillaquestsexpanded.ancients","Vanilla Quests Expanded - Ancients","D:\Steam\steamapps\workshop\content\294100\3618306875","Textures\UI\Gizmo\ViewVault.png","VanillaExpanded\vanillaquestsexpanded.ancients\Textures\UI\Gizmo\ViewVault.png","7363","86FE2830FE788F8DB53C4998C45E8BA67FA21CEBB5E4896FBBCD8F6D9AC718A6"
"VanillaExpanded","vanillaquestsexpanded.ancients","Vanilla Quests Expanded - Ancients","D:\Steam\steamapps\workshop\content\294100\3618306875","Textures\UI\Gizmo\Wonderdoc_Bioregeneration.png","VanillaExpanded\vanillaquestsexpanded.ancients\Textures\UI\Gizmo\Wonderdoc_Bioregeneration.png","8739","2257983616F8024872C15EC18B1DFBADD8048D4B19A1B3C4BE206DDE4CEDE4A5"
"VanillaExpanded","vanillaquestsexpanded.ancients","Vanilla Quests Expanded - Ancients","D:\Steam\steamapps\workshop\content\294100\3618306875","Textures\UI\Gizmo\Wonderdoc_CureAddictions.png","VanillaExpanded\vanillaquestsexpanded.ancients\Textures\UI\Gizmo\Wonderdoc_CureAddictions.png","7180","E848C11F76B9528BE5D2B9FBD564C6593C23C0A60B04F6C9708B92A616FFF003"
"VanillaExpanded","vanillaquestsexpanded.ancients","Vanilla Quests Expanded - Ancients","D:\Steam\steamapps\workshop\content\294100\3618306875","Textures\UI\Gizmo\Wonderdoc_SkillReroll.png","VanillaExpanded\vanillaquestsexpanded.ancients\Textures\UI\Gizmo\Wonderdoc_SkillReroll.png","7866","CE977BED1ED2EDE3D16EDFF82E2823CA223C1BB10762DEF47E7DD7906BFC48AC"
"VanillaExpanded","vanillaquestsexpanded.ancients","Vanilla Quests Expanded - Ancients","D:\Steam\steamapps\workshop\content\294100\3618306875","Textures\UI\Gizmo\Wonderdoc_TimeReversal.png","VanillaExpanded\vanillaquestsexpanded.ancients\Textures\UI\Gizmo\Wonderdoc_TimeReversal.png","7229","C39563764A6694C80F20326077F2F461D38FF33659A86B791A1C5B06D038CD08"
"VanillaExpanded","vanillaquestsexpanded.ancients","Vanilla Quests Expanded - Ancients","D:\Steam\steamapps\workshop\content\294100\3618306875","Textures\UI\Icons\Genes\Powers\Gene_AptitudeMasterful_Animals.png","VanillaExpanded\vanillaquestsexpanded.ancients\Textures\UI\Icons\Genes\Powers\Gene_AptitudeMasterful_Animals.png","5233","893A94046FEC06ADCFB491671B799FC8F91D4AA9657E721C89D4523DA1AF4896"
"VanillaExpanded","vanillaquestsexpanded.ancients","Vanilla Quests Expanded - Ancients","D:\Steam\steamapps\workshop\content\294100\3618306875","Textures\UI\Icons\Genes\Powers\Gene_AptitudeMasterful_Artistic.png","VanillaExpanded\vanillaquestsexpanded.ancients\Textures\UI\Icons\Genes\Powers\Gene_AptitudeMasterful_Artistic.png","5621","D6F6F676156AE1666A72BBA69DF5FDDC0512C981018C5E9BA784882FF7BF10E6"
"VanillaExpanded","vanillaquestsexpanded.ancients","Vanilla Quests Expanded - Ancients","D:\Steam\steamapps\workshop\content\294100\3618306875","Textures\UI\Icons\Genes\Powers\Gene_AptitudeMasterful_Construction.png","VanillaExpanded\vanillaquestsexpanded.ancients\Textures\UI\Icons\Genes\Powers\Gene_AptitudeMasterful_Construction.png","5564","A2C46E41106389745CBBFAB179617DD9277C4F40BC0B440920C9F96D8AB0736D"
"VanillaExpanded","vanillaquestsexpanded.ancients","Vanilla Quests Expanded - Ancients","D:\Steam\steamapps\workshop\content\294100\3618306875","Textures\UI\Icons\Genes\Powers\Gene_AptitudeMasterful_Cooking.png","VanillaExpanded\vanillaquestsexpanded.ancients\Textures\UI\Icons\Genes\Powers\Gene_AptitudeMasterful_Cooking.png","4966","4148CE70C027B5368C9EDCC1EE8E7D128EA84E8AF1DC55A4D538428ED013904E"
"VanillaExpanded","vanillaquestsexpanded.ancients","Vanilla Quests Expanded - Ancients","D:\Steam\steamapps\workshop\content\294100\3618306875","Textures\UI\Icons\Genes\Powers\Gene_AptitudeMasterful_Crafting.png","VanillaExpanded\vanillaquestsexpanded.ancients\Textures\UI\Icons\Genes\Powers\Gene_AptitudeMasterful_Crafting.png","5751","92CA217A2467B7A9E564E77DB7EF55E743FF35A6C115F1F1E796EE1F34223051"
"VanillaExpanded","vanillaquestsexpanded.ancients","Vanilla Quests Expanded - Ancients","D:\Steam\steamapps\workshop\content\294100\3618306875","Textures\UI\Icons\Genes\Powers\Gene_AptitudeMasterful_Intellectual.png","VanillaExpanded\vanillaquestsexpanded.ancients\Textures\UI\Icons\Genes\Powers\Gene_AptitudeMasterful_Intellectual.png","4769","120F1B1C53C13303B177D9A910A6C26307DE797D61297941337BD0B7F4038E65"
"VanillaExpanded","vanillaquestsexpanded.ancients","Vanilla Quests Expanded - Ancients","D:\Steam\steamapps\workshop\content\294100\3618306875","Textures\UI\Icons\Genes\Powers\Gene_AptitudeMasterful_Medical.png","VanillaExpanded\vanillaquestsexpanded.ancients\Textures\UI\Icons\Genes\Powers\Gene_AptitudeMasterful_Medical.png","3866","8956351784C777B50D608D84401689EAA5D11BA4748B3DAA88C2DEC8C06EF5B4"
"VanillaExpanded","vanillaquestsexpanded.ancients","Vanilla Quests Expanded - Ancients","D:\Steam\steamapps\workshop\content\294100\3618306875","Textures\UI\Icons\Genes\Powers\Gene_AptitudeMasterful_Melee.png","VanillaExpanded\vanillaquestsexpanded.ancients\Textures\UI\Icons\Genes\Powers\Gene_AptitudeMasterful_Melee.png","5574","D5E23F98ECF73EFD5D46BAED642B297A89AC7906B6B00683BBE21A824A98AFCF"
"VanillaExpanded","vanillaquestsexpanded.ancients","Vanilla Quests Expanded - Ancients","D:\Steam\steamapps\workshop\content\294100\3618306875","Textures\UI\Icons\Genes\Powers\Gene_AptitudeMasterful_Mining.png","VanillaExpanded\vanillaquestsexpanded.ancients\Textures\UI\Icons\Genes\Powers\Gene_AptitudeMasterful_Mining.png","5430","4596C1DF9D16E534F3C64DC5070033FB7AC9D31D7C4B0FD72042B25CED644A9C"
"VanillaExpanded","vanillaquestsexpanded.ancients","Vanilla Quests Expanded - Ancients","D:\Steam\steamapps\workshop\content\294100\3618306875","Textures\UI\Icons\Genes\Powers\Gene_AptitudeMasterful_Plants.png","VanillaExpanded\vanillaquestsexpanded.ancients\Textures\UI\Icons\Genes\Powers\Gene_AptitudeMasterful_Plants.png","5874","E5D938AEC83849E354E0C6EDE37E991BDD9BBA30DD9BA52A709471529E0C72A7"
"VanillaExpanded","vanillaquestsexpanded.ancients","Vanilla Quests Expanded - Ancients","D:\Steam\steamapps\workshop\content\294100\3618306875","Textures\UI\Icons\Genes\Powers\Gene_AptitudeMasterful_Shooting.png","VanillaExpanded\vanillaquestsexpanded.ancients\Textures\UI\Icons\Genes\Powers\Gene_AptitudeMasterful_Shooting.png","6537","4793A0475FA252B67CD4513BE8912378FEC5444434ED3F625A16CB56E81A3520"
"VanillaExpanded","vanillaquestsexpanded.ancients","Vanilla Quests Expanded - Ancients","D:\Steam\steamapps\workshop\content\294100\3618306875","Textures\UI\Icons\Genes\Powers\Gene_AptitudeMasterful_Social.png","VanillaExpanded\vanillaquestsexpanded.ancients\Textures\UI\Icons\Genes\Powers\Gene_AptitudeMasterful_Social.png","5675","A9E06CF07FB3E21044B2B53D1B006816982CEEC1F603B997A1CAAAC454E3269D"
"VanillaExpanded","vanillaquestsexpanded.ancients","Vanilla Quests Expanded - Ancients","D:\Steam\steamapps\workshop\content\294100\3618306875","Textures\UI\Icons\Genes\Powers\Gene_BlurRunner.png","VanillaExpanded\vanillaquestsexpanded.ancients\Textures\UI\Icons\Genes\Powers\Gene_BlurRunner.png","5005","4BAB09A490A578AB385030C5DC9077C759EBF9BDFA982A9FE9F9B12B39075DF4"
"VanillaExpanded","vanillaquestsexpanded.ancients","Vanilla Quests Expanded - Ancients","D:\Steam\steamapps\workshop\content\294100\3618306875","Textures\UI\Icons\Genes\Powers\Gene_Bulwark.png","VanillaExpanded\vanillaquestsexpanded.ancients\Textures\UI\Icons\Genes\Powers\Gene_Bulwark.png","1823","642EF3CBC5014354DCA377DC17C53DD78CA934D8EF30A6A1AD9043C0A9AC78A7"
"VanillaExpanded","vanillaquestsexpanded.ancients","Vanilla Quests Expanded - Ancients","D:\Steam\steamapps\workshop\content\294100\3618306875","Textures\UI\Icons\Genes\Powers\Gene_Electromagnetized.png","VanillaExpanded\vanillaquestsexpanded.ancients\Textures\UI\Icons\Genes\Powers\Gene_Electromagnetized.png","5512","8E9966892D23AA4B44E4884251617DB2038FBE483528C9B877F67BFF5559D7DD"
"VanillaExpanded","vanillaquestsexpanded.ancients","Vanilla Quests Expanded - Ancients","D:\Steam\steamapps\workshop\content\294100\3618306875","Textures\UI\Icons\Genes\Powers\Gene_Enormous.png","VanillaExpanded\vanillaquestsexpanded.ancients\Textures\UI\Icons\Genes\Powers\Gene_Enormous.png","5032","6235B9E56264144801229C3CAD94150CD3CE4850BD15D647697D41E4FA620166"
"VanillaExpanded","vanillaquestsexpanded.ancients","Vanilla Quests Expanded - Ancients","D:\Steam\steamapps\workshop\content\294100\3618306875","Textures\UI\Icons\Genes\Powers\Gene_Genius.png","VanillaExpanded\vanillaquestsexpanded.ancients\Textures\UI\Icons\Genes\Powers\Gene_Genius.png","5252","29BB7FF83DAD7F59AD2922240DD89DC875F7B8A26268C37F5A6C65467CAD7418"
"VanillaExpanded","vanillaquestsexpanded.ancients","Vanilla Quests Expanded - Ancients","D:\Steam\steamapps\workshop\content\294100\3618306875","Textures\UI\Icons\Genes\Powers\Gene_HellsphereBlast.png","VanillaExpanded\vanillaquestsexpanded.ancients\Textures\UI\Icons\Genes\Powers\Gene_HellsphereBlast.png","6909","A5281C8677065975E04FE9D883537473196DCA073EBC881FB8AF77B191DE4AD4"
"VanillaExpanded","vanillaquestsexpanded.ancients","Vanilla Quests Expanded - Ancients","D:\Steam\steamapps\workshop\content\294100\3618306875","Textures\UI\Icons\Genes\Powers\Gene_Herculean.png","VanillaExpanded\vanillaquestsexpanded.ancients\Textures\UI\Icons\Genes\Powers\Gene_Herculean.png","5289","972A5C349830053368F49B0DE664AB16CB8FD27B511BEBB9F25878640FBA8DB8"
"VanillaExpanded","vanillaquestsexpanded.ancients","Vanilla Quests Expanded - Ancients","D:\Steam\steamapps\workshop\content\294100\3618306875","Textures\UI\Icons\Genes\Powers\Gene_InfernoSpew.png","VanillaExpanded\vanillaquestsexpanded.ancients\Textures\UI\Icons\Genes\Powers\Gene_InfernoSpew.png","6531","EB488DF60305121EA456C22B6E02D315723DD2765D89DBDB0DBD3942C91541F9"
"VanillaExpanded","vanillaquestsexpanded.ancients","Vanilla Quests Expanded - Ancients","D:\Steam\steamapps\workshop\content\294100\3618306875","Textures\UI\Icons\Genes\Powers\Gene_Invisibility.png","VanillaExpanded\vanillaquestsexpanded.ancients\Textures\UI\Icons\Genes\Powers\Gene_Invisibility.png","4288","CCEC04EC3C7DD0C371651FE46BE39F5AB6E2D7246339993472C36AF3E2DBE6CA"
"VanillaExpanded","vanillaquestsexpanded.ancients","Vanilla Quests Expanded - Ancients","D:\Steam\steamapps\workshop\content\294100\3618306875","Textures\UI\Icons\Genes\Powers\Gene_Levitation.png","VanillaExpanded\vanillaquestsexpanded.ancients\Textures\UI\Icons\Genes\Powers\Gene_Levitation.png","4319","F9BF49ADAA65C6FE45DC6B8B7FBA0D8172E235BAC7C0BB2FDB55FFDF702B0526"
"VanillaExpanded","vanillaquestsexpanded.ancients","Vanilla Quests Expanded - Ancients","D:\Steam\steamapps\workshop\content\294100\3618306875","Textures\UI\Icons\Genes\Powers\Gene_Marksman.png","VanillaExpanded\vanillaquestsexpanded.ancients\Textures\UI\Icons\Genes\Powers\Gene_Marksman.png","6804","9FCFA207CCEB68898E27632C59806E67123E8C76F796E3BE346858AC9747A718"
"VanillaExpanded","vanillaquestsexpanded.ancients","Vanilla Quests Expanded - Ancients","D:\Steam\steamapps\workshop\content\294100\3618306875","Textures\UI\Icons\Genes\Powers\Gene_MatterPhasing.png","VanillaExpanded\vanillaquestsexpanded.ancients\Textures\UI\Icons\Genes\Powers\Gene_MatterPhasing.png","4312","6F3C218DDAB1F062666066DDD1F460FA2B629D806BA9AE9A98726E24BDE85998"
"VanillaExpanded","vanillaquestsexpanded.ancients","Vanilla Quests Expanded - Ancients","D:\Steam\steamapps\workshop\content\294100\3618306875","Textures\UI\Icons\Genes\Powers\Gene_PassiveMeditation.png","VanillaExpanded\vanillaquestsexpanded.ancients\Textures\UI\Icons\Genes\Powers\Gene_PassiveMeditation.png","5719","BFEEC904196A029F2B88AF09F21CDC9EDF60F7D497A958830052CEC0E7C5C0AE"
"VanillaExpanded","vanillaquestsexpanded.ancients","Vanilla Quests Expanded - Ancients","D:\Steam\steamapps\workshop\content\294100\3618306875","Textures\UI\Icons\Genes\Powers\Gene_PerfectVision.png","VanillaExpanded\vanillaquestsexpanded.ancients\Textures\UI\Icons\Genes\Powers\Gene_PerfectVision.png","6503","96FA72D1691EBCFC259F2DAF94875F32B29A740DBAA8E856F5F2DEA36A0AA731"
"VanillaExpanded","vanillaquestsexpanded.ancients","Vanilla Quests Expanded - Ancients","D:\Steam\steamapps\workshop\content\294100\3618306875","Textures\UI\Icons\Genes\Powers\Gene_PlasteelClaws.png","VanillaExpanded\vanillaquestsexpanded.ancients\Textures\UI\Icons\Genes\Powers\Gene_PlasteelClaws.png","5117","B96ACD861994A3767B8E3291387FAF50874A39C56386A747231499E18195379B"
"VanillaExpanded","vanillaquestsexpanded.ancients","Vanilla Quests Expanded - Ancients","D:\Steam\steamapps\workshop\content\294100\3618306875","Textures\UI\Icons\Genes\Powers\Gene_PlasteelSkin.png","VanillaExpanded\vanillaquestsexpanded.ancients\Textures\UI\Icons\Genes\Powers\Gene_PlasteelSkin.png","5620","25ECC56543E0F312C2FAFF837FE1C5A2D87C914224B325A5F885A16C5771DA53"
"VanillaExpanded","vanillaquestsexpanded.ancients","Vanilla Quests Expanded - Ancients","D:\Steam\steamapps\workshop\content\294100\3618306875","Textures\UI\Icons\Genes\Powers\Gene_Prowess.png","VanillaExpanded\vanillaquestsexpanded.ancients\Textures\UI\Icons\Genes\Powers\Gene_Prowess.png","6021","AFA7C3CCA0A5673DB3256DD1A1A00672516F1C8FBC6B823684B9BC37186B8FCC"
"VanillaExpanded","vanillaquestsexpanded.ancients","Vanilla Quests Expanded - Ancients","D:\Steam\steamapps\workshop\content\294100\3618306875","Textures\UI\Icons\Genes\Powers\Gene_SelfRepairingTissue.png","VanillaExpanded\vanillaquestsexpanded.ancients\Textures\UI\Icons\Genes\Powers\Gene_SelfRepairingTissue.png","4713","67F2A3D029B61CD264022861D52A6FF1AACB7B602B6FF6FC8260226C5F11AEC2"
"VanillaExpanded","vanillaquestsexpanded.ancients","Vanilla Quests Expanded - Ancients","D:\Steam\steamapps\workshop\content\294100\3618306875","Textures\UI\Icons\Genes\Powers\Gene_Serene.png","VanillaExpanded\vanillaquestsexpanded.ancients\Textures\UI\Icons\Genes\Powers\Gene_Serene.png","4614","070CC00C7FCE60FBC0930E661CE4AB43BBBFF3345EF5FFD7659312F22D5C5EB0"
"VanillaExpanded","vanillaquestsexpanded.ancients","Vanilla Quests Expanded - Ancients","D:\Steam\steamapps\workshop\content\294100\3618306875","Textures\UI\Icons\Genes\Powers\Gene_SubstanceImpervious.png","VanillaExpanded\vanillaquestsexpanded.ancients\Textures\UI\Icons\Genes\Powers\Gene_SubstanceImpervious.png","4447","8274986FB2B67957C7170AD4506FA6966A281852ED2D8B207582D9A43F71FE90"
"VanillaExpanded","vanillaquestsexpanded.ancients","Vanilla Quests Expanded - Ancients","D:\Steam\steamapps\workshop\content\294100\3618306875","Textures\UI\Icons\Genes\Powers\Gene_Woundless.png","VanillaExpanded\vanillaquestsexpanded.ancients\Textures\UI\Icons\Genes\Powers\Gene_Woundless.png","5327","09C5CEE1CCDDF25DD87120078B715B98F34E52BAFB42F2CB024AC9CD13E7F6E6"
"VanillaExpanded","vanillaquestsexpanded.ancients","Vanilla Quests Expanded - Ancients","D:\Steam\steamapps\workshop\content\294100\3618306875","Textures\UI\Overlays\NeedsKicking.png","VanillaExpanded\vanillaquestsexpanded.ancients\Textures\UI\Overlays\NeedsKicking.png","3980","1653A03D4ECCDC2C0B47AD6743A87A683FA5ED6B28DB61264D20087EB9459B17"
"VanillaExpanded","vanillaquestsexpanded.ancients","Vanilla Quests Expanded - Ancients","D:\Steam\steamapps\workshop\content\294100\3618306875","Textures\UI\Overlays\NeedsOverriding.png","VanillaExpanded\vanillaquestsexpanded.ancients\Textures\UI\Overlays\NeedsOverriding.png","3755","A147F80F95AD5359CCDE86BFA112BCEF9762BE76540B30663245DD1D2E3C694A"
"VanillaExpanded","vanillaquestsexpanded.cryptoforge","Vanilla Quests Expanded - Cryptoforge","D:\Steam\steamapps\workshop\content\294100\3461526070","Textures\UI\Empty.png","VanillaExpanded\vanillaquestsexpanded.cryptoforge\Textures\UI\Empty.png","3233","D6A80224794FA0A4A30EA5041CE35F5205075A225C2CDF1F564B3295725FAB5E"
"VanillaExpanded","vanillaquestsexpanded.cryptoforge","Vanilla Quests Expanded - Cryptoforge","D:\Steam\steamapps\workshop\content\294100\3461526070","Textures\UI\Enable_Overlay.png","VanillaExpanded\vanillaquestsexpanded.cryptoforge\Textures\UI\Enable_Overlay.png","8844","03E2A8F9ED0E888D7D234F2CB73E2ADE762D166AA4E2FB19DD52BFF3997CAE06"
"VanillaExpanded","vanillaquestsexpanded.cryptoforge","Vanilla Quests Expanded - Cryptoforge","D:\Steam\steamapps\workshop\content\294100\3461526070","Textures\UI\EnableGenerator_Gizmo.png","VanillaExpanded\vanillaquestsexpanded.cryptoforge\Textures\UI\EnableGenerator_Gizmo.png","11435","92C6CAC799B248752CF469C0503CB3BFE292A23027CF285C4F6044E6266097F6"
"VanillaExpanded","vanillaquestsexpanded.cryptoforge","Vanilla Quests Expanded - Cryptoforge","D:\Steam\steamapps\workshop\content\294100\3461526070","Textures\UI\ForceOpen_Overlay.png","VanillaExpanded\vanillaquestsexpanded.cryptoforge\Textures\UI\ForceOpen_Overlay.png","5494","06B0708418D834922A597F8DDC896F96CA0F780CEFA3E4EAA27E84F6006DA408"
"VanillaExpanded","vanillaquestsexpanded.cryptoforge","Vanilla Quests Expanded - Cryptoforge","D:\Steam\steamapps\workshop\content\294100\3461526070","Textures\UI\ForceOpenAirlock_Gizmo.png","VanillaExpanded\vanillaquestsexpanded.cryptoforge\Textures\UI\ForceOpenAirlock_Gizmo.png","8076","CCDE87DACAFEACA59C38A96D5749DE9DFFA10A67B72450CBB99D7CDD084FA970"
"VanillaExpanded","vanillaquestsexpanded.cryptoforge","Vanilla Quests Expanded - Cryptoforge","D:\Steam\steamapps\workshop\content\294100\3461526070","Textures\UI\InitiateScan_Gizmo.png","VanillaExpanded\vanillaquestsexpanded.cryptoforge\Textures\UI\InitiateScan_Gizmo.png","11332","8A2E679DE7DE07B64D29414A77B278109194E30417EA85E666959C9FF87FE1A7"
"VanillaExpanded","vanillaquestsexpanded.cryptoforge","Vanilla Quests Expanded - Cryptoforge","D:\Steam\steamapps\workshop\content\294100\3461526070","Textures\UI\MapIcons\AncientRadarInstallation.png","VanillaExpanded\vanillaquestsexpanded.cryptoforge\Textures\UI\MapIcons\AncientRadarInstallation.png","5968","4EF2D3DABFDF6C4602EB137E1E2FDB6BB889F8AD7E542EB9F403B57425035090"
"VanillaExpanded","vanillaquestsexpanded.cryptoforge","Vanilla Quests Expanded - Cryptoforge","D:\Steam\steamapps\workshop\content\294100\3461526070","Textures\UI\MapIcons\Cryptoforge_Bow.png","VanillaExpanded\vanillaquestsexpanded.cryptoforge\Textures\UI\MapIcons\Cryptoforge_Bow.png","9734","600FA275D0DE3BA462D7A346A4163BD55009611A94EA54BAE1AB875357D25915"
"VanillaExpanded","vanillaquestsexpanded.cryptoforge","Vanilla Quests Expanded - Cryptoforge","D:\Steam\steamapps\workshop\content\294100\3461526070","Textures\UI\MapIcons\Cryptoforge_Middle.png","VanillaExpanded\vanillaquestsexpanded.cryptoforge\Textures\UI\MapIcons\Cryptoforge_Middle.png","11233","4CC6021B982EAC75DECD93D552E69EF6535505B79A28C8EB8436E101520A74D8"
"VanillaExpanded","vanillaquestsexpanded.cryptoforge","Vanilla Quests Expanded - Cryptoforge","D:\Steam\steamapps\workshop\content\294100\3461526070","Textures\UI\MapIcons\Cryptoforge_Stern.png","VanillaExpanded\vanillaquestsexpanded.cryptoforge\Textures\UI\MapIcons\Cryptoforge_Stern.png","11661","4DC82468DB51B2D42FAF9F205C0431958698DF4D760C35C20ACFF4EF315DC73D"
"VanillaExpanded","vanillaquestsexpanded.cryptoforge","Vanilla Quests Expanded - Cryptoforge","D:\Steam\steamapps\workshop\content\294100\3461526070","Textures\UI\Scavenge_Overlay.png","VanillaExpanded\vanillaquestsexpanded.cryptoforge\Textures\UI\Scavenge_Overlay.png","8570","87F1783ED5876F2BE5E39F0DA2E42911507A3C278CA5C87437E805967568F4F9"
"VanillaExpanded","vanillaquestsexpanded.cryptoforge","Vanilla Quests Expanded - Cryptoforge","D:\Steam\steamapps\workshop\content\294100\3461526070","Textures\UI\ScavengeJunk_Gizmo.png","VanillaExpanded\vanillaquestsexpanded.cryptoforge\Textures\UI\ScavengeJunk_Gizmo.png","17484","A1B3C09317E49402EDA079EDEBCA7D52836EB39B77D436071C28EB25F406B54D"
"VanillaExpanded","vanillaquestsexpanded.cryptoforge","Vanilla Quests Expanded - Cryptoforge","D:\Steam\steamapps\workshop\content\294100\3461526070","Textures\UI\Study_Overlay.png","VanillaExpanded\vanillaquestsexpanded.cryptoforge\Textures\UI\Study_Overlay.png","9110","C92F955303DEA02C43AE5956BBAC7AF889F7A4DEB4CD0E1A637F015358AD49DD"
"VanillaExpanded","vanillaquestsexpanded.cryptoforge","Vanilla Quests Expanded - Cryptoforge","D:\Steam\steamapps\workshop\content\294100\3461526070","Textures\UI\StudyAncientBlackBox_Gizmo.png","VanillaExpanded\vanillaquestsexpanded.cryptoforge\Textures\UI\StudyAncientBlackBox_Gizmo.png","14086","A72E41D91398749E631BDBD9D98B1AE116EC8D581ED2A5CB94CAEEA58C401FBA"
"VanillaExpanded","vanillaquestsexpanded.cryptoforge","Vanilla Quests Expanded - Cryptoforge","D:\Steam\steamapps\workshop\content\294100\3461526070","Textures\UI\StudyAncientBlueprints_Gizmo.png","VanillaExpanded\vanillaquestsexpanded.cryptoforge\Textures\UI\StudyAncientBlueprints_Gizmo.png","16920","B5DA192B890491934FE75AF61A591CBCD0253283988240D317DF37474280D55D"
"VanillaExpanded","vanillaquestsexpanded.deadlife","Vanilla Quests Expanded - Deadlife","D:\Steam\steamapps\workshop\content\294100\3497226454","Textures\UI\AncientICBMComplex.png","VanillaExpanded\vanillaquestsexpanded.deadlife\Textures\UI\AncientICBMComplex.png","3051","21F3C5A6A6EC80D6FDB3ACCA5483DC5BC3C4298A2E6D57A59E12ADAF96589F4B"
"VanillaExpanded","vanillaquestsexpanded.deadlife","Vanilla Quests Expanded - Deadlife","D:\Steam\steamapps\workshop\content\294100\3497226454","Textures\UI\AncientICBMComplex_ZoomedIn.png","VanillaExpanded\vanillaquestsexpanded.deadlife\Textures\UI\AncientICBMComplex_ZoomedIn.png","1431","3E5F035945917835555BA22F060D38F69773672451240D1B1AAC98242A9B523A"
"VanillaExpanded","vanillaquestsexpanded.deadlife","Vanilla Quests Expanded - Deadlife","D:\Steam\steamapps\workshop\content\294100\3497226454","Textures\UI\AncientSilo.png","VanillaExpanded\vanillaquestsexpanded.deadlife\Textures\UI\AncientSilo.png","2532","157A795AB6ED5416C99D4FB42328F7CD616EB9A04786B38BA4692233679A09A1"
"VanillaExpanded","vanillaquestsexpanded.deadlife","Vanilla Quests Expanded - Deadlife","D:\Steam\steamapps\workshop\content\294100\3497226454","Textures\UI\AncientSilo_ZoomedIn.png","VanillaExpanded\vanillaquestsexpanded.deadlife\Textures\UI\AncientSilo_ZoomedIn.png","698","3F0EE192A9F23256A66A30D0751E6E98982A067F03B7369B25EB59363FB4EECB"
"VanillaExpanded","vanillaquestsexpanded.deadlife","Vanilla Quests Expanded - Deadlife","D:\Steam\steamapps\workshop\content\294100\3497226454","Textures\UI\Gizmos\FillInDeathPit.png","VanillaExpanded\vanillaquestsexpanded.deadlife\Textures\UI\Gizmos\FillInDeathPit.png","9971","3B9C969E02E1DFCCFAA064C15342D7701E8D5FFC2ACCA34EDE497D79C39CEE4A"
"VanillaExpanded","vanillaquestsexpanded.deadlife","Vanilla Quests Expanded - Deadlife","D:\Steam\steamapps\workshop\content\294100\3497226454","Textures\UI\Gizmos\ForceOpenSiloDoor.png","VanillaExpanded\vanillaquestsexpanded.deadlife\Textures\UI\Gizmos\ForceOpenSiloDoor.png","3185","D9840D096695960E2AE960FEC58B25789E56DACB63FF03DED355FFC195096D3B"
"VanillaExpanded","vanillaquestsexpanded.deadlife","Vanilla Quests Expanded - Deadlife","D:\Steam\steamapps\workshop\content\294100\3497226454","Textures\UI\Gizmos\Gizmo_ForceOpenSiloDoor.png","VanillaExpanded\vanillaquestsexpanded.deadlife\Textures\UI\Gizmos\Gizmo_ForceOpenSiloDoor.png","3109","A2516A85C8101D8E06D34889A0C144EDC691AEE5129FABF7DC6C177C7011B8B8"
"VanillaExpanded","vanillaquestsexpanded.deadlife","Vanilla Quests Expanded - Deadlife","D:\Steam\steamapps\workshop\content\294100\3497226454","Textures\UI\Gizmos\StartBurnoutGenerator.png","VanillaExpanded\vanillaquestsexpanded.deadlife\Textures\UI\Gizmos\StartBurnoutGenerator.png","12843","B03104F3BE33F2E02891D799DA75B35FB82B2CFF57FC7C57AE2C2E9F100B2F31"
"VanillaExpanded","vanillaquestsexpanded.deadlife","Vanilla Quests Expanded - Deadlife","D:\Steam\steamapps\workshop\content\294100\3497226454","Textures\UI\Gizmos\StudyAncientPlans.png","VanillaExpanded\vanillaquestsexpanded.deadlife\Textures\UI\Gizmos\StudyAncientPlans.png","14369","AF42FE7165DD29CFCA1DE8B419C574119EBB89F8E7DA4FD2A6429E2D6854C728"
"VanillaExpanded","vanillaquestsexpanded.deadlife","Vanilla Quests Expanded - Deadlife","D:\Steam\steamapps\workshop\content\294100\3497226454","Textures\UI\ShamblerHorde.png","VanillaExpanded\vanillaquestsexpanded.deadlife\Textures\UI\ShamblerHorde.png","5443","B42DC5B1F595F940A9231941F3AD24EF86554EC0CF7FD91400E468146D001979"
"VanillaExpanded","vanillaquestsexpanded.deadlife","Vanilla Quests Expanded - Deadlife","D:\Steam\steamapps\workshop\content\294100\3497226454","Textures\UI\ShamblerHordeExpanding.png","VanillaExpanded\vanillaquestsexpanded.deadlife\Textures\UI\ShamblerHordeExpanding.png","6199","4315B14BAF89D6FD23AC5D700DDC870FF8FA51C132C6DFBCAC569C0F3675310F"
"VanillaExpanded","vanillaquestsexpanded.deadlife","Vanilla Quests Expanded - Deadlife","D:\Steam\steamapps\workshop\content\294100\3497226454","Textures\UI\ViewSilo.png","VanillaExpanded\vanillaquestsexpanded.deadlife\Textures\UI\ViewSilo.png","5018","2A5B245EDCBDCE266C4D5D36A82F37B95E2D87A8068EABF92DDFD3632734408B"
"VanillaExpanded","vanillaquestsexpanded.generator","Vanilla Quests Expanded - The Generator","D:\Steam\steamapps\workshop\content\294100\3411401573","Textures\UI\Gizmos\CalibrateComponents_Gizmo.png","VanillaExpanded\vanillaquestsexpanded.generator\Textures\UI\Gizmos\CalibrateComponents_Gizmo.png","15431","C01B548A63DE319CDB98FF2083B6E525DBEA6D7F7F0AF3EFF8B76E91476C8C97"
"VanillaExpanded","vanillaquestsexpanded.generator","Vanilla Quests Expanded - The Generator","D:\Steam\steamapps\workshop\content\294100\3411401573","Textures\UI\Gizmos\CalibrateFuelEfficiency_Gizmo.png","VanillaExpanded\vanillaquestsexpanded.generator\Textures\UI\Gizmos\CalibrateFuelEfficiency_Gizmo.png","16999","7C0752D393EBBA83A888D01E0799919F44986ADA49FA78D64D53B1078CA8DDF6"
"VanillaExpanded","vanillaquestsexpanded.generator","Vanilla Quests Expanded - The Generator","D:\Steam\steamapps\workshop\content\294100\3411401573","Textures\UI\Gizmos\CalibrateFuelRods_Gizmo.png","VanillaExpanded\vanillaquestsexpanded.generator\Textures\UI\Gizmos\CalibrateFuelRods_Gizmo.png","20372","F4D11903676FE765DE868A5129208DB2E78E63754F730D1DFC1610F649571A20"
"VanillaExpanded","vanillaquestsexpanded.generator","Vanilla Quests Expanded - The Generator","D:\Steam\steamapps\workshop\content\294100\3411401573","Textures\UI\Gizmos\CraftARCComponent.png","VanillaExpanded\vanillaquestsexpanded.generator\Textures\UI\Gizmos\CraftARCComponent.png","14676","42D633EF4AB47161D001247CACCB164F5CA3F87071A830B90120744EC10E22E2"
"VanillaExpanded","vanillaquestsexpanded.generator","Vanilla Quests Expanded - The Generator","D:\Steam\steamapps\workshop\content\294100\3411401573","Textures\UI\Gizmos\CriticalBreakDown_Overlay.png","VanillaExpanded\vanillaquestsexpanded.generator\Textures\UI\Gizmos\CriticalBreakDown_Overlay.png","5496","AA74552FFF9DCDBE5270943EAD028A835890EA090FB8B0E5803C89E7843C3448"
"VanillaExpanded","vanillaquestsexpanded.generator","Vanilla Quests Expanded - The Generator","D:\Steam\steamapps\workshop\content\294100\3411401573","Textures\UI\Gizmos\DowngradeGenetron_Gizmo_0.png","VanillaExpanded\vanillaquestsexpanded.generator\Textures\UI\Gizmos\DowngradeGenetron_Gizmo_0.png","16663","B529864ED17598A901761FC8202524F6342BD89649AE4A405E8B27AB62B309C0"
"VanillaExpanded","vanillaquestsexpanded.generator","Vanilla Quests Expanded - The Generator","D:\Steam\steamapps\workshop\content\294100\3411401573","Textures\UI\Gizmos\DowngradeGenetron_Gizmo_1.png","VanillaExpanded\vanillaquestsexpanded.generator\Textures\UI\Gizmos\DowngradeGenetron_Gizmo_1.png","16687","4A9EC2C95CFE21AD14A8A168CD17341E41FE3EC963367EC63BE72E7DD9DA7C93"
"VanillaExpanded","vanillaquestsexpanded.generator","Vanilla Quests Expanded - The Generator","D:\Steam\steamapps\workshop\content\294100\3411401573","Textures\UI\Gizmos\DowngradeGenetron_Gizmo_10.png","VanillaExpanded\vanillaquestsexpanded.generator\Textures\UI\Gizmos\DowngradeGenetron_Gizmo_10.png","19493","B5F570AD0D503AB4C9E449C02D3F5A466E6DD64B42B05CB6E11B7264260568A2"
"VanillaExpanded","vanillaquestsexpanded.generator","Vanilla Quests Expanded - The Generator","D:\Steam\steamapps\workshop\content\294100\3411401573","Textures\UI\Gizmos\DowngradeGenetron_Gizmo_11.png","VanillaExpanded\vanillaquestsexpanded.generator\Textures\UI\Gizmos\DowngradeGenetron_Gizmo_11.png","18792","DF2608FAF2DB910B02054B870D2ECBF71D1DBC43E2256AA4B4E472A5909F9DDB"
"VanillaExpanded","vanillaquestsexpanded.generator","Vanilla Quests Expanded - The Generator","D:\Steam\steamapps\workshop\content\294100\3411401573","Textures\UI\Gizmos\DowngradeGenetron_Gizmo_12.png","VanillaExpanded\vanillaquestsexpanded.generator\Textures\UI\Gizmos\DowngradeGenetron_Gizmo_12.png","19771","56912D2F740948A4ED733A359FCE3918C1E3F927E1DD4754D0BEFA48116092D6"
"VanillaExpanded","vanillaquestsexpanded.generator","Vanilla Quests Expanded - The Generator","D:\Steam\steamapps\workshop\content\294100\3411401573","Textures\UI\Gizmos\DowngradeGenetron_Gizmo_13.png","VanillaExpanded\vanillaquestsexpanded.generator\Textures\UI\Gizmos\DowngradeGenetron_Gizmo_13.png","22418","C9015C34A02E1715952B8F85CC97735762288DE4DC24E4986E42199CFABFDDA0"
"VanillaExpanded","vanillaquestsexpanded.generator","Vanilla Quests Expanded - The Generator","D:\Steam\steamapps\workshop\content\294100\3411401573","Textures\UI\Gizmos\DowngradeGenetron_Gizmo_14.png","VanillaExpanded\vanillaquestsexpanded.generator\Textures\UI\Gizmos\DowngradeGenetron_Gizmo_14.png","21648","7D22095AC248607F26D89950BB62EB9BE6652A892BC23F39E354662CBD557F4B"
"VanillaExpanded","vanillaquestsexpanded.generator","Vanilla Quests Expanded - The Generator","D:\Steam\steamapps\workshop\content\294100\3411401573","Textures\UI\Gizmos\DowngradeGenetron_Gizmo_15.png","VanillaExpanded\vanillaquestsexpanded.generator\Textures\UI\Gizmos\DowngradeGenetron_Gizmo_15.png","20395","C189694495AAEFEDA14EF0A0EEFCEB22CF402D6EBB54B4ED76EA5A7BB0BFA43B"
"VanillaExpanded","vanillaquestsexpanded.generator","Vanilla Quests Expanded - The Generator","D:\Steam\steamapps\workshop\content\294100\3411401573","Textures\UI\Gizmos\DowngradeGenetron_Gizmo_16.png","VanillaExpanded\vanillaquestsexpanded.generator\Textures\UI\Gizmos\DowngradeGenetron_Gizmo_16.png","19954","86875EEEA3E87338A2E94AE56F44CD5C14F1333997463094B7B07936854126B9"
"VanillaExpanded","vanillaquestsexpanded.generator","Vanilla Quests Expanded - The Generator","D:\Steam\steamapps\workshop\content\294100\3411401573","Textures\UI\Gizmos\DowngradeGenetron_Gizmo_2.png","VanillaExpanded\vanillaquestsexpanded.generator\Textures\UI\Gizmos\DowngradeGenetron_Gizmo_2.png","16735","14597026B71809EB460646978B324EBD7CE517BD152475182C51EA133F89CDAD"
"VanillaExpanded","vanillaquestsexpanded.generator","Vanilla Quests Expanded - The Generator","D:\Steam\steamapps\workshop\content\294100\3411401573","Textures\UI\Gizmos\DowngradeGenetron_Gizmo_3.png","VanillaExpanded\vanillaquestsexpanded.generator\Textures\UI\Gizmos\DowngradeGenetron_Gizmo_3.png","18142","9BB1CD1446898733CA8E3E1CC90D5F5E7966A6C1076162F97715AC6C0E29225A"
"VanillaExpanded","vanillaquestsexpanded.generator","Vanilla Quests Expanded - The Generator","D:\Steam\steamapps\workshop\content\294100\3411401573","Textures\UI\Gizmos\DowngradeGenetron_Gizmo_4.png","VanillaExpanded\vanillaquestsexpanded.generator\Textures\UI\Gizmos\DowngradeGenetron_Gizmo_4.png","20495","318295EB42F78D8BB7C63961F2AE0C63C0D25C6A42C513B659E68F3DBACB4741"
"VanillaExpanded","vanillaquestsexpanded.generator","Vanilla Quests Expanded - The Generator","D:\Steam\steamapps\workshop\content\294100\3411401573","Textures\UI\Gizmos\DowngradeGenetron_Gizmo_5.png","VanillaExpanded\vanillaquestsexpanded.generator\Textures\UI\Gizmos\DowngradeGenetron_Gizmo_5.png","20399","5860634A8A6B7FF3DB4C3DCFF40764CBFC09333A02A6A47C17D79B7E44E7D3B9"
"VanillaExpanded","vanillaquestsexpanded.generator","Vanilla Quests Expanded - The Generator","D:\Steam\steamapps\workshop\content\294100\3411401573","Textures\UI\Gizmos\DowngradeGenetron_Gizmo_6.png","VanillaExpanded\vanillaquestsexpanded.generator\Textures\UI\Gizmos\DowngradeGenetron_Gizmo_6.png","20432","484A526738BA6030040484BC400DF6273E809C26334463813C20344282D278CB"
"VanillaExpanded","vanillaquestsexpanded.generator","Vanilla Quests Expanded - The Generator","D:\Steam\steamapps\workshop\content\294100\3411401573","Textures\UI\Gizmos\DowngradeGenetron_Gizmo_7.png","VanillaExpanded\vanillaquestsexpanded.generator\Textures\UI\Gizmos\DowngradeGenetron_Gizmo_7.png","22184","5BF0A4527FB9ABD4DF39A5DA5AC7E9CAAB6BF6573E5B1340E2248A985729AE9F"
"VanillaExpanded","vanillaquestsexpanded.generator","Vanilla Quests Expanded - The Generator","D:\Steam\steamapps\workshop\content\294100\3411401573","Textures\UI\Gizmos\DowngradeGenetron_Gizmo_8.png","VanillaExpanded\vanillaquestsexpanded.generator\Textures\UI\Gizmos\DowngradeGenetron_Gizmo_8.png","20903","3085B1FDF36AA7A96530578E022DAD3729774AED14C1D17E45C79C14239AAA75"
"VanillaExpanded","vanillaquestsexpanded.generator","Vanilla Quests Expanded - The Generator","D:\Steam\steamapps\workshop\content\294100\3411401573","Textures\UI\Gizmos\DowngradeGenetron_Gizmo_9.png","VanillaExpanded\vanillaquestsexpanded.generator\Textures\UI\Gizmos\DowngradeGenetron_Gizmo_9.png","20324","9EE7FEDA4843025E95C2E2D67E59F3B5412ABF122AB2C24463F652F56FBDECDA"
"VanillaExpanded","vanillaquestsexpanded.generator","Vanilla Quests Expanded - The Generator","D:\Steam\steamapps\workshop\content\294100\3411401573","Textures\UI\Gizmos\EmergencyShutDown_Gizmo.png","VanillaExpanded\vanillaquestsexpanded.generator\Textures\UI\Gizmos\EmergencyShutDown_Gizmo.png","8653","8C2EA63896527307C86E9AED71383B870A8693F3115AFD6143066A90EA5179D9"
"VanillaExpanded","vanillaquestsexpanded.generator","Vanilla Quests Expanded - The Generator","D:\Steam\steamapps\workshop\content\294100\3411401573","Textures\UI\Gizmos\FineTuneGenerator_Gizmo.png","VanillaExpanded\vanillaquestsexpanded.generator\Textures\UI\Gizmos\FineTuneGenerator_Gizmo.png","12620","063ECE0352B260DBC3C4F25C398B9C8CB54768B6C75A5E872630CCF89C176B09"
"VanillaExpanded","vanillaquestsexpanded.generator","Vanilla Quests Expanded - The Generator","D:\Steam\steamapps\workshop\content\294100\3411401573","Textures\UI\Gizmos\GeneratorOverdrive_Gizmo.png","VanillaExpanded\vanillaquestsexpanded.generator\Textures\UI\Gizmos\GeneratorOverdrive_Gizmo.png","12938","9792D3857A73D0B49F2C343A3F1E40689FB147D580B9FDFB27DC4AFF9A11A119"
"VanillaExpanded","vanillaquestsexpanded.generator","Vanilla Quests Expanded - The Generator","D:\Steam\steamapps\workshop\content\294100\3411401573","Textures\UI\Gizmos\HazardMode_Gizmo.png","VanillaExpanded\vanillaquestsexpanded.generator\Textures\UI\Gizmos\HazardMode_Gizmo.png","8518","1BE40E21CBE9452B01952BAC8E1B157E6D1218C0B93374D7997C285C112D2432"
"VanillaExpanded","vanillaquestsexpanded.generator","Vanilla Quests Expanded - The Generator","D:\Steam\steamapps\workshop\content\294100\3411401573","Textures\UI\Gizmos\PowerSurge_Gizmo.png","VanillaExpanded\vanillaquestsexpanded.generator\Textures\UI\Gizmos\PowerSurge_Gizmo.png","8914","639F4110EC6900DDA9321A7A9E73CBADD498C7ECA35B55CF47CBCC4B59AA22D6"
"VanillaExpanded","vanillaquestsexpanded.generator","Vanilla Quests Expanded - The Generator","D:\Steam\steamapps\workshop\content\294100\3411401573","Textures\UI\Gizmos\RestartGenetron_Gizmo.png","VanillaExpanded\vanillaquestsexpanded.generator\Textures\UI\Gizmos\RestartGenetron_Gizmo.png","9100","2EA1F8547D4C1E7077848DA9E6B13C7BE103090A1AD8296340FED9446AA412EC"
"VanillaExpanded","vanillaquestsexpanded.generator","Vanilla Quests Expanded - The Generator","D:\Steam\steamapps\workshop\content\294100\3411401573","Textures\UI\Gizmos\SafeMode_Gizmo.png","VanillaExpanded\vanillaquestsexpanded.generator\Textures\UI\Gizmos\SafeMode_Gizmo.png","8779","233AB02842AF73B0401E68DFD5141CA37363D6DAD036FDF9E3C19412D870EC02"
"VanillaExpanded","vanillaquestsexpanded.generator","Vanilla Quests Expanded - The Generator","D:\Steam\steamapps\workshop\content\294100\3411401573","Textures\UI\Gizmos\SetTargetUraniumLevel_Gizmo.png","VanillaExpanded\vanillaquestsexpanded.generator\Textures\UI\Gizmos\SetTargetUraniumLevel_Gizmo.png","8785","C0AE2EFE9773AEDD903DD3D70A6D6D5119FDBFBEC2F1CC5C10387290D77D3227"
"VanillaExpanded","vanillaquestsexpanded.generator","Vanilla Quests Expanded - The Generator","D:\Steam\steamapps\workshop\content\294100\3411401573","Textures\UI\Gizmos\SteamBoost_Gizmo.png","VanillaExpanded\vanillaquestsexpanded.generator\Textures\UI\Gizmos\SteamBoost_Gizmo.png","10769","4DAB950D2582F990E562A6963E058411A1E70AF5CEB21908C17E05A4B6E79624"
"VanillaExpanded","vanillaquestsexpanded.generator","Vanilla Quests Expanded - The Generator","D:\Steam\steamapps\workshop\content\294100\3411401573","Textures\UI\Gizmos\StudyAncientARCPrototype2_Gizmo.png","VanillaExpanded\vanillaquestsexpanded.generator\Textures\UI\Gizmos\StudyAncientARCPrototype2_Gizmo.png","32230","59CEF4FB70004E1E877A6A7FD54A2A1CBADD3E804648572AC0A9A64D95564C92"
"VanillaExpanded","vanillaquestsexpanded.generator","Vanilla Quests Expanded - The Generator","D:\Steam\steamapps\workshop\content\294100\3411401573","Textures\UI\Gizmos\StudyAncientARCPrototype3_Gizmo.png","VanillaExpanded\vanillaquestsexpanded.generator\Textures\UI\Gizmos\StudyAncientARCPrototype3_Gizmo.png","30569","237ECF19C84F354C52A9451B058E741A991FC5CED0C17C2C391C04057CCDD225"
"VanillaExpanded","vanillaquestsexpanded.generator","Vanilla Quests Expanded - The Generator","D:\Steam\steamapps\workshop\content\294100\3411401573","Textures\UI\Gizmos\StudyAncientFilingCabinet_Gizmo.png","VanillaExpanded\vanillaquestsexpanded.generator\Textures\UI\Gizmos\StudyAncientFilingCabinet_Gizmo.png","13270","DC4BD23A48F3168BD3C1AC491C147AB5E69DFE21C63D78854CE0F8AE41C0F54A"
"VanillaExpanded","vanillaquestsexpanded.generator","Vanilla Quests Expanded - The Generator","D:\Steam\steamapps\workshop\content\294100\3411401573","Textures\UI\Gizmos\StudyAncientGenetron_Gizmo.png","VanillaExpanded\vanillaquestsexpanded.generator\Textures\UI\Gizmos\StudyAncientGenetron_Gizmo.png","22732","43BE7BA4F0731FBA6EC26381AA853A2BBB559BF89BA677D201A1B11AD6B295D8"
"VanillaExpanded","vanillaquestsexpanded.generator","Vanilla Quests Expanded - The Generator","D:\Steam\steamapps\workshop\content\294100\3411401573","Textures\UI\Gizmos\StudyAncientGeothermalGenetron_Gizmo.png","VanillaExpanded\vanillaquestsexpanded.generator\Textures\UI\Gizmos\StudyAncientGeothermalGenetron_Gizmo.png","26893","394644B4667EB52246FBBE9869428F6287174F827DEEC2A4F5D643316E83D2FE"
"VanillaExpanded","vanillaquestsexpanded.generator","Vanilla Quests Expanded - The Generator","D:\Steam\steamapps\workshop\content\294100\3411401573","Textures\UI\Gizmos\StudyAncientResearchTerminal_Gizmo.png","VanillaExpanded\vanillaquestsexpanded.generator\Textures\UI\Gizmos\StudyAncientResearchTerminal_Gizmo.png","11252","26E1441FE16D7F4CAEC51B41D2BB6169D5993F3ED7745116190B7AC75B0F28E6"
"VanillaExpanded","vanillaquestsexpanded.generator","Vanilla Quests Expanded - The Generator","D:\Steam\steamapps\workshop\content\294100\3411401573","Textures\UI\Gizmos\StudyExperimentalARCModule_Gizmo.png","VanillaExpanded\vanillaquestsexpanded.generator\Textures\UI\Gizmos\StudyExperimentalARCModule_Gizmo.png","19584","56EB1B09D0CE1862271BE6E8CF96BA570124D165E38D6DC524092EB307441145"
"VanillaExpanded","vanillaquestsexpanded.generator","Vanilla Quests Expanded - The Generator","D:\Steam\steamapps\workshop\content\294100\3411401573","Textures\UI\Gizmos\StudyNuclearGenetronHusk_Gizmo.png","VanillaExpanded\vanillaquestsexpanded.generator\Textures\UI\Gizmos\StudyNuclearGenetronHusk_Gizmo.png","25174","94AD5215E09CA32C1D0355433DE291F7194353C6EAD7201379F17262BBA8489B"
"VanillaExpanded","vanillaquestsexpanded.generator","Vanilla Quests Expanded - The Generator","D:\Steam\steamapps\workshop\content\294100\3411401573","Textures\UI\Gizmos\TuneGenerator_Gizmo.png","VanillaExpanded\vanillaquestsexpanded.generator\Textures\UI\Gizmos\TuneGenerator_Gizmo.png","11012","7F93D096D34ED726E1F92C667E57549B829010AD8E5C57CF038F0B18B77D5598"
"VanillaExpanded","vanillaquestsexpanded.generator","Vanilla Quests Expanded - The Generator","D:\Steam\steamapps\workshop\content\294100\3411401573","Textures\UI\Gizmos\TunePressure_Gizmo.png","VanillaExpanded\vanillaquestsexpanded.generator\Textures\UI\Gizmos\TunePressure_Gizmo.png","10720","6F49A3410992A9C673FFFBB98463F63AAE3E60E6B6A569C033BD358151D459BB"
"VanillaExpanded","vanillaquestsexpanded.generator","Vanilla Quests Expanded - The Generator","D:\Steam\steamapps\workshop\content\294100\3411401573","Textures\UI\Gizmos\UpgradeGenetron_Gizmo_1.png","VanillaExpanded\vanillaquestsexpanded.generator\Textures\UI\Gizmos\UpgradeGenetron_Gizmo_1.png","17077","4FD006C3090F0158B75560BE2C4E20B864A3FA716CEC02B1A28EA1ED0A422790"
"VanillaExpanded","vanillaquestsexpanded.generator","Vanilla Quests Expanded - The Generator","D:\Steam\steamapps\workshop\content\294100\3411401573","Textures\UI\Gizmos\UpgradeGenetron_Gizmo_10.png","VanillaExpanded\vanillaquestsexpanded.generator\Textures\UI\Gizmos\UpgradeGenetron_Gizmo_10.png","20090","C74618B446BA5EC23AFBD6F39A324AE33DB8AACB98EBECAF485DFABAACFD7941"
"VanillaExpanded","vanillaquestsexpanded.generator","Vanilla Quests Expanded - The Generator","D:\Steam\steamapps\workshop\content\294100\3411401573","Textures\UI\Gizmos\UpgradeGenetron_Gizmo_11.png","VanillaExpanded\vanillaquestsexpanded.generator\Textures\UI\Gizmos\UpgradeGenetron_Gizmo_11.png","19378","5C7A02215A7C5C8FAAB4C3B587FFD6A7EB91F9D33882553B8E9236FC4DF1136C"
"VanillaExpanded","vanillaquestsexpanded.generator","Vanilla Quests Expanded - The Generator","D:\Steam\steamapps\workshop\content\294100\3411401573","Textures\UI\Gizmos\UpgradeGenetron_Gizmo_12.png","VanillaExpanded\vanillaquestsexpanded.generator\Textures\UI\Gizmos\UpgradeGenetron_Gizmo_12.png","20405","97155A1E2093DF2F7879DC6DD50346DC12A8C5F0508D58E6EBCF72EFFD60C852"
"VanillaExpanded","vanillaquestsexpanded.generator","Vanilla Quests Expanded - The Generator","D:\Steam\steamapps\workshop\content\294100\3411401573","Textures\UI\Gizmos\UpgradeGenetron_Gizmo_13.png","VanillaExpanded\vanillaquestsexpanded.generator\Textures\UI\Gizmos\UpgradeGenetron_Gizmo_13.png","22802","191AB1F47F50E02B9FD92C314000D52C334E3A68AD1A249CEF94B1AFA43DF742"
"VanillaExpanded","vanillaquestsexpanded.generator","Vanilla Quests Expanded - The Generator","D:\Steam\steamapps\workshop\content\294100\3411401573","Textures\UI\Gizmos\UpgradeGenetron_Gizmo_14.png","VanillaExpanded\vanillaquestsexpanded.generator\Textures\UI\Gizmos\UpgradeGenetron_Gizmo_14.png","22031","CAB9A4291208AE0E112DAE6D2A5C9D99EA983588AE40035BB8DE57089D110AC6"
"VanillaExpanded","vanillaquestsexpanded.generator","Vanilla Quests Expanded - The Generator","D:\Steam\steamapps\workshop\content\294100\3411401573","Textures\UI\Gizmos\UpgradeGenetron_Gizmo_15.png","VanillaExpanded\vanillaquestsexpanded.generator\Textures\UI\Gizmos\UpgradeGenetron_Gizmo_15.png","20704","C9D5506F5EB5E013EEA4C30DB292691C2FB34E0A06FCE3EC9BB0590020B8068B"
"VanillaExpanded","vanillaquestsexpanded.generator","Vanilla Quests Expanded - The Generator","D:\Steam\steamapps\workshop\content\294100\3411401573","Textures\UI\Gizmos\UpgradeGenetron_Gizmo_16.png","VanillaExpanded\vanillaquestsexpanded.generator\Textures\UI\Gizmos\UpgradeGenetron_Gizmo_16.png","20263","BC885A4F52073C2EA3FBC5856FE6A1C8BDB2AD9B68C7BAF694366A9FE21AB55F"
"VanillaExpanded","vanillaquestsexpanded.generator","Vanilla Quests Expanded - The Generator","D:\Steam\steamapps\workshop\content\294100\3411401573","Textures\UI\Gizmos\UpgradeGenetron_Gizmo_2.png","VanillaExpanded\vanillaquestsexpanded.generator\Textures\UI\Gizmos\UpgradeGenetron_Gizmo_2.png","17168","555BA7B918419632BA0E5B1329FC500BD000EDAFB7BE5EB1672409BF630A8C77"
"VanillaExpanded","vanillaquestsexpanded.generator","Vanilla Quests Expanded - The Generator","D:\Steam\steamapps\workshop\content\294100\3411401573","Textures\UI\Gizmos\UpgradeGenetron_Gizmo_3.png","VanillaExpanded\vanillaquestsexpanded.generator\Textures\UI\Gizmos\UpgradeGenetron_Gizmo_3.png","18599","25DBABC449059B23856D3EE7CE84651929C175E61AB7A9CDD884142A6698EA87"
"VanillaExpanded","vanillaquestsexpanded.generator","Vanilla Quests Expanded - The Generator","D:\Steam\steamapps\workshop\content\294100\3411401573","Textures\UI\Gizmos\UpgradeGenetron_Gizmo_4.png","VanillaExpanded\vanillaquestsexpanded.generator\Textures\UI\Gizmos\UpgradeGenetron_Gizmo_4.png","20954","1BF39055DB05B6277186D0C49200E81296A143D15C0CC2A567C7E230ADAFBB1C"
"VanillaExpanded","vanillaquestsexpanded.generator","Vanilla Quests Expanded - The Generator","D:\Steam\steamapps\workshop\content\294100\3411401573","Textures\UI\Gizmos\UpgradeGenetron_Gizmo_5.png","VanillaExpanded\vanillaquestsexpanded.generator\Textures\UI\Gizmos\UpgradeGenetron_Gizmo_5.png","20748","6B3EC17DE03360F0A4372D0B95A8DBC1A9535E87A5DA891EDA877748B648382D"
"VanillaExpanded","vanillaquestsexpanded.generator","Vanilla Quests Expanded - The Generator","D:\Steam\steamapps\workshop\content\294100\3411401573","Textures\UI\Gizmos\UpgradeGenetron_Gizmo_6.png","VanillaExpanded\vanillaquestsexpanded.generator\Textures\UI\Gizmos\UpgradeGenetron_Gizmo_6.png","20911","F9AEB11AFE5C03D51D7EEC61DD5E48FC623D3D317DAD4138D26F6362586B6F3B"
"VanillaExpanded","vanillaquestsexpanded.generator","Vanilla Quests Expanded - The Generator","D:\Steam\steamapps\workshop\content\294100\3411401573","Textures\UI\Gizmos\UpgradeGenetron_Gizmo_7.png","VanillaExpanded\vanillaquestsexpanded.generator\Textures\UI\Gizmos\UpgradeGenetron_Gizmo_7.png","22570","B93E9B7F4C412B71492CA119CB88A0D50D12C1FB6418A4B4543764F158B8FFF6"
"VanillaExpanded","vanillaquestsexpanded.generator","Vanilla Quests Expanded - The Generator","D:\Steam\steamapps\workshop\content\294100\3411401573","Textures\UI\Gizmos\UpgradeGenetron_Gizmo_8.png","VanillaExpanded\vanillaquestsexpanded.generator\Textures\UI\Gizmos\UpgradeGenetron_Gizmo_8.png","21273","B480EDDE40D6064593385F9016177979CB4CD7201607529AE28DC5B850EA7598"
"VanillaExpanded","vanillaquestsexpanded.generator","Vanilla Quests Expanded - The Generator","D:\Steam\steamapps\workshop\content\294100\3411401573","Textures\UI\Gizmos\UpgradeGenetron_Gizmo_9.png","VanillaExpanded\vanillaquestsexpanded.generator\Textures\UI\Gizmos\UpgradeGenetron_Gizmo_9.png","21004","A47B45E92391A8C6E6B5C0FB10A15204FDE8AFBD55928D8EC34583D995817E28"
"VanillaExpanded","vanillaquestsexpanded.generator","Vanilla Quests Expanded - The Generator","D:\Steam\steamapps\workshop\content\294100\3411401573","Textures\UI\Ideology\Issue_ARCGenerators.png","VanillaExpanded\vanillaquestsexpanded.generator\Textures\UI\Ideology\Issue_ARCGenerators.png","6153","FA132E08225571AC7E9EB71FAFD12B91456C31E485B64ECA396A676D8FE8BA2A"
"VanillaExpanded","vanillaquestsexpanded.generator","Vanilla Quests Expanded - The Generator","D:\Steam\steamapps\workshop\content\294100\3411401573","Textures\UI\Ideology\Issue_Technology.png","VanillaExpanded\vanillaquestsexpanded.generator\Textures\UI\Ideology\Issue_Technology.png","7353","3BAB104BF61A266453D093B106C8C67CB0AE1D7956194362DDBDAE21A0187681"
"VanillaExpanded","vanillaquestsexpanded.generator","Vanilla Quests Expanded - The Generator","D:\Steam\steamapps\workshop\content\294100\3411401573","Textures\UI\Ideology\Meme_Technophobia.png","VanillaExpanded\vanillaquestsexpanded.generator\Textures\UI\Ideology\Meme_Technophobia.png","15592","40557750230BB554A99F603053F9DFC3C2342DA8481FA293084BEF15446E3227"
"VanillaExpanded","vanillaquestsexpanded.generator","Vanilla Quests Expanded - The Generator","D:\Steam\steamapps\workshop\content\294100\3411401573","Textures\UI\QuestIcons\ARCConstructionSite.png","VanillaExpanded\vanillaquestsexpanded.generator\Textures\UI\QuestIcons\ARCConstructionSite.png","5281","C5C6A3C7982370B667E856A996C71F9D1A1867A755C45B53778ABEDA1DF682B6"
"VanillaExpanded","vanillaquestsexpanded.generator","Vanilla Quests Expanded - The Generator","D:\Steam\steamapps\workshop\content\294100\3411401573","Textures\UI\QuestIcons\ARCConstructionTown.png","VanillaExpanded\vanillaquestsexpanded.generator\Textures\UI\QuestIcons\ARCConstructionTown.png","4874","611986E23FF219E7F224CE800C6309A8F043BC336E9D1FA80A0C0CF75DD2017E"
"VanillaExpanded","vanillaquestsexpanded.generator","Vanilla Quests Expanded - The Generator","D:\Steam\steamapps\workshop\content\294100\3411401573","Textures\UI\QuestIcons\ARCInventorTomb.png","VanillaExpanded\vanillaquestsexpanded.generator\Textures\UI\QuestIcons\ARCInventorTomb.png","4819","329FDA873EF66AB7C86B604CB38A7E384087A4EE09A9A4BBFEB761F116980074"
"VanillaExpanded","vanillaquestsexpanded.generator","Vanilla Quests Expanded - The Generator","D:\Steam\steamapps\workshop\content\294100\3411401573","Textures\UI\QuestIcons\SideQuestARCSite.png","VanillaExpanded\vanillaquestsexpanded.generator\Textures\UI\QuestIcons\SideQuestARCSite.png","4956","7473AFAB096FF7F84F82DC38AEE6C8C7CB61A10F39276D1448D928424737462B"
"VanillaExpanded","vanillaquestsexpanded.generator","Vanilla Quests Expanded - The Generator","D:\Steam\steamapps\workshop\content\294100\3411401573","Textures\UI\QuestIcons\SideQuestARCSiteGeothermal.png","VanillaExpanded\vanillaquestsexpanded.generator\Textures\UI\QuestIcons\SideQuestARCSiteGeothermal.png","7551","EF410DB1207691F5BA6712F3DF01FC0C3987E771A2180840F0B6FE87B83C3ABD"
"VanillaExpanded","vanillaquestsexpanded.generator","Vanilla Quests Expanded - The Generator","D:\Steam\steamapps\workshop\content\294100\3411401573","Textures\UI\QuestIcons\SideQuestARCSiteNuclear.png","VanillaExpanded\vanillaquestsexpanded.generator\Textures\UI\QuestIcons\SideQuestARCSiteNuclear.png","7192","391DE6CF42ECD6BC7069E9687E41D560A532BC96F2A81B2596647493D775E784"
"VanillaExpanded","vanillaquestsexpanded.generator","Vanilla Quests Expanded - The Generator","D:\Steam\steamapps\workshop\content\294100\3411401573","Textures\UI\QuestIcons\WorshipfulARCSite.png","VanillaExpanded\vanillaquestsexpanded.generator\Textures\UI\QuestIcons\WorshipfulARCSite.png","8660","3C5E15DDB1CE0A20EB9D719170D15F341437D9FE8DB1D2A77FD798E4105F857F"
"VanillaExpanded","vanillaquestsexpanded.generator","Vanilla Quests Expanded - The Generator","D:\Steam\steamapps\workshop\content\294100\3411401573","Textures\UI\StudyGenetron_Overlay.png","VanillaExpanded\vanillaquestsexpanded.generator\Textures\UI\StudyGenetron_Overlay.png","9110","C92F955303DEA02C43AE5956BBAC7AF889F7A4DEB4CD0E1A637F015358AD49DD"
"VanillaExpanded","vanillaracesexpanded.sanguophage","Vanilla Races Expanded - Sanguophage","D:\Steam\steamapps\workshop\content\294100\2963116383","Textures\UI\Abilities\SanguophageEcstasy.png","VanillaExpanded\vanillaracesexpanded.sanguophage\Textures\UI\Abilities\SanguophageEcstasy.png","6764","E2B0AD9ED7A4ED2FCB9CFF4FB8FDA4731666B92D80B2CF5A248855D7D511560B"
"VanillaExpanded","vanillaracesexpanded.sanguophage","Vanilla Races Expanded - Sanguophage","D:\Steam\steamapps\workshop\content\294100\2963116383","Textures\UI\Abilities\SanguophageFilterInfection.png","VanillaExpanded\vanillaracesexpanded.sanguophage\Textures\UI\Abilities\SanguophageFilterInfection.png","4880","0783FB29A2E4C7ACF099A725307023A6C71CC3397AF40F214C5083B6EEC78FC0"
"VanillaExpanded","vanillaracesexpanded.sanguophage","Vanilla Races Expanded - Sanguophage","D:\Steam\steamapps\workshop\content\294100\2963116383","Textures\UI\Abilities\SanguophageHeartCrush.png","VanillaExpanded\vanillaracesexpanded.sanguophage\Textures\UI\Abilities\SanguophageHeartCrush.png","11012","196DCA761EE253CE0FEE587E4ECCBE41981B37B2DDA53D194724CFBEE93442AC"
"VanillaExpanded","vanillaracesexpanded.sanguophage","Vanilla Races Expanded - Sanguophage","D:\Steam\steamapps\workshop\content\294100\2963116383","Textures\UI\Abilities\SanguophageHemosmosis.png","VanillaExpanded\vanillaracesexpanded.sanguophage\Textures\UI\Abilities\SanguophageHemosmosis.png","5828","B6CF4EB4165C2097C4BC4D0CD374DD083FE34AA5429E1E06E94B811853F667C5"
"VanillaExpanded","vanillaracesexpanded.sanguophage","Vanilla Races Expanded - Sanguophage","D:\Steam\steamapps\workshop\content\294100\2963116383","Textures\UI\Abilities\SanguophageToxicCloud.png","VanillaExpanded\vanillaracesexpanded.sanguophage\Textures\UI\Abilities\SanguophageToxicCloud.png","5038","D2A72C38101AB64CB2C6C67CA42CF6594931C156C1DE440C63F28F08861FFF1C"
"VanillaExpanded","vanillaracesexpanded.sanguophage","Vanilla Races Expanded - Sanguophage","D:\Steam\steamapps\workshop\content\294100\2963116383","Textures\UI\Abilities\SanguophageViscousGoo.png","VanillaExpanded\vanillaracesexpanded.sanguophage\Textures\UI\Abilities\SanguophageViscousGoo.png","6403","460663B78ECD163D9B7415153BE055FC06BF11EF5C5B7A18D47D09EBF3C35499"
"VanillaExpanded","vanillaracesexpanded.sanguophage","Vanilla Races Expanded - Sanguophage","D:\Steam\steamapps\workshop\content\294100\2963116383","Textures\UI\Gizmos\VRE_BloodPipesDeconstruct.png","VanillaExpanded\vanillaracesexpanded.sanguophage\Textures\UI\Gizmos\VRE_BloodPipesDeconstruct.png","3414","3A8949F241AECB845884E37B4DF33ADBBBC1FF8D7CB3F00B9B76B5FC61AD3FD8"
"VanillaExpanded","vanillaracesexpanded.sanguophage","Vanilla Races Expanded - Sanguophage","D:\Steam\steamapps\workshop\content\294100\2963116383","Textures\UI\Gizmos\VRE_ExtractHemogen.png","VanillaExpanded\vanillaracesexpanded.sanguophage\Textures\UI\Gizmos\VRE_ExtractHemogen.png","3544","16F75244EAC6C09FEC5BADD390FD2C3E65946706E0418525A6C4606EE352B620"
"VanillaExpanded","vanillaracesexpanded.sanguophage","Vanilla Races Expanded - Sanguophage","D:\Steam\steamapps\workshop\content\294100\2963116383","Textures\UI\Icons\Genes\Gene_HairStyleSanguineOnly.png","VanillaExpanded\vanillaracesexpanded.sanguophage\Textures\UI\Icons\Genes\Gene_HairStyleSanguineOnly.png","4134","94AD4647216308C1F26A422790F93BB3314AC24EE7C09BF609A1B06EEA3E701F"
"VanillaExpanded","vanillaracesexpanded.sanguophage","Vanilla Races Expanded - Sanguophage","D:\Steam\steamapps\workshop\content\294100\2963116383","Textures\UI\Icons\Genes\Gene_SanguophageEcstasy.png","VanillaExpanded\vanillaracesexpanded.sanguophage\Textures\UI\Icons\Genes\Gene_SanguophageEcstasy.png","4188","29B3F9A4D0884CA068966F996E1D9F34AAF81E20DB192E5E2EDB85025394DAA3"
"VanillaExpanded","vanillaracesexpanded.sanguophage","Vanilla Races Expanded - Sanguophage","D:\Steam\steamapps\workshop\content\294100\2963116383","Textures\UI\Icons\Genes\Gene_SanguophageFilterInfection.png","VanillaExpanded\vanillaracesexpanded.sanguophage\Textures\UI\Icons\Genes\Gene_SanguophageFilterInfection.png","3365","7CF2123BF962E6FDE71F3A141BDE7D29227A1D8DB6E6BFD72A84B02928620566"
"VanillaExpanded","vanillaracesexpanded.sanguophage","Vanilla Races Expanded - Sanguophage","D:\Steam\steamapps\workshop\content\294100\2963116383","Textures\UI\Icons\Genes\Gene_SanguophageHeartCrush.png","VanillaExpanded\vanillaracesexpanded.sanguophage\Textures\UI\Icons\Genes\Gene_SanguophageHeartCrush.png","3565","CC2BEA52D0B21E19BF42EED2DDF4ECDD11650DD14017E1BCBFCA30A1F89BD393"
"VanillaExpanded","vanillaracesexpanded.sanguophage","Vanilla Races Expanded - Sanguophage","D:\Steam\steamapps\workshop\content\294100\2963116383","Textures\UI\Icons\Genes\Gene_SanguophageHemosmosis.png","VanillaExpanded\vanillaracesexpanded.sanguophage\Textures\UI\Icons\Genes\Gene_SanguophageHemosmosis.png","4718","6D7A232CB4643F12DA9C91BA425C84E8C177D248DFD4DEB4AC2CAA6230807223"
"VanillaExpanded","vanillaracesexpanded.sanguophage","Vanilla Races Expanded - Sanguophage","D:\Steam\steamapps\workshop\content\294100\2963116383","Textures\UI\Icons\Genes\Gene_SanguophageToxicCloud.png","VanillaExpanded\vanillaracesexpanded.sanguophage\Textures\UI\Icons\Genes\Gene_SanguophageToxicCloud.png","3334","364F1AF5AA0D83593ACE857FE02FCD608D4EE3DEBC6BF8C1DCE1123CE75A4EF6"
"VanillaExpanded","vanillaracesexpanded.sanguophage","Vanilla Races Expanded - Sanguophage","D:\Steam\steamapps\workshop\content\294100\2963116383","Textures\UI\Icons\Genes\Gene_SanguophageViscousGoo.png","VanillaExpanded\vanillaracesexpanded.sanguophage\Textures\UI\Icons\Genes\Gene_SanguophageViscousGoo.png","3279","ADDD50F139739ED1A04FFF681BA6B2D5ABCEACBAC373C76E86141CD43E0B0FD3"
"VanillaExpanded","vanillaracesexpanded.sanguophage","Vanilla Races Expanded - Sanguophage","D:\Steam\steamapps\workshop\content\294100\2963116383","Textures\UI\Icons\Genes\VRE_AnimalFeeder.png","VanillaExpanded\vanillaracesexpanded.sanguophage\Textures\UI\Icons\Genes\VRE_AnimalFeeder.png","3810","BFEB2D298590F1D8C84EA614D7BCBEC1DB6283F203527F4BECD3D78C496E56AD"
"VanillaExpanded","vanillaracesexpanded.sanguophage","Vanilla Races Expanded - Sanguophage","D:\Steam\steamapps\workshop\content\294100\2963116383","Textures\UI\Icons\Genes\VRE_BatEars.png","VanillaExpanded\vanillaracesexpanded.sanguophage\Textures\UI\Icons\Genes\VRE_BatEars.png","2512","4D196C8F74939E6FFAC588D36460D08F9CC275B0FCBF59AE75B0D68DCB269A8D"
"VanillaExpanded","vanillaracesexpanded.sanguophage","Vanilla Races Expanded - Sanguophage","D:\Steam\steamapps\workshop\content\294100\2963116383","Textures\UI\Icons\Genes\VRE_BatNose.png","VanillaExpanded\vanillaracesexpanded.sanguophage\Textures\UI\Icons\Genes\VRE_BatNose.png","3632","ED077E35FDDB2E3EB3FAB291C38942AFA63160F1C415D9A809714FE855C32E21"
"VanillaExpanded","vanillaracesexpanded.sanguophage","Vanilla Races Expanded - Sanguophage","D:\Steam\steamapps\workshop\content\294100\2963116383","Textures\UI\Icons\Genes\VRE_BatWings.png","VanillaExpanded\vanillaracesexpanded.sanguophage\Textures\UI\Icons\Genes\VRE_BatWings.png","3485","77F925AF098B4D441CF2D1025339042C2AE6912487423121083E4CEDA000B409"
"VanillaExpanded","vanillaracesexpanded.sanguophage","Vanilla Races Expanded - Sanguophage","D:\Steam\steamapps\workshop\content\294100\2963116383","Textures\UI\Icons\Genes\VRE_CorpseFeeder.png","VanillaExpanded\vanillaracesexpanded.sanguophage\Textures\UI\Icons\Genes\VRE_CorpseFeeder.png","3835","6E8B4E77F7429ED30BA870F25EFA18A4CB6C04F7235CF08C104BA16947FE1673"
"VanillaExpanded","vanillaracesexpanded.sanguophage","Vanilla Races Expanded - Sanguophage","D:\Steam\steamapps\workshop\content\294100\2963116383","Textures\UI\Icons\Genes\VRE_DangerousUVSensitivity.png","VanillaExpanded\vanillaracesexpanded.sanguophage\Textures\UI\Icons\Genes\VRE_DangerousUVSensitivity.png","6689","1055C147606053A9D7AAF9DEBD50D223F7AC5BFB24185CAD5F0F24FD5CA8D2ED"
"VanillaExpanded","vanillaracesexpanded.sanguophage","Vanilla Races Expanded - Sanguophage","D:\Steam\steamapps\workshop\content\294100\2963116383","Textures\UI\Icons\Genes\VRE_ExtremeHemogenDrain.png","VanillaExpanded\vanillaracesexpanded.sanguophage\Textures\UI\Icons\Genes\VRE_ExtremeHemogenDrain.png","5118","9E607A8A8622F1DBEB28C3E65ECD38D19CB37BD709CD268887122B0AB40A044A"
"VanillaExpanded","vanillaracesexpanded.sanguophage","Vanilla Races Expanded - Sanguophage","D:\Steam\steamapps\workshop\content\294100\2963116383","Textures\UI\Icons\Genes\VRE_LowHemogenDrain.png","VanillaExpanded\vanillaracesexpanded.sanguophage\Textures\UI\Icons\Genes\VRE_LowHemogenDrain.png","3316","F20B3B53F768CE4E2421845C36B8C357D84418A303EE1970E8815CEAC1725605"
"VanillaExpanded","vanillaracesexpanded.sanguophage","Vanilla Races Expanded - Sanguophage","D:\Steam\steamapps\workshop\content\294100\2963116383","Textures\UI\Icons\Genes\VRE_SanguoFeeder.png","VanillaExpanded\vanillaracesexpanded.sanguophage\Textures\UI\Icons\Genes\VRE_SanguoFeeder.png","3845","7489554D93F49A6CB38BDF7F1A8633954727E9F847CC6FD9DEC2697150CC9257"
"VanillaExpanded","vanillaracesexpanded.sanguophage","Vanilla Races Expanded - Sanguophage","D:\Steam\steamapps\workshop\content\294100\2963116383","Textures\UI\Icons\Genes\VRE_Talons.png","VanillaExpanded\vanillaracesexpanded.sanguophage\Textures\UI\Icons\Genes\VRE_Talons.png","2204","F9DBE7260CEEBDCA4C955227C8D1AE77D211E490B7A7AC40941097D8BC92AB7B"
"VanillaExpanded","vanillaracesexpanded.sanguophage","Vanilla Races Expanded - Sanguophage","D:\Steam\steamapps\workshop\content\294100\2963116383","Textures\UI\Icons\Genes\VRE_UpperBatEarIcon.png","VanillaExpanded\vanillaracesexpanded.sanguophage\Textures\UI\Icons\Genes\VRE_UpperBatEarIcon.png","3679","B942D88E451D58825E573AA9C69B07205D9977350A0B1727C90D8D01193A21E9"
"VanillaExpanded","vanillaracesexpanded.sanguophage","Vanilla Races Expanded - Sanguophage","D:\Steam\steamapps\workshop\content\294100\2963116383","Textures\UI\Widgets\AbilityButBG_Red.png","VanillaExpanded\vanillaracesexpanded.sanguophage\Textures\UI\Widgets\AbilityButBG_Red.png","6856","044CB874554B4144EF3CC52E694807F06352DED79FD5288423F9957F8FBC9974"
"VanillaExpanded","vanillaracesexpanded.sanguophage","Vanilla Races Expanded - Sanguophage","D:\Steam\steamapps\workshop\content\294100\2963116383","Textures\UI\Widgets\AbilityButBGShrunk_Red.png","VanillaExpanded\vanillaracesexpanded.sanguophage\Textures\UI\Widgets\AbilityButBGShrunk_Red.png","4167","7013A0762347E9D0B5CD0DBAB4CD30057910ABA2A891C3E9A306C72A24FD7577"
"VanillaExpanded","vanillaracesexpanded.sanguophage","Vanilla Races Expanded - Sanguophage","D:\Steam\steamapps\workshop\content\294100\2963116383","Textures\UI\Widgets\EjectFromDraincasket.png","VanillaExpanded\vanillaracesexpanded.sanguophage\Textures\UI\Widgets\EjectFromDraincasket.png","5969","87CC75B42B2EE5E6F177E343A89FC1116879301CD2D0E210095801AC5105AFE1"
"VanillaExpanded","vanillaracesexpanded.sanguophage","Vanilla Races Expanded - Sanguophage","D:\Steam\steamapps\workshop\content\294100\2963116383","Textures\UI\XenotypeIcons\Bruxa.png","VanillaExpanded\vanillaracesexpanded.sanguophage\Textures\UI\XenotypeIcons\Bruxa.png","1280","27FB783CC861798A8407541264DD17F30F026FA01B939B5871F1026CF06E3914"
"VanillaExpanded","vanillaracesexpanded.sanguophage","Vanilla Races Expanded - Sanguophage","D:\Steam\steamapps\workshop\content\294100\2963116383","Textures\UI\XenotypeIcons\Ekkimian.png","VanillaExpanded\vanillaracesexpanded.sanguophage\Textures\UI\XenotypeIcons\Ekkimian.png","1379","E56B5C1659AAC3FB92DA8C14B63317F50342D7C2841947507443A6FE4EB6F089"
"VanillaExpanded","vanillaracesexpanded.sanguophage","Vanilla Races Expanded - Sanguophage","D:\Steam\steamapps\workshop\content\294100\2963116383","Textures\UI\XenotypeIcons\Strigoi.png","VanillaExpanded\vanillaracesexpanded.sanguophage\Textures\UI\XenotypeIcons\Strigoi.png","1428","E8FFFB7D90840CB1E186452DF17AB18968107A133C96441029A8A2C5A8F16AEF"
